"id_block" "species" "sample_size" "slope_temperature" "slope_rainfall" "abs_slope_temperature" "abs_slope_rainfall" "fam_sys_known50" "fam_sys_inferred50" "coop_num" "hand_wing_index" "migration" "mass" "logmass" "latitude" "abs_latitude"
"1" "1000_1" "Spatula_clypeata" 24 -0.424883224175333 0.139043133187333 0.424883224175333 0.139043133187333 "no_fam" "1_no_fam" 1 58 3 612.6 6.41771219439867 20 20
"2" "1000006_1" "Geronticus_eremita" 12 -0.103148939082667 0.0267444632107 0.103148939082667 0.0267444632107 "family" "2_family" 2 42.8 3 1202 7.09174211509515 30.08333 30.08333
"3" "1006_1" "Anas_platyrhynchos" 24 -0.139957672514233 0.0321780158089 0.139957672514233 0.0321780158089 "no_fam" "1_no_fam" 1 50.7 2 843.4 6.73744134131246 20 20
"4" "1011_1" "Spatula_discors" 24 -0.118749266757867 -0.0568680760764 0.118749266757867 0.0568680760764 "no_fam" "1_no_fam" 1 53.8 3 359.4 5.88443597434946 26 26
"5" "1012_1" "Anas_fulvigula" 24 -0.0970255226023333 0.00310911869462 0.0970255226023333 0.00310911869462 "no_fam" "1_no_fam" 1 48.8 2 843.4 6.73744134131246 20 20
"6" "10129_3" "Pygoscelis_adeliae" 11 -0.15050566944 -0.0333626274364 0.15050566944 0.0333626274364 "no_fam" "1_no_fam" 1 7.4 2 4847.7 8.48625964464631 -62.22 62.22
"7" "1015_1" "Anas_platyrhynchos" 15 -0.013177588596 0.0217525598885333 0.013177588596 0.0217525598885333 "no_fam" "1_no_fam" 1 50.7 2 843.4 6.73744134131246 20 20
"8" "10190_1" "Aptenodytes_forsteri" 43 -0.0691521379346667 -0.0361659387151333 0.0691521379346667 0.0361659387151333 "no_fam" "1_no_fam" 1 3.7 2 33569.3 10.4213672378055 -66.66667 66.66667
"9" "10199_1" "Pygoscelis_papua" 14 0.0794349561804667 -0.0248547569065767 0.0794349561804667 0.0248547569065767 "no_fam" "1_no_fam" 1 5 2 5933 8.68828526625864 -46.90333 46.90333
"10" "1020_1" "Mareca_strepera" 24 -0.0771556751873333 0.00815799552916667 0.0771556751873333 0.00815799552916667 "no_fam" "1_no_fam" 1 54.8 2 915.6 6.81957958807841 20 20
"11" "10200_4" "Eudyptes_chrysolophus" 15 0.187386052160333 0.027674746384 0.187386052160333 0.027674746384 "no_fam" "1_no_fam" 1 5.8 2 4485.1 8.40851607078837 -46.90333 46.90333
"12" "10201_1" "Eudyptes_chrysolophus" 25 0.0191669955158333 0.00521182488231333 0.0191669955158333 0.00521182488231333 "no_fam" "1_no_fam" 1 5.8 2 4485.1 8.40851607078837 -46.90333 46.90333
"13" "10205_1" "Eudyptes_chrysolophus" 25 -0.248450953883 -0.0218565860618333 0.248450953883 0.0218565860618333 "no_fam" "1_no_fam" 1 5.8 2 4485.1 8.40851607078837 -46.90333 46.90333
"14" "10206_1" "Eudyptes_chrysolophus" 25 -0.128311308151833 0.0141970670538133 0.128311308151833 0.0141970670538133 "no_fam" "1_no_fam" 1 5.8 2 4485.1 8.40851607078837 -46.90333 46.90333
"15" "10207_1" "Eudyptes_chrysolophus" 25 -0.0843834834166667 -0.0791779946808 0.0843834834166667 0.0791779946808 "no_fam" "1_no_fam" 1 5.8 2 4485.1 8.40851607078837 -46.90333 46.90333
"16" "10208_1" "Eudyptes_chrysocome" 21 -0.0561123293715333 0.00516649232466667 0.0561123293715333 0.00516649232466667 "no_fam" "1_no_fam" 1 6.5 2 2327.9 7.75272185260226 -46.90333 46.90333
"17" "10209_1" "Eudyptes_chrysocome" 21 0.0498679713699333 0.0268345616608667 0.0498679713699333 0.0268345616608667 "no_fam" "1_no_fam" 1 6.5 2 2327.9 7.75272185260226 -46.90333 46.90333
"18" "10211_1" "Pygoscelis_papua" 27 0.234694198921667 0.0686045787232667 0.234694198921667 0.0686045787232667 "no_fam" "1_no_fam" 1 5 2 5933 8.68828526625864 -54.00444 54.00444
"19" "10219_2" "Pygoscelis_adeliae" 24 -0.00549260419916667 -0.00982714552063333 0.00549260419916667 0.00982714552063333 "no_fam" "1_no_fam" 1 7.4 2 4847.7 8.48625964464631 -69.02639 69.02639
"20" "1022_1" "Aythya_affinis" 24 0.280240688357667 -0.0553526460957333 0.280240688357667 0.0553526460957333 "no_fam" "1_no_fam" 1 51 3 819.5 6.70869439818388 20 20
"21" "10220_6" "Pygoscelis_adeliae" 24 0.0894095638991667 0.169531095821333 0.0894095638991667 0.169531095821333 "no_fam" "1_no_fam" 1 7.4 2 4847.7 8.48625964464631 -69.01667 69.01667
"22" "10221_5" "Pygoscelis_adeliae" 9 -0.185168592594933 -0.100271399637333 0.185168592594933 0.100271399637333 "no_fam" "1_no_fam" 1 7.4 2 4847.7 8.48625964464631 -69.04083 69.04083
"23" "10222_2" "Pygoscelis_adeliae" 22 0.0313914268760667 0.0318640877473333 0.0313914268760667 0.0318640877473333 "no_fam" "1_no_fam" 1 7.4 2 4847.7 8.48625964464631 -69.14167 69.14167
"24" "10224_5" "Pygoscelis_adeliae" 10 -0.181266134171667 -0.311326718654367 0.181266134171667 0.311326718654367 "no_fam" "1_no_fam" 1 7.4 2 4847.7 8.48625964464631 -69.25 69.25
"25" "10225_3" "Pygoscelis_adeliae" 16 -0.0236598938512667 -0.0956679480225333 0.0236598938512667 0.0956679480225333 "no_fam" "1_no_fam" 1 7.4 2 4847.7 8.48625964464631 -69.19167 69.19167
"26" "10226_4" "Pygoscelis_adeliae" 11 -0.0552606201217333 -0.0184846368608667 0.0552606201217333 0.0184846368608667 "no_fam" "1_no_fam" 1 7.4 2 4847.7 8.48625964464631 -69.20833 69.20833
"27" "10229_1" "Spheniscus_demersus" 18 -0.0336803119492667 -0.0697465671192333 0.0336803119492667 0.0697465671192333 "no_fam" "1_no_fam" 1 3.7 2 3130.1 8.04882023190563 -34.18333 34.18333
"28" "10231_3" "Pygoscelis_antarcticus" 11 -0.04684186883915 -0.0235387853343767 0.04684186883915 0.0235387853343767 "no_fam" "1_no_fam" 1 4.8 2 4146.1 8.32992341233823 -64.77 64.77
"29" "1025_1" "Aythya_americana" 24 0.0679389032893333 -0.0418324556520467 0.0679389032893333 0.0418324556520467 "no_fam" "1_no_fam" 1 46 3 1075.7 6.98072689143796 20 20
"30" "1026_1" "Aythya_collaris" 24 0.1705499420497 0.005246665037 0.1705499420497 0.005246665037 "no_fam" "1_no_fam" 1 48.2 3 704.6 6.55763026590714 20 20
"31" "10283_3" "Pygoscelis_adeliae" 17 -0.0844556144242533 -0.01496657782404 0.0844556144242533 0.01496657782404 "no_fam" "1_no_fam" 1 7.4 2 4847.7 8.48625964464631 -64.767 64.767
"32" "1030_1" "Aythya_valisineria" 24 0.450113158495667 -0.0631270116475667 0.450113158495667 0.0631270116475667 "no_fam" "1_no_fam" 1 42 3 1202 7.09174211509515 20 20
"33" "1033_1" "Bucephala_albeola" 24 0.1989400279602 0.00296852443641 0.1989400279602 0.00296852443641 "no_fam" "1_no_fam" 1 47.4 3 397.5 5.98519493409439 20 20
"34" "10331_3" "Spheniscus_demersus" 18 -0.3606818885044 -0.139605268453667 0.3606818885044 0.139605268453667 "no_fam" "1_no_fam" 1 3.7 2 3130.1 8.04882023190563 -32.08306 32.08306
"35" "10333_3" "Spheniscus_demersus" 18 -0.0863985575134333 0.0562494407932 0.0863985575134333 0.0562494407932 "no_fam" "1_no_fam" 1 3.7 2 3130.1 8.04882023190563 -33.41667 33.41667
"36" "10334_2" "Spheniscus_demersus" 20 -0.0327304991436 0.0728897715141333 0.0327304991436 0.0728897715141333 "no_fam" "1_no_fam" 1 3.7 2 3130.1 8.04882023190563 -34.68333 34.68333
"37" "10335_3" "Spheniscus_demersus" 18 -0.709785497283333 0.235843924503667 0.709785497283333 0.235843924503667 "no_fam" "1_no_fam" 1 3.7 2 3130.1 8.04882023190563 -34.68333 34.68333
"38" "10337_3" "Spheniscus_demersus" 18 -0.191486405243933 -0.0065018017533 0.191486405243933 0.0065018017533 "no_fam" "1_no_fam" 1 3.7 2 3130.1 8.04882023190563 -33.08278 33.08278
"39" "10338_3" "Spheniscus_demersus" 18 -0.0444001247493333 0.0508443701175 0.0444001247493333 0.0508443701175 "no_fam" "1_no_fam" 1 3.7 2 3130.1 8.04882023190563 -33.0525 33.0525
"40" "10339_3" "Spheniscus_demersus" 18 0.485222467394667 0.0643578896161767 0.485222467394667 0.0643578896161767 "no_fam" "1_no_fam" 1 3.7 2 3130.1 8.04882023190563 -33.03639 33.03639
"41" "10342_3" "Spheniscus_demersus" 18 0.0679100275438367 0.0241411400976667 0.0679100275438367 0.0241411400976667 "no_fam" "1_no_fam" 1 3.7 2 3130.1 8.04882023190563 -34.137483 34.137483
"42" "10345_1" "Spheniscus_demersus" 18 -0.255385083934667 -0.0196277217418333 0.255385083934667 0.0196277217418333 "no_fam" "1_no_fam" 1 3.7 2 3130.1 8.04882023190563 -34.36667 34.36667
"43" "10346_3" "Spheniscus_demersus" 18 -0.243770058500667 0.03543101910926 0.243770058500667 0.03543101910926 "no_fam" "1_no_fam" 1 3.7 2 3130.1 8.04882023190563 -33.1525 33.1525
"44" "10359_1" "Spheniscus_demersus" 26 -0.0588990252373333 0.00478339311206667 0.0588990252373333 0.00478339311206667 "no_fam" "1_no_fam" 1 3.7 2 3130.1 8.04882023190563 -33.8 33.8
"45" "10374_1" "Sturnus_vulgaris" 13 -0.239287503299333 -0.0443120261066 0.239287503299333 0.0443120261066 "no_fam" "1_no_fam" 1 38.4 2 77.1 4.34510328056928 60.53333 60.53333
"46" "10380_1" "Sturnus_vulgaris" 11 -0.0170261507838333 -0.223062887156933 0.0170261507838333 0.223062887156933 "no_fam" "1_no_fam" 1 38.4 2 77.1 4.34510328056928 64.75 64.75
"47" "1041_1" "Dendrocygna_autumnalis" 20 -0.0248961810066667 -0.0713546731244667 0.0248961810066667 0.0713546731244667 "family" "2_family" 2 32.7 2 755.3 6.6271150213194 26 26
"48" "10415_3" "Atrichornis_clamosus" 12 -0.0083836112349 -0.03477347267336 0.0083836112349 0.03477347267336 "family" "2_family" 2 6 1 42.2 3.74242022104197 -34.8 34.8
"49" "1042_1" "Dendrocygna_bicolor" 24 0.0356585028120333 0.0284097489365 0.0356585028120333 0.0284097489365 "no_fam" "1_no_fam" 1 29.7 2 756.4 6.6285703367843 26 26
"50" "10430_1" "Ciconia_ciconia" 27 -0.0447765982737667 -0.0272758379265967 0.0447765982737667 0.0272758379265967 NA NA NA 45.9 3 3445.8 8.14491137709831 58.66667 58.66667
"51" "10436_1" "Aegypius_monachus" 21 -0.0056784977326 -0.00393541351948 0.0056784977326 0.00393541351948 NA NA NA 41.1 1 9320.6 9.13998228328989 41.14972 41.14972
"52" "10458_1" "Bubo_bubo" 19 -0.00206659308316 -0.00150567289472467 0.00206659308316 0.00150567289472467 "no_fam" "1_no_fam" 1 33 1 2668.5 7.889271795774 46.03472 46.03472
"53" "10459_1" "Bubo_bubo" 9 -0.0378640309327 -0.00561607232497333 0.0378640309327 0.00561607232497333 "no_fam" "1_no_fam" 1 33 1 2668.5 7.889271795774 51.96667 51.96667
"54" "10464_1" "Bubo_bubo" 22 0.0148006925337333 -0.002925417751 0.0148006925337333 0.002925417751 "no_fam" "1_no_fam" 1 33 1 2668.5 7.889271795774 50.76389 50.76389
"55" "10465_3" "Bubo_bubo" 10 -0.0203921686328333 -0.0106160839038333 0.0203921686328333 0.0106160839038333 "no_fam" "1_no_fam" 1 33 1 2668.5 7.889271795774 54.44528 54.44528
"56" "10467_1" "Bubo_bubo" 17 0.242906784249667 -0.0458677562191667 0.242906784249667 0.0458677562191667 "no_fam" "1_no_fam" 1 33 1 2668.5 7.889271795774 53.77917 53.77917
"57" "10469_1" "Ciconia_nigra" 27 0.04926731277544 -0.0354502829815 0.04926731277544 0.0354502829815 NA "1_no_fam" 1 43.1 3 2926 7.98139158158007 51.96722 51.96722
"58" "10470_2" "Pandion_haliaetus" 16 -0.0276796366134667 0.0194340961144 0.0276796366134667 0.0194340961144 "no_fam" "1_no_fam" 1 44.9 3 1483.2 7.30195719481159 51.96722 51.96722
"59" "10471_1" "Haliaeetus_albicilla" 32 0.104346119982333 -0.0630956479823333 0.104346119982333 0.0630956479823333 "no_fam" "1_no_fam" 1 38 2 4729.3 8.46153247899081 51.96722 51.96722
"60" "10478_1" "Bubo_bubo" 49 0.00313172766658 0.0386790908027333 0.00313172766658 0.0386790908027333 "no_fam" "1_no_fam" 1 33 1 2668.5 7.889271795774 50.92 50.92
"61" "10479_1" "Bubo_bubo" 15 0.0665388536546667 0.0668114581787 0.0665388536546667 0.0668114581787 "no_fam" "1_no_fam" 1 33 1 2668.5 7.889271795774 50.88333 50.88333
"62" "10479_2" "Bubo_bubo" 27 -0.0966360740002333 -0.109313820804333 0.0966360740002333 0.109313820804333 "no_fam" "1_no_fam" 1 33 1 2668.5 7.889271795774 50.88333 50.88333
"63" "1048_1" "Grus_americana" 19 -0.0471143016560667 -0.00410050289361667 0.0471143016560667 0.00410050289361667 "family" "2_family" 2 42.7 3 5826 8.67008593751938 27.86083 27.86083
"64" "1048_2" "Grus_americana" 10 0.170714123728667 0.0207582783577333 0.170714123728667 0.0207582783577333 "family" "2_family" 2 42.7 3 5826 8.67008593751938 27.86083 27.86083
"65" "10480_1" "Grus_grus" 17 0.136387602468667 -0.0195759504679867 0.136387602468667 0.0195759504679867 "family" "2_family" 2 43 3 5500 8.61250337122056 47.53333 47.53333
"66" "10481_2" "Gyps_fulvus" 9 0.228128756464333 -0.0291917139905667 0.228128756464333 0.0291917139905667 "no_fam" "1_no_fam" 1 39.2 1 7436 8.91408834884133 44.35 44.35
"67" "10482_1" "Strix_nebulosa" 19 0.317455862180667 0.169218187887333 0.317455862180667 0.169218187887333 "family" "2_family" 2 31.9 1 1061.9 6.9678150354098 64.21667 64.21667
"68" "1049_1" "Grus_americana" 26 0.075025308732 0.0432537748511667 0.075025308732 0.0432537748511667 "family" "2_family" 2 42.7 3 5826 8.67008593751938 34.47389 34.47389
"69" "10501_1" "Gypaetus_barbatus" 24 -0.00180265176649967 -0.000514469796589667 0.00180265176649967 0.000514469796589667 "family" "2_family" 2 49.5 2 5695 8.64734387588128 42.616667 42.616667
"70" "10508_1" "Aegypius_monachus" 13 0.199708121598833 -0.0996360141366667 0.199708121598833 0.0996360141366667 NA NA NA 41.1 1 9320.6 9.13998228328989 43.93333 43.93333
"71" "10518_2" "Aegypius_monachus" 9 -0.0197930172605967 0.00906808592256667 0.0197930172605967 0.00906808592256667 NA NA NA 41.1 1 9320.6 9.13998228328989 40.6875 40.6875
"72" "10521_2" "Elanus_caeruleus" 18 -0.347022988692067 -0.00630302123566667 0.347022988692067 0.00630302123566667 "no_fam" "1_no_fam" 1 45.2 2 259.8 5.5599121042365 44.69806 44.69806
"73" "10526_1" "Aquila_heliaca" 24 0.00392848078606667 -0.003520483752598 0.00392848078606667 0.003520483752598 "family" "2_family" 2 39.5 3 3125.2 8.04725356012259 46.86028 46.86028
"74" "10529_1" "Aquila_heliaca" 21 -0.0147391500720667 0.0207125201893 0.0147391500720667 0.0207125201893 "family" "2_family" 2 39.5 3 3125.2 8.04725356012259 48.72806 48.72806
"75" "10533_3" "Bubo_bubo" 13 0.129359651881 -0.0238256771237733 0.129359651881 0.0238256771237733 "no_fam" "1_no_fam" 1 33 1 2668.5 7.889271795774 50.88194 50.88194
"76" "10535_1" "Bubo_bubo" 25 -0.00277659838068667 -0.00436127380536333 0.00277659838068667 0.00436127380536333 "no_fam" "1_no_fam" 1 33 1 2668.5 7.889271795774 50.88194 50.88194
"77" "10550_1" "Gypaetus_barbatus" 9 -0.335225898812 0.0151227020306333 0.335225898812 0.0151227020306333 "family" "2_family" 2 49.5 2 5695 8.64734387588128 46.00833 46.00833
"78" "10573_1" "Fulica_americana" 25 0.0397805907636333 0.0111651685335667 0.0397805907636333 0.0111651685335667 "no_fam" "1_no_fam" 1 36.3 2 636.7 6.45629858702298 19 19
"79" "10587_2" "Strix_nebulosa" 16 -0.179963363941333 0.65674873322 0.179963363941333 0.65674873322 "family" "2_family" 2 31.9 1 1061.9 6.9678150354098 66.23333 66.23333
"80" "10587_3" "Strix_nebulosa" 9 -1.21961843166333 0.086911653418 1.21961843166333 0.086911653418 "family" "2_family" 2 31.9 1 1061.9 6.9678150354098 66.23333 66.23333
"81" "10616_1" "Gyps_fulvus" 19 0.0589388289386667 -0.01306450405742 0.0589388289386667 0.01306450405742 "no_fam" "1_no_fam" 1 39.2 1 7436 8.91408834884133 40.55833 40.55833
"82" "10645_1" "Pandion_haliaetus" 30 -0.10375192284443 0.0298264133535333 0.10375192284443 0.0298264133535333 "no_fam" "1_no_fam" 1 44.9 3 1483.2 7.30195719481159 42.06667 42.06667
"83" "10649_3" "Gyps_fulvus" 19 -0.00686809434526667 0.0210695250612667 0.00686809434526667 0.0210695250612667 "no_fam" "1_no_fam" 1 39.2 1 7436 8.91408834884133 40.23333 40.23333
"84" "10664_1" "Gyps_fulvus" 19 0.0810564490100667 -0.0216673425747667 0.0810564490100667 0.0216673425747667 "no_fam" "1_no_fam" 1 39.2 1 7436 8.91408834884133 41.58333 41.58333
"85" "10666_1" "Gyps_fulvus" 17 -0.00153563892 -0.0244218102214 0.00153563892 0.0244218102214 "no_fam" "1_no_fam" 1 39.2 1 7436 8.91408834884133 46.23333 46.23333
"86" "10669_1" "Bubo_bubo" 32 -0.00165541522176667 0.0265638198402333 0.00165541522176667 0.0265638198402333 "no_fam" "1_no_fam" 1 33 1 2668.5 7.889271795774 50.63806 50.63806
"87" "1067_1" "Oxyura_jamaicensis" 24 -0.293473137682 0.102547627760667 0.293473137682 0.102547627760667 "no_fam" "1_no_fam" 1 41.9 1 608.2 6.41050377524326 20 20
"88" "10670_1" "Falco_peregrinus" 28 0.0111515548549 -0.00046209124246 0.0111515548549 0.00046209124246 "family" "2_family" 2 52.2 2 760 6.63331843328038 50.63806 50.63806
"89" "10671_1" "Bubo_bubo" 45 -0.0143779118084967 0.0111496867155 0.0143779118084967 0.0111496867155 "no_fam" "1_no_fam" 1 33 1 2668.5 7.889271795774 50.10889 50.10889
"90" "10674_1" "Aquila_chrysaetos" 10 0.0502469393420333 0.0169675017684767 0.0502469393420333 0.0169675017684767 "family" "2_family" 2 36.7 2 4248 8.35420356292178 37.56667 37.56667
"91" "10779_1" "Ciconia_ciconia" 9 -0.0360147509622667 0.00241515087175 0.0360147509622667 0.00241515087175 NA NA NA 45.9 3 3445.8 8.14491137709831 49.66833 49.66833
"92" "10784_1" "Haliaeetus_albicilla" 12 -0.0402317327906 0.0024705347695 0.0402317327906 0.0024705347695 "no_fam" "1_no_fam" 1 38 2 4729.3 8.46153247899081 54.11667 54.11667
"93" "10784_2" "Haliaeetus_albicilla" 30 -0.000912688024083333 -0.02081273210288 0.000912688024083333 0.02081273210288 "no_fam" "1_no_fam" 1 38 2 4729.3 8.46153247899081 54.11667 54.11667
"94" "10784_3" "Haliaeetus_albicilla" 14 0.0260262635462333 0.0043368213545 0.0260262635462333 0.0043368213545 "no_fam" "1_no_fam" 1 38 2 4729.3 8.46153247899081 54.11667 54.11667
"95" "10786_2" "Haliaeetus_albicilla" 9 0.0587023623703333 0.163409419880667 0.0587023623703333 0.163409419880667 "no_fam" "1_no_fam" 1 38 2 4729.3 8.46153247899081 46.15 46.15
"96" "10787_1" "Haliaeetus_albicilla" 20 0.00719015881333333 -0.00589289719045333 0.00719015881333333 0.00589289719045333 "no_fam" "1_no_fam" 1 38 2 4729.3 8.46153247899081 47.14972 47.14972
"97" "10788_1" "Haliaeetus_albicilla" 16 -0.222306285338433 0.133335543177767 0.222306285338433 0.133335543177767 "no_fam" "1_no_fam" 1 38 2 4729.3 8.46153247899081 56.87972 56.87972
"98" "10795_1" "Haliaeetus_albicilla" 15 -0.00696021520233333 0.0611424360819233 0.00696021520233333 0.0611424360819233 "no_fam" "1_no_fam" 1 38 2 4729.3 8.46153247899081 52.43333 52.43333
"99" "10795_2" "Haliaeetus_albicilla" 22 -0.251925822404667 -0.0840753902426667 0.251925822404667 0.0840753902426667 "no_fam" "1_no_fam" 1 38 2 4729.3 8.46153247899081 52.43333 52.43333
"100" "10796_1" "Haliaeetus_albicilla" 14 0.0247450276985133 0.00677721249744067 0.0247450276985133 0.00677721249744067 "no_fam" "1_no_fam" 1 38 2 4729.3 8.46153247899081 51.92194 51.92194
"101" "10797_1" "Haliaeetus_albicilla" 35 0.0360044867461 0.0236197005186333 0.0360044867461 0.0236197005186333 "no_fam" "1_no_fam" 1 38 2 4729.3 8.46153247899081 51.6 51.6
"102" "10799_1" "Haliaeetus_albicilla" 11 -0.0567490713613333 0.00332136495374667 0.0567490713613333 0.00332136495374667 "no_fam" "1_no_fam" 1 38 2 4729.3 8.46153247899081 52.31389 52.31389
"103" "10800_1" "Haliaeetus_albicilla" 19 -0.128077356611 0.02342640253988 0.128077356611 0.02342640253988 "no_fam" "1_no_fam" 1 38 2 4729.3 8.46153247899081 52.78333 52.78333
"104" "10802_1" "Haliaeetus_albicilla" 9 0.0213757705858333 0.00988932565668667 0.0213757705858333 0.00988932565668667 "no_fam" "1_no_fam" 1 38 2 4729.3 8.46153247899081 53.6 53.6
"105" "10879_1" "Gyps_fulvus" 12 -0.0041130975174 -0.00410652824786333 0.0041130975174 0.00410652824786333 "no_fam" "1_no_fam" 1 39.2 1 7436 8.91408834884133 44.33556 44.33556
"106" "10896_1" "Merops_apiaster" 9 0.226264268764 0.174703393977 0.226264268764 0.174703393977 "coop_families" "3_coop_families" 3 45.5 3 56.6 4.03600898520914 50.55 50.55
"107" "10901_1" "Ciconia_nigra" 26 -0.0169807485067567 0.0427690111323 0.0169807485067567 0.0427690111323 NA "1_no_fam" 1 43.1 3 2926 7.98139158158007 50.86389 50.86389
"108" "10902_1" "Ciconia_nigra" 13 -0.0164105079635333 0.0352048953498667 0.0164105079635333 0.0352048953498667 NA "1_no_fam" 1 43.1 3 2926 7.98139158158007 52.35 52.35
"109" "10904_1" "Ciconia_nigra" 28 0.0263970726069 -0.369455262536333 0.0263970726069 0.369455262536333 NA "1_no_fam" 1 43.1 3 2926 7.98139158158007 49.7 49.7
"110" "10905_1" "Ciconia_nigra" 15 0.2022458926248 0.151223802855333 0.2022458926248 0.151223802855333 NA "1_no_fam" 1 43.1 3 2926 7.98139158158007 48.01667 48.01667
"111" "10937_1" "Corvus_corax" 25 -0.0345533808168133 -0.02840325503341 0.0345533808168133 0.02840325503341 "family" "2_family" 2 39.8 2 928 6.8330317327862 56 56
"112" "10960_1" "Arenaria_interpres" 23 0.0726528411176333 -0.0921066435763333 0.0726528411176333 0.0921066435763333 "no_fam" "1_no_fam" 1 55.6 3 136 4.91265488573605 -33.03333 33.03333
"113" "10972_1" "Merops_apiaster" 19 -0.0186317050228333 -0.0152742024400733 0.0186317050228333 0.0152742024400733 "coop_families" "3_coop_families" 3 45.5 3 56.6 4.03600898520914 46.86667 46.86667
"114" "10981_1" "Spheniscus_magellanicus" 19 0.0867026132746667 -0.01235445561453 0.0867026132746667 0.01235445561453 "no_fam" "1_no_fam" 1 3.8 2 4105.1 8.31998538212575 -44.03333 44.03333
"115" "10996_1" "Bombycilla_garrulus" 32 0.0285255341701333 -0.02744904501679 0.0285255341701333 0.02744904501679 "no_fam" "1_no_fam" 1 37.8 3 54.4 3.9963641538619 67.05 67.05
"116" "10998_1" "Cygnus_olor" 40 -0.00726547661339 0.01573581373882 0.00726547661339 0.01573581373882 "family" "2_family" 2 42.1 3 10682 9.27631536089972 52.2 52.2
"117" "10999_1" "Dendrocoptes_medius" 31 0.00801203883289333 0.00917135207257 0.00801203883289333 0.00917135207257 NA NA NA 28.1 1 59 4.07753744390572 48.7 48.7
"118" "11001_1" "Fulica_atra" 40 0.0274450691407667 -0.0125064051444433 0.0274450691407667 0.0125064051444433 "coop_families" "3_coop_families" 3 39.6 1 717.1 6.57521530088853 52.35 52.35
"119" "11003_1" "Gallinula_chloropus" 40 -0.00335027868930333 -0.00313634569435333 0.00335027868930333 0.00313634569435333 "coop_families" "3_coop_families" 3 32.2 1 339.6 5.82776845443719 48.53333 48.53333
"120" "11005_1" "Tringa_glareola" 40 -0.00824875844656677 0.0388109732704967 0.00824875844656677 0.0388109732704967 "no_fam" "1_no_fam" 1 48.4 3 62.1 4.12874598893943 63.06667 63.06667
"121" "11006_1" "Tringa_ochropus" 40 0.0368593776258633 0.04735832595 0.0368593776258633 0.04735832595 NA NA NA 45.8 3 71.4 4.26829786934554 60.76667 60.76667
"122" "11124_4" "Aquila_chrysaetos" 9 0.0227542243955333 -0.179548007901333 0.0227542243955333 0.179548007901333 "family" "2_family" 2 36.7 2 4248 8.35420356292178 56.32861 56.32861
"123" "11125_1" "Aquila_chrysaetos" 22 -0.00787361136732333 0.000221490740839467 0.00787361136732333 0.000221490740839467 "family" "2_family" 2 36.7 2 4248 8.35420356292178 44.86 44.86
"124" "11131_1" "Phoeniconaias_minor" 10 -0.344389283663733 0.30237543161 0.344389283663733 0.30237543161 "no_fam" "1_no_fam" 1 47.6 1 1500 7.3132203870903 -20.65 20.65
"125" "11132_1" "Aquila_chrysaetos" 11 0.1177617835518 -0.134713017131667 0.1177617835518 0.134713017131667 "family" "2_family" 2 36.7 2 4248 8.35420356292178 56 56
"126" "11136_3" "Phoenicopterus_roseus" 31 -0.399413315739467 0.0671925371406667 0.399413315739467 0.0671925371406667 NA NA NA 41.6 2 3031.6 8.01684581193787 43.51667 43.51667
"127" "11161_1" "Branta_leucopsis" 23 -0.0200553501593333 -0.00299951764963333 0.0200553501593333 0.00299951764963333 "family" "2_family" 2 50.6 3 1684 7.42892719480227 55.8 55.8
"128" "11162_1" "Branta_leucopsis" 51 -0.0483624263513333 -0.00596106630462667 0.0483624263513333 0.00596106630462667 "family" "2_family" 2 50.6 3 1684 7.42892719480227 55.75 55.75
"129" "11163_1" "Branta_leucopsis" 21 -0.0927944432441333 0.0995880932714 0.0927944432441333 0.0995880932714 "family" "2_family" 2 50.6 3 1684 7.42892719480227 55.22722 55.22722
"130" "11164_1" "Branta_leucopsis" 21 0.0139200722112 0.0839125171543333 0.0139200722112 0.0839125171543333 "family" "2_family" 2 50.6 3 1684 7.42892719480227 53.77139 53.77139
"131" "11179_7" "Morus_bassanus" 9 -0.00921983417394667 -0.0054118360031 0.00921983417394667 0.0054118360031 "no_fam" "1_no_fam" 1 62.1 2 2998.7 8.00593414040089 48.89889 48.89889
"132" "11181_1" "Morus_bassanus" 24 -0.000500815530932333 -0.000169605709857 0.000500815530932333 0.000169605709857 "no_fam" "1_no_fam" 1 62.1 2 2998.7 8.00593414040089 52.788889 52.788889
"133" "11183_1" "Thalasseus_sandvicensis" 11 0.330151745143333 0.0489731723323667 0.330151745143333 0.0489731723323667 "family" "2_family" 2 69.3 3 199.8 5.29731686621445 62 62
"134" "11184_1" "Thalasseus_sandvicensis" 44 0.205339329488667 -0.0936266929303667 0.205339329488667 0.0936266929303667 "family" "2_family" 2 69.3 3 199.8 5.29731686621445 46.37528 46.37528
"135" "11186_1" "Thalasseus_sandvicensis" 55 0.00629675706493333 -0.00760199945633333 0.00629675706493333 0.00760199945633333 "family" "2_family" 2 69.3 3 199.8 5.29731686621445 54 54
"136" "11188_1" "Thalasseus_sandvicensis" 44 0.0182640370610667 -0.00969875932825 0.0182640370610667 0.00969875932825 "family" "2_family" 2 69.3 3 199.8 5.29731686621445 52.5 52.5
"137" "11189_1" "Thalasseus_sandvicensis" 24 0.00265470657467 -0.00581311711245667 0.00265470657467 0.00581311711245667 "family" "2_family" 2 69.3 3 199.8 5.29731686621445 54.75833 54.75833
"138" "11191_1" "Thalasseus_sandvicensis" 28 -0.0698733531769667 -0.088941498295 0.0698733531769667 0.088941498295 "family" "2_family" 2 69.3 3 199.8 5.29731686621445 52.2 52.2
"139" "11193_1" "Pelecanus_crispus" 20 -0.153615450357333 -0.0019688406367 0.153615450357333 0.0019688406367 NA "1_no_fam" 1 43.3 2 9512.1 9.16031995135152 39.08333 39.08333
"140" "11302_1" "Falco_peregrinus" 27 0.0160579606186667 -0.0100915809142563 0.0160579606186667 0.0100915809142563 "family" "2_family" 2 52.2 2 760 6.63331843328038 48.66667 48.66667
"141" "11303_1" "Diomedea_amsterdamensis" 24 0.0801993934344 0.0228247625159333 0.0801993934344 0.0228247625159333 "no_fam" "1_no_fam" 1 56.4 2 6961.3 8.84812151749615 -37.83333 37.83333
"142" "11347_1" "Falco_peregrinus" 25 -0.0176095833716333 -0.000528178225656 0.0176095833716333 0.000528178225656 "family" "2_family" 2 52.2 2 760 6.63331843328038 51.35 51.35
"143" "11349_1" "Falco_peregrinus" 43 0.0284769904334333 -0.00690044249863193 0.0284769904334333 0.00690044249863193 "family" "2_family" 2 52.2 2 760 6.63331843328038 46.43333 46.43333
"144" "11350_1" "Crex_crex" 20 -0.00917219918833333 0.00164039589498667 0.00917219918833333 0.00164039589498667 NA NA NA 34.1 3 154.9 5.04277974742282 57 57
"145" "11394_3" "Thalasseus_bergii" 11 0.266542740581 0.231188741619 0.266542740581 0.231188741619 NA "1_no_fam" 1 69.9 3 328 5.79301360838414 -25 25
"146" "11421_1" "Fulmarus_glacialoides" 38 0.00829691444184 -0.0416338600172 0.00829691444184 0.0416338600172 "no_fam" "1_no_fam" 1 49.5 3 793.4 6.67632750808023 -66.66667 66.66667
"147" "11428_1" "Anous_minutus" 29 0.396397759314967 -0.0246644482472333 0.396397759314967 0.0246644482472333 "family" "2_family" 2 61.2 2 112.4 4.72206393745959 23.86667 23.86667
"148" "11429_1" "Anous_stolidus" 29 -0.0847888705204 -0.0282640060042 0.0847888705204 0.0282640060042 NA NA NA 63 2 177.8 5.1806593230798 23.86667 23.86667
"149" "11430_1" "Fregata_minor" 24 -0.107434711699833 -0.0426808856493333 0.107434711699833 0.0426808856493333 "family" "2_family" 2 64.2 3 1274.7 7.15046613578888 23.86667 23.86667
"150" "11431_1" "Sula_dactylatra" 18 -0.193150764227333 -0.00272306854303333 0.193150764227333 0.00272306854303333 "no_fam" "1_no_fam" 1 62.4 2 1732.1 7.45708982417623 23.86667 23.86667
"151" "11432_1" "Sula_sula" 29 0.102540123206333 -0.0272015002729 0.102540123206333 0.0272015002729 "family" "2_family" 2 62 2 1031.1 6.9383814725239 23.86667 23.86667
"152" "11433_1" "Phaethon_rubricauda" 29 0.0812882652313333 0.00746582465359 0.0812882652313333 0.00746582465359 "no_fam" "1_no_fam" 1 68.8 3 671.9 6.5101095199261 23.86667 23.86667
"153" "11434_1" "Onychoprion_lunatus" 29 -0.0781450694463333 0.0188728733316667 0.0781450694463333 0.0188728733316667 NA "1_no_fam" 1 68.6 2 120 4.78749174278205 23.86667 23.86667
"154" "11435_1" "Gygis_alba" 29 0.0155509762219667 -0.0026504561743 0.0155509762219667 0.0026504561743 "no_fam" "1_no_fam" 1 65.5 2 117 4.76217393479776 23.86667 23.86667
"155" "11646_1" "Pomarea_dimidiata" 19 -0.00827749055686667 0.000572905802053333 0.00827749055686667 0.000572905802053333 "coop_families" "3_coop_families" 3 17 1 23 3.13549421592915 -21.250342 21.250342
"156" "1168_1" "Acrocephalus_scirpaceus" 17 0.0775581473750667 -0.0620427173402667 0.0775581473750667 0.0620427173402667 "no_fam" "1_no_fam" 1 25.8 3 12.3 2.50959926237837 62 62
"157" "11707_2" "Pygoscelis_papua" 20 0.0220045049054667 -0.0180132223737667 0.0220045049054667 0.0180132223737667 "no_fam" "1_no_fam" 1 5 2 5933 8.68828526625864 -62.177 62.177
"158" "1171_1" "Anas_acuta" 28 0.144666174521333 -0.0860872722973333 0.144666174521333 0.0860872722973333 "no_fam" "1_no_fam" 1 57.8 3 944.6 6.85076155746202 51.79 51.79
"159" "1172_1" "Anas_acuta" 28 -0.0943891275666667 0.0048429818763 0.0943891275666667 0.0048429818763 "no_fam" "1_no_fam" 1 57.8 3 944.6 6.85076155746202 48.76972 48.76972
"160" "1174_1" "Anas_acuta" 9 0.359580703178667 0.290125922865 0.359580703178667 0.290125922865 "no_fam" "1_no_fam" 1 57.8 3 944.6 6.85076155746202 40.67389 40.67389
"161" "1175_1" "Spatula_clypeata" 9 -0.02208045052439 0.0807377305505333 0.02208045052439 0.0807377305505333 "no_fam" "1_no_fam" 1 58 3 612.6 6.41771219439867 40.67389 40.67389
"162" "11751_1" "Ardea_ibis" 19 0.0918048986356667 0.110019522992333 0.0918048986356667 0.110019522992333 "no_fam" "1_no_fam" 1 29.9 2 366 5.90263333340137 -27.516667 27.516667
"163" "1176_1" "Spatula_clypeata" 28 0.0394043414466667 -0.120827272776667 0.0394043414466667 0.120827272776667 "no_fam" "1_no_fam" 1 58 3 612.6 6.41771219439867 48.76972 48.76972
"164" "1178_1" "Spatula_clypeata" 9 0.370357293386333 -0.1206001469361 0.370357293386333 0.1206001469361 "no_fam" "1_no_fam" 1 58 3 612.6 6.41771219439867 39.82278 39.82278
"165" "1179_1" "Anas_crecca" 28 0.0972431468956333 -0.0339193743723333 0.0972431468956333 0.0339193743723333 NA "1_no_fam" 1 53.1 2 341.9 5.83451829664526 51.79 51.79
"166" "1180_1" "Anas_crecca" 28 0.0311548035129933 -0.049163910601627 0.0311548035129933 0.049163910601627 NA "1_no_fam" 1 53.1 2 341.9 5.83451829664526 48.76972 48.76972
"167" "1182_1" "Anas_crecca" 9 0.472046679384 -0.102135099904933 0.472046679384 0.102135099904933 NA "1_no_fam" 1 53.1 2 341.9 5.83451829664526 39.82278 39.82278
"168" "1183_1" "Anas_crecca" 9 0.0321574818720333 0.0223653899097 0.0321574818720333 0.0223653899097 NA "1_no_fam" 1 53.1 2 341.9 5.83451829664526 40.67389 40.67389
"169" "1186_1" "Mareca_penelope" 9 -0.0489372044080667 0.0284675658087 0.0489372044080667 0.0284675658087 "no_fam" "1_no_fam" 1 57.2 3 770 6.64639051484773 40.67389 40.67389
"170" "1187_1" "Mareca_penelope" 28 0.0722984316463333 -0.0116901019410667 0.0722984316463333 0.0116901019410667 "no_fam" "1_no_fam" 1 57.2 3 770 6.64639051484773 48.76972 48.76972
"171" "1188_1" "Mareca_penelope" 28 0.0270257210572333 -0.0182034430005667 0.0270257210572333 0.0182034430005667 "no_fam" "1_no_fam" 1 57.2 3 770 6.64639051484773 51.79 51.79
"172" "1189_1" "Mareca_penelope" 9 0.313299476645 0.102613082322567 0.313299476645 0.102613082322567 "no_fam" "1_no_fam" 1 57.2 3 770 6.64639051484773 39.82278 39.82278
"173" "1192_1" "Anas_platyrhynchos" 9 -0.0319257811146667 0.01059494653716 0.0319257811146667 0.01059494653716 "no_fam" "1_no_fam" 1 50.7 2 843.4 6.73744134131246 40.67389 40.67389
"174" "120049_1" "Diomedea_exulans" 10 -0.259556748991667 -0.00484071201106667 0.259556748991667 0.00484071201106667 "no_fam" "1_no_fam" 1 56.4 2 6961.3 8.84812151749615 -54.62991 54.62991
"175" "120049_2" "Diomedea_exulans" 44 -0.0697054724545667 -0.0938814623735 0.0697054724545667 0.0938814623735 "no_fam" "1_no_fam" 1 56.4 2 6961.3 8.84812151749615 -54.62991 54.62991
"176" "120050_1" "Thalassarche_chrysostoma" 24 0.0752077420387 -0.123834341344667 0.0752077420387 0.123834341344667 "no_fam" "1_no_fam" 1 64.9 2 3499 8.16023249236769 -54.62991 54.62991
"177" "120051_1" "Phoebetria_palpebrata" 19 0.02533565663 -0.0989793670436667 0.02533565663 0.0989793670436667 "no_fam" "1_no_fam" 1 69 2 3150 8.05515773181968 -54.62991 54.62991
"178" "120052_1" "Phoebetria_palpebrata" 19 -0.1822083276168 -0.129033109970567 0.1822083276168 0.129033109970567 "no_fam" "1_no_fam" 1 69 2 3150 8.05515773181968 -54.62991 54.62991
"179" "120053_1" "Phoebetria_palpebrata" 19 0.184711501578033 0.0168749048697 0.184711501578033 0.0168749048697 "no_fam" "1_no_fam" 1 69 2 3150 8.05515773181968 -54.62991 54.62991
"180" "120054_1" "Phoebetria_palpebrata" 19 0.0437748350981 -0.097667115774 0.0437748350981 0.097667115774 "no_fam" "1_no_fam" 1 69 2 3150 8.05515773181968 -54.62991 54.62991
"181" "120055_1" "Phoebetria_palpebrata" 19 0.0849248921606667 -0.0507845518804 0.0849248921606667 0.0507845518804 "no_fam" "1_no_fam" 1 69 2 3150 8.05515773181968 -54.62991 54.62991
"182" "120056_2" "Macronectes_halli" 14 -0.112131104012 0.00755816137933333 0.112131104012 0.00755816137933333 "no_fam" "1_no_fam" 1 43.7 2 4206.3 8.34433868039519 -54.62991 54.62991
"183" "120057_2" "Macronectes_halli" 14 0.043756018389 0.112253265600333 0.043756018389 0.112253265600333 "no_fam" "1_no_fam" 1 43.7 2 4206.3 8.34433868039519 -54.62991 54.62991
"184" "120058_2" "Macronectes_halli" 14 -0.054354673267 -0.0642637565796667 0.054354673267 0.0642637565796667 "no_fam" "1_no_fam" 1 43.7 2 4206.3 8.34433868039519 -54.62991 54.62991
"185" "120059_2" "Macronectes_halli" 14 -0.0813383953426 0.0213684888763367 0.0813383953426 0.0213684888763367 "no_fam" "1_no_fam" 1 43.7 2 4206.3 8.34433868039519 -54.62991 54.62991
"186" "120060_1" "Phoebetria_palpebrata" 19 -0.263053579979667 -0.144891503136333 0.263053579979667 0.144891503136333 "no_fam" "1_no_fam" 1 69 2 3150 8.05515773181968 -54.62991 54.62991
"187" "120061_1" "Phoebetria_palpebrata" 19 -0.168341808396833 -0.115432645267333 0.168341808396833 0.115432645267333 "no_fam" "1_no_fam" 1 69 2 3150 8.05515773181968 -54.62991 54.62991
"188" "120062_1" "Macronectes_giganteus" 21 -0.0444993958553333 0.0641172405952 0.0444993958553333 0.0641172405952 "no_fam" "1_no_fam" 1 44.8 2 3591.7 8.18638090700323 -54.62991 54.62991
"189" "1201_1" "Mareca_strepera" 28 -0.110912135169667 0.0662626674546667 0.110912135169667 0.0662626674546667 "no_fam" "1_no_fam" 1 54.8 2 915.6 6.81957958807841 48.76972 48.76972
"190" "120194_1" "Malurus_coronatus" 15 -0.105587097593333 0.0307891099913333 0.105587097593333 0.0307891099913333 "coop_families" "3_coop_families" 3 12.9 1 11.1 2.40694510831829 -16.86244 16.86244
"191" "120195_1" "Malurus_coronatus" 15 -0.130076571606 0.0385482613800967 0.130076571606 0.0385482613800967 "coop_families" "3_coop_families" 3 12.9 1 11.1 2.40694510831829 -16.86244 16.86244
"192" "1202_1" "Mareca_strepera" 28 0.0656185412915667 -0.0493253101823333 0.0656185412915667 0.0493253101823333 "no_fam" "1_no_fam" 1 54.8 2 915.6 6.81957958807841 51.79 51.79
"193" "120203_1" "Sternula_nereis" 9 0.192110439633333 -0.725359141776667 0.192110439633333 0.725359141776667 NA "1_no_fam" 1 70 2 72.3 4.28082412916472 -35.77465865 35.77465865
"194" "120211_1" "Sternula_nereis" 9 0.094578541445 -0.401524355131 0.094578541445 0.401524355131 NA "1_no_fam" 1 70 2 72.3 4.28082412916472 -35.77465865 35.77465865
"195" "120226_1" "Sternula_nereis" 10 -0.893914627708667 -0.1885700336802 0.893914627708667 0.1885700336802 NA "1_no_fam" 1 70 2 72.3 4.28082412916472 -35.77465865 35.77465865
"196" "12023_1" "Somateria_mollissima" 21 0.000834261458043333 -0.00380078481747 0.000834261458043333 0.00380078481747 "no_fam" "1_no_fam" 1 44.9 2 2060.9 7.63089805957746 64 64
"197" "12024_1" "Branta_bernicla" 25 0.492643786615333 0.00521009844046667 0.492643786615333 0.00521009844046667 "family" "2_family" 2 52.3 3 1277.9 7.15297338461466 35.685278 35.685278
"198" "120256_1" "Leipoa_ocellata" 10 -1.08247147344333 0.558893915483333 1.08247147344333 0.558893915483333 "no_fam" "1_no_fam" 1 31 1 1913.9 7.55689832404403 -33.55612 33.55612
"199" "12026_1" "Calidris_ferruginea" 9 0.112082806528 0.0279458121896667 0.112082806528 0.0279458121896667 "no_fam" "1_no_fam" 1 54.9 3 58.1 4.06216566385787 -33.151389 33.151389
"200" "12026_2" "Calidris_ferruginea" 12 0.211646652327433 0.0848187092896667 0.211646652327433 0.0848187092896667 "no_fam" "1_no_fam" 1 54.9 3 58.1 4.06216566385787 -33.151389 33.151389
"201" "120266_3" "Leipoa_ocellata" 16 -0.2315087536346 -0.1298292147089 0.2315087536346 0.1298292147089 "no_fam" "1_no_fam" 1 31 1 1913.9 7.55689832404403 -32.76423 32.76423
"202" "120271_4" "Leipoa_ocellata" 13 -0.138191411998933 -0.1305656654461 0.138191411998933 0.1305656654461 "no_fam" "1_no_fam" 1 31 1 1913.9 7.55689832404403 -34.75516 34.75516
"203" "120272_4" "Leipoa_ocellata" 10 -0.264775053604667 -0.0197281450856 0.264775053604667 0.0197281450856 "no_fam" "1_no_fam" 1 31 1 1913.9 7.55689832404403 -33.59324 33.59324
"204" "120273_6" "Leipoa_ocellata" 12 0.098127974723 -0.162569229452333 0.098127974723 0.162569229452333 "no_fam" "1_no_fam" 1 31 1 1913.9 7.55689832404403 -34.75516 34.75516
"205" "120274_5" "Leipoa_ocellata" 15 -0.027190253375 0.04767370318573 0.027190253375 0.04767370318573 "no_fam" "1_no_fam" 1 31 1 1913.9 7.55689832404403 -34.95749 34.95749
"206" "120275_4" "Leipoa_ocellata" 15 -0.838399864599 0.0425169100529333 0.838399864599 0.0425169100529333 "no_fam" "1_no_fam" 1 31 1 1913.9 7.55689832404403 -36.95319 36.95319
"207" "120276_1" "Leipoa_ocellata" 13 0.0308541693346333 -0.0914605730792667 0.0308541693346333 0.0914605730792667 "no_fam" "1_no_fam" 1 31 1 1913.9 7.55689832404403 -35.97158 35.97158
"208" "120286_2" "Leipoa_ocellata" 16 -0.447844648187 0.151873853894 0.447844648187 0.151873853894 "no_fam" "1_no_fam" 1 31 1 1913.9 7.55689832404403 -35.64006 35.64006
"209" "120287_2" "Leipoa_ocellata" 9 -1.01329688958567 0.0710112505357333 1.01329688958567 0.0710112505357333 "no_fam" "1_no_fam" 1 31 1 1913.9 7.55689832404403 -35.64006 35.64006
"210" "12029_1" "Tringa_totanus" 27 -0.1319252567151 0.0541115894573333 0.1319252567151 0.0541115894573333 NA NA NA 47.2 3 129 4.85981240436167 59 59
"211" "120294_2" "Leipoa_ocellata" 13 0.218614051175333 0.131955166471133 0.218614051175333 0.131955166471133 "no_fam" "1_no_fam" 1 31 1 1913.9 7.55689832404403 -35.77466 35.77466
"212" "120295_1" "Leipoa_ocellata" 12 0.201204155824 0.132785401331667 0.201204155824 0.132785401331667 "no_fam" "1_no_fam" 1 31 1 1913.9 7.55689832404403 -35.97158 35.97158
"213" "120297_1" "Leipoa_ocellata" 11 0.000969316761493333 -0.230257646320533 0.000969316761493333 0.230257646320533 "no_fam" "1_no_fam" 1 31 1 1913.9 7.55689832404403 -34.75516 34.75516
"214" "120298_2" "Leipoa_ocellata" 11 -0.274961219213333 -0.00269780704333333 0.274961219213333 0.00269780704333333 "no_fam" "1_no_fam" 1 31 1 1913.9 7.55689832404403 -34.75516 34.75516
"215" "120299_1" "Leipoa_ocellata" 12 -0.559535094436333 0.00226012748266667 0.559535094436333 0.00226012748266667 "no_fam" "1_no_fam" 1 31 1 1913.9 7.55689832404403 -35.97158 35.97158
"216" "1203_1" "Mareca_strepera" 9 0.627625728756667 0.054606655046 0.627625728756667 0.054606655046 "no_fam" "1_no_fam" 1 54.8 2 915.6 6.81957958807841 39.82278 39.82278
"217" "120304_1" "Leipoa_ocellata" 22 -0.493827935847333 0.209206523162333 0.493827935847333 0.209206523162333 "no_fam" "1_no_fam" 1 31 1 1913.9 7.55689832404403 -35.60728 35.60728
"218" "120306_1" "Leipoa_ocellata" 30 -0.229141327357667 0.0854489463814333 0.229141327357667 0.0854489463814333 "no_fam" "1_no_fam" 1 31 1 1913.9 7.55689832404403 -35.60728 35.60728
"219" "120307_1" "Leipoa_ocellata" 10 -0.489534048199267 0.291828969072333 0.489534048199267 0.291828969072333 "no_fam" "1_no_fam" 1 31 1 1913.9 7.55689832404403 -35.60728 35.60728
"220" "120308_1" "Leipoa_ocellata" 10 -0.3276181507485 0.374991722948 0.3276181507485 0.374991722948 "no_fam" "1_no_fam" 1 31 1 1913.9 7.55689832404403 -35.60728 35.60728
"221" "120308_2" "Leipoa_ocellata" 16 -0.209860305783467 0.147034285314933 0.209860305783467 0.147034285314933 "no_fam" "1_no_fam" 1 31 1 1913.9 7.55689832404403 -35.60728 35.60728
"222" "120309_1" "Leipoa_ocellata" 10 -0.209940353492667 0.256420467173467 0.209940353492667 0.256420467173467 "no_fam" "1_no_fam" 1 31 1 1913.9 7.55689832404403 -35.60728 35.60728
"223" "120310_3" "Leipoa_ocellata" 9 0.0286985947586667 0.052913458872 0.0286985947586667 0.052913458872 "no_fam" "1_no_fam" 1 31 1 1913.9 7.55689832404403 -35.60728 35.60728
"224" "120311_2" "Leipoa_ocellata" 14 -0.131204207771333 -0.246811868589667 0.131204207771333 0.246811868589667 "no_fam" "1_no_fam" 1 31 1 1913.9 7.55689832404403 -35.60728 35.60728
"225" "120312_4" "Leipoa_ocellata" 14 -0.0455568563674 0.0373325289472 0.0455568563674 0.0373325289472 "no_fam" "1_no_fam" 1 31 1 1913.9 7.55689832404403 -35.60728 35.60728
"226" "120313_3" "Leipoa_ocellata" 10 0.33353985442 0.143196367476433 0.33353985442 0.143196367476433 "no_fam" "1_no_fam" 1 31 1 1913.9 7.55689832404403 -35.60728 35.60728
"227" "120315_2" "Leipoa_ocellata" 11 0.138510192990333 0.0376783870704667 0.138510192990333 0.0376783870704667 "no_fam" "1_no_fam" 1 31 1 1913.9 7.55689832404403 -35.60728 35.60728
"228" "120318_3" "Leipoa_ocellata" 15 -0.577913649933333 0.0820626725154 0.577913649933333 0.0820626725154 "no_fam" "1_no_fam" 1 31 1 1913.9 7.55689832404403 -35.18625 35.18625
"229" "120322_3" "Leipoa_ocellata" 17 -0.372391350088333 0.0157921576439333 0.372391350088333 0.0157921576439333 "no_fam" "1_no_fam" 1 31 1 1913.9 7.55689832404403 -35.18625 35.18625
"230" "120323_4" "Leipoa_ocellata" 12 -0.504271249970333 0.0303317724741667 0.504271249970333 0.0303317724741667 "no_fam" "1_no_fam" 1 31 1 1913.9 7.55689832404403 -35.18625 35.18625
"231" "120324_1" "Leipoa_ocellata" 11 0.0318918061743 -0.0038633676416 0.0318918061743 0.0038633676416 "no_fam" "1_no_fam" 1 31 1 1913.9 7.55689832404403 -35.18625 35.18625
"232" "120324_3" "Leipoa_ocellata" 12 0.0533979467340333 -0.121741380143 0.0533979467340333 0.121741380143 "no_fam" "1_no_fam" 1 31 1 1913.9 7.55689832404403 -35.18625 35.18625
"233" "120325_1" "Leipoa_ocellata" 13 0.233714970610367 0.1222103640477 0.233714970610367 0.1222103640477 "no_fam" "1_no_fam" 1 31 1 1913.9 7.55689832404403 -35.18625 35.18625
"234" "120325_2" "Leipoa_ocellata" 12 -0.138364219586 0.0307336531316333 0.138364219586 0.0307336531316333 "no_fam" "1_no_fam" 1 31 1 1913.9 7.55689832404403 -35.18625 35.18625
"235" "120326_2" "Leipoa_ocellata" 17 -0.269308966099 -0.0619238504140667 0.269308966099 0.0619238504140667 "no_fam" "1_no_fam" 1 31 1 1913.9 7.55689832404403 -35.18625 35.18625
"236" "120327_1" "Leipoa_ocellata" 12 -0.370668548099667 0.00755512970530733 0.370668548099667 0.00755512970530733 "no_fam" "1_no_fam" 1 31 1 1913.9 7.55689832404403 -35.18625 35.18625
"237" "120331_5" "Leipoa_ocellata" 10 -0.278702173566333 0.0407168199249667 0.278702173566333 0.0407168199249667 "no_fam" "1_no_fam" 1 31 1 1913.9 7.55689832404403 -35.60728 35.60728
"238" "120333_2" "Leipoa_ocellata" 26 0.113210556085 -0.00317850757443333 0.113210556085 0.00317850757443333 "no_fam" "1_no_fam" 1 31 1 1913.9 7.55689832404403 -35.60728 35.60728
"239" "120335_1" "Leipoa_ocellata" 9 -0.429525357038333 0.553903518213333 0.429525357038333 0.553903518213333 "no_fam" "1_no_fam" 1 31 1 1913.9 7.55689832404403 -35.60728 35.60728
"240" "120335_2" "Leipoa_ocellata" 14 -0.226503373585333 -0.1253923938069 0.226503373585333 0.1253923938069 "no_fam" "1_no_fam" 1 31 1 1913.9 7.55689832404403 -35.60728 35.60728
"241" "120339_2" "Leipoa_ocellata" 17 -0.325424065985667 -0.00222339066473333 0.325424065985667 0.00222339066473333 "no_fam" "1_no_fam" 1 31 1 1913.9 7.55689832404403 -35.60728 35.60728
"242" "120340_3" "Leipoa_ocellata" 10 -0.176762602144 -0.141173026628333 0.176762602144 0.141173026628333 "no_fam" "1_no_fam" 1 31 1 1913.9 7.55689832404403 -35.60728 35.60728
"243" "120343_3" "Leipoa_ocellata" 16 -0.0429667664032667 0.178604047517 0.0429667664032667 0.178604047517 "no_fam" "1_no_fam" 1 31 1 1913.9 7.55689832404403 -35.60728 35.60728
"244" "120344_1" "Leipoa_ocellata" 17 -0.070947199086 -0.215134260402107 0.070947199086 0.215134260402107 "no_fam" "1_no_fam" 1 31 1 1913.9 7.55689832404403 -35.18625 35.18625
"245" "120345_1" "Leipoa_ocellata" 16 0.338616102511667 0.287513097835 0.338616102511667 0.287513097835 "no_fam" "1_no_fam" 1 31 1 1913.9 7.55689832404403 -36.54346 36.54346
"246" "12035_1" "Calidris_alba" 23 0.293128325091667 -0.0452634350883333 0.293128325091667 0.0452634350883333 "no_fam" "1_no_fam" 1 52.3 3 51.7 3.94545778151438 -33.151389 33.151389
"247" "120350_1" "Leipoa_ocellata" 13 -0.189018199329 0.0313668556600333 0.189018199329 0.0313668556600333 "no_fam" "1_no_fam" 1 31 1 1913.9 7.55689832404403 -35.60728 35.60728
"248" "120363_3" "Leipoa_ocellata" 12 -0.333718595796 0.364920388253333 0.333718595796 0.364920388253333 "no_fam" "1_no_fam" 1 31 1 1913.9 7.55689832404403 -30.6857 30.6857
"249" "120366_1" "Leipoa_ocellata" 12 -0.0741701128629 0.00287732215893333 0.0741701128629 0.00287732215893333 "no_fam" "1_no_fam" 1 31 1 1913.9 7.55689832404403 -30.6857 30.6857
"250" "120368_1" "Leipoa_ocellata" 12 -0.112907701686533 0.181483676759333 0.112907701686533 0.181483676759333 "no_fam" "1_no_fam" 1 31 1 1913.9 7.55689832404403 -30.6857 30.6857
"251" "12037_1" "Anser_canagicus" 21 -0.0623048192097333 -0.0344089769352333 0.0623048192097333 0.0344089769352333 "family" "2_family" 2 49.4 3 2136.5 7.66692425508408 57.550833 57.550833
"252" "120376_3" "Leipoa_ocellata" 13 -0.342208083621333 0.1504683887614 0.342208083621333 0.1504683887614 "no_fam" "1_no_fam" 1 31 1 1913.9 7.55689832404403 -33.05792 33.05792
"253" "120385_1" "Leipoa_ocellata" 9 -0.049698333796 0.389980897377667 0.049698333796 0.389980897377667 "no_fam" "1_no_fam" 1 31 1 1913.9 7.55689832404403 -28.18385 28.18385
"254" "12041_1" "Pluvialis_squatarola" 23 0.299441707277333 0.0864918634366667 0.299441707277333 0.0864918634366667 "no_fam" "1_no_fam" 1 60.1 3 250 5.52146091786225 -33.151389 33.151389
"255" "12043_1" "Calidris_canutus" 23 -0.757823192585 -0.0577548413586667 0.757823192585 0.0577548413586667 "no_fam" "1_no_fam" 1 57.9 3 141.9 4.955122584166 -33.151389 33.151389
"256" "12044_1" "Anser_fabalis" 9 -0.00325005400376667 -0.1000712969605 0.00325005400376667 0.1000712969605 "family" "2_family" 2 50.1 3 2754.7 7.92106382273579 58.4875 58.4875
"257" "12045_1" "Limosa_lapponica" 23 0.518365731135333 -0.163407409876667 0.518365731135333 0.163407409876667 "no_fam" "1_no_fam" 1 56.6 3 291.7 5.67572587687368 -33.151389 33.151389
"258" "12046_1" "Numenius_phaeopus" 23 0.1764852481164 0.1744697732499 0.1764852481164 0.1744697732499 "no_fam" "1_no_fam" 1 53.5 3 364.6 5.89880086224456 -33.151389 33.151389
"259" "12052_1" "Calidris_maritima" 22 -0.0813214327219 0.0359385059519667 0.0813214327219 0.0359385059519667 "no_fam" "1_no_fam" 1 50.5 3 65.1 4.17592454921452 57.666667 57.666667
"260" "12055_1" "Eudromias_morinellus" 18 -0.00372961800046667 -0.128755754659 0.00372961800046667 0.128755754659 NA "1_no_fam" 1 55.9 3 108.2 4.68398136641238 56 56
"261" "12057_1" "Eudromias_morinellus" 29 -0.0366414776244333 -0.0887798529025 0.0366414776244333 0.0887798529025 NA "1_no_fam" 1 55.9 3 108.2 4.68398136641238 64 64
"262" "12065_1" "Eudromias_morinellus" 40 -0.339546982916333 -0.0287962015936667 0.339546982916333 0.0287962015936667 NA "1_no_fam" 1 55.9 3 108.2 4.68398136641238 54 54
"263" "120652_1" "Zanda_latirostris" 9 -0.4048746030329 0.0326109033410913 0.4048746030329 0.0326109033410913 "family" "2_family" 2 45.9 1 612 6.41673228251233 -31.91535 31.91535
"264" "120667_1" "Zanda_latirostris" 9 -0.252059977457333 0.0510390899846667 0.252059977457333 0.0510390899846667 "family" "2_family" 2 45.9 1 612 6.41673228251233 -30.79833 30.79833
"265" "12070_1" "Anser_fabalis" 36 -0.0834169402360333 -0.00323543744466667 0.0834169402360333 0.00323543744466667 "family" "2_family" 2 50.1 3 2754.7 7.92106382273579 35.685278 35.685278
"266" "12074_1" "Anser_fabalis" 49 0.0229519008868 -0.0340882063694667 0.0229519008868 0.0340882063694667 "family" "2_family" 2 50.1 3 2754.7 7.92106382273579 53.666667 53.666667
"267" "120745_1" "Zanda_latirostris" 9 -0.290196130553667 -0.0705202799637267 0.290196130553667 0.0705202799637267 "family" "2_family" 2 45.9 1 612 6.41673228251233 -31.91535 31.91535
"268" "12075_1" "Anser_fabalis" 22 -0.201402998602 0.0272004130133 0.201402998602 0.0272004130133 "family" "2_family" 2 50.1 3 2754.7 7.92106382273579 46.583333 46.583333
"269" "120769_1" "Zanda_latirostris" 9 0.422092941764333 0.0103264344785333 0.422092941764333 0.0103264344785333 "family" "2_family" 2 45.9 1 612 6.41673228251233 -31.91535 31.91535
"270" "12081_1" "Plectrophenax_nivalis" 13 -0.12064951168 0.0709001224794667 0.12064951168 0.0709001224794667 "no_fam" "1_no_fam" 1 38.6 3 42.2 3.74242022104197 58.451326 58.451326
"271" "120810_1" "Zanda_latirostris" 9 0.596001867611667 0.309040553173333 0.596001867611667 0.309040553173333 "family" "2_family" 2 45.9 1 612 6.41673228251233 -31.91535 31.91535
"272" "12082_1" "Plectrophenax_nivalis" 25 0.119600998375533 0.000604129467 0.119600998375533 0.000604129467 "no_fam" "1_no_fam" 1 38.6 3 42.2 3.74242022104197 52.649124 52.649124
"273" "12087_1" "Stercorarius_parasiticus" 32 -0.04052858355297 -0.0237182057025467 0.04052858355297 0.0237182057025467 NA "1_no_fam" 1 60.2 3 444.3 6.09650000994186 58.380119 58.380119
"274" "120933_2" "Anarhynchus_leschenaultii" 9 -0.618484780566667 0.0857750751696667 0.618484780566667 0.0857750751696667 NA NA NA 53.1 3 74.8 4.31481788498043 -25.01534752 25.01534752
"275" "120936_2" "Numenius_madagascariensis" 11 0.154844797134733 -0.269080548061 0.154844797134733 0.269080548061 NA NA NA 54.7 3 792 6.67456139181443 -25.01534752 25.01534752
"276" "120937_2" "Calidris_ferruginea" 11 0.241477014731667 -0.223245389441667 0.241477014731667 0.223245389441667 "no_fam" "1_no_fam" 1 54.9 3 58.1 4.06216566385787 -25.01535 25.01535
"277" "120938_2" "Calidris_ruficollis" 10 -0.325294739955667 0.0489690145424667 0.325294739955667 0.0489690145424667 "no_fam" "1_no_fam" 1 54.5 3 26.8 3.28840188751681 -25.01535 25.01535
"278" "120949_3" "Anarhynchus_leschenaultii" 10 0.44190474388 -0.237078730658 0.44190474388 0.237078730658 NA NA NA 53.1 3 74.8 4.31481788498043 -18.31115 18.31115
"279" "120951_3" "Calidris_canutus" 10 0.775385019191 -0.473686899709 0.775385019191 0.473686899709 "no_fam" "1_no_fam" 1 57.9 3 141.9 4.955122584166 -18.31115 18.31115
"280" "120952_4" "Numenius_madagascariensis" 10 -0.141478591783133 -0.127646548892033 0.141478591783133 0.127646548892033 NA NA NA 54.7 3 792 6.67456139181443 -18.31115 18.31115
"281" "120953_3" "Calidris_ferruginea" 10 0.899878464840667 -0.200609498659927 0.899878464840667 0.200609498659927 "no_fam" "1_no_fam" 1 54.9 3 58.1 4.06216566385787 -18.31115 18.31115
"282" "120954_3" "Calidris_ruficollis" 10 0.61094062664 -0.215118529884667 0.61094062664 0.215118529884667 "no_fam" "1_no_fam" 1 54.5 3 26.8 3.28840188751681 -18.31115 18.31115
"283" "120955_3" "Calidris_tenuirostris" 10 0.328568338841367 0.0226936216113333 0.328568338841367 0.0226936216113333 NA NA NA 57.3 3 192 5.25749537202778 -18.31115 18.31115
"284" "12100_1" "Stercorarius_skua" 31 0.160944257979667 -0.0689725490327 0.160944257979667 0.0689725490327 "no_fam" "1_no_fam" 1 53.3 3 1338.2 7.19908070634872 59.531968 59.531968
"285" "121005_3" "Anarhynchus_leschenaultii" 10 -0.221441145772 0.0843232639438667 0.221441145772 0.0843232639438667 NA NA NA 53.1 3 74.8 4.31481788498043 -18.31115 18.31115
"286" "121007_3" "Calidris_canutus" 9 0.0986667539436667 0.316816052979 0.0986667539436667 0.316816052979 "no_fam" "1_no_fam" 1 57.9 3 141.9 4.955122584166 -18.31115 18.31115
"287" "121008_4" "Numenius_madagascariensis" 10 -0.773793130923333 0.291113039345733 0.773793130923333 0.291113039345733 NA NA NA 54.7 3 792 6.67456139181443 -18.31115 18.31115
"288" "121009_4" "Calidris_ferruginea" 10 0.879062752466667 -0.1836625040258 0.879062752466667 0.1836625040258 "no_fam" "1_no_fam" 1 54.9 3 58.1 4.06216566385787 -18.31115 18.31115
"289" "12101_3" "Stercorarius_parasiticus" 18 -0.103197388830433 -0.0198248004046667 0.103197388830433 0.0198248004046667 NA "1_no_fam" 1 60.2 3 444.3 6.09650000994186 59.531968 59.531968
"290" "121010_4" "Calidris_ruficollis" 10 0.130607228756867 -0.0570152036044667 0.130607228756867 0.0570152036044667 "no_fam" "1_no_fam" 1 54.5 3 26.8 3.28840188751681 -18.31115 18.31115
"291" "121011_3" "Calidris_tenuirostris" 10 -0.0503518581503333 0.23280430434 0.0503518581503333 0.23280430434 NA NA NA 57.3 3 192 5.25749537202778 -18.31115 18.31115
"292" "121058_3" "Anarhynchus_leschenaultii" 11 -0.0647469194239333 -0.11931052821352 0.0647469194239333 0.11931052821352 NA NA NA 53.1 3 74.8 4.31481788498043 -18.31114598 18.31114598
"293" "121060_3" "Calidris_canutus" 9 -0.466216896154333 0.00965558111033333 0.466216896154333 0.00965558111033333 "no_fam" "1_no_fam" 1 57.9 3 141.9 4.955122584166 -18.31114598 18.31114598
"294" "121061_3" "Numenius_madagascariensis" 11 0.645158089934667 -0.311223843493667 0.645158089934667 0.311223843493667 NA NA NA 54.7 3 792 6.67456139181443 -18.31114598 18.31114598
"295" "121062_3" "Calidris_ferruginea" 11 -0.1678822475618 -0.324752130796667 0.1678822475618 0.324752130796667 "no_fam" "1_no_fam" 1 54.9 3 58.1 4.06216566385787 -18.31115 18.31115
"296" "121063_3" "Calidris_ruficollis" 11 -0.095584559942 -0.149450768787533 0.095584559942 0.149450768787533 "no_fam" "1_no_fam" 1 54.5 3 26.8 3.28840188751681 -18.31115 18.31115
"297" "121064_3" "Calidris_tenuirostris" 11 -0.265374514512 0.0895412254207 0.265374514512 0.0895412254207 NA NA NA 57.3 3 192 5.25749537202778 -18.31115 18.31115
"298" "121066_3" "Anarhynchus_leschenaultii" 10 0.334756507720733 -0.0089275331339 0.334756507720733 0.0089275331339 NA NA NA 53.1 3 74.8 4.31481788498043 -18.31114598 18.31114598
"299" "121069_3" "Numenius_madagascariensis" 10 -0.172304954641 0.0428341722686667 0.172304954641 0.0428341722686667 NA NA NA 54.7 3 792 6.67456139181443 -18.31114598 18.31114598
"300" "121070_3" "Calidris_ferruginea" 10 0.165818284084733 0.124964764286333 0.165818284084733 0.124964764286333 "no_fam" "1_no_fam" 1 54.9 3 58.1 4.06216566385787 -18.31115 18.31115
"301" "121071_3" "Calidris_ruficollis" 10 -0.370896674297333 0.145580589847333 0.370896674297333 0.145580589847333 "no_fam" "1_no_fam" 1 54.5 3 26.8 3.28840188751681 -18.31115 18.31115
"302" "121072_3" "Calidris_tenuirostris" 10 0.155584162191667 0.195020211708 0.155584162191667 0.195020211708 NA NA NA 57.3 3 192 5.25749537202778 -18.31115 18.31115
"303" "121074_3" "Anarhynchus_leschenaultii" 10 -0.266719841754 0.112497387240333 0.266719841754 0.112497387240333 NA NA NA 53.1 3 74.8 4.31481788498043 -18.31114598 18.31114598
"304" "121076_3" "Calidris_canutus" 10 0.36503387117 -0.378796366769633 0.36503387117 0.378796366769633 "no_fam" "1_no_fam" 1 57.9 3 141.9 4.955122584166 -18.31114598 18.31114598
"305" "121077_3" "Numenius_madagascariensis" 10 0.475866321825 -0.0604816491706667 0.475866321825 0.0604816491706667 NA NA NA 54.7 3 792 6.67456139181443 -18.31114598 18.31114598
"306" "121079_3" "Calidris_ruficollis" 10 -0.286933989736433 0.0629742014793 0.286933989736433 0.0629742014793 "no_fam" "1_no_fam" 1 54.5 3 26.8 3.28840188751681 -18.31115 18.31115
"307" "121080_3" "Calidris_tenuirostris" 10 0.098075756447 0.272066014013567 0.098075756447 0.272066014013567 NA NA NA 57.3 3 192 5.25749537202778 -18.31115 18.31115
"308" "121082_3" "Anarhynchus_leschenaultii" 10 -0.398077279668 0.0496414854969667 0.398077279668 0.0496414854969667 NA NA NA 53.1 3 74.8 4.31481788498043 -18.31114598 18.31114598
"309" "121085_3" "Numenius_madagascariensis" 10 -0.521042460560667 0.12421294671059 0.521042460560667 0.12421294671059 NA NA NA 54.7 3 792 6.67456139181443 -18.31114598 18.31114598
"310" "121087_3" "Calidris_ruficollis" 10 -0.567852366146 0.212044076995 0.567852366146 0.212044076995 "no_fam" "1_no_fam" 1 54.5 3 26.8 3.28840188751681 -18.31115 18.31115
"311" "121088_3" "Calidris_tenuirostris" 10 -0.196817208367433 -0.00253826395566667 0.196817208367433 0.00253826395566667 NA NA NA 57.3 3 192 5.25749537202778 -18.31115 18.31115
"312" "121090_3" "Anarhynchus_leschenaultii" 9 0.383188550774667 -0.0388539940196667 0.383188550774667 0.0388539940196667 NA NA NA 53.1 3 74.8 4.31481788498043 -18.31114598 18.31114598
"313" "121093_3" "Numenius_madagascariensis" 10 0.676521698945667 0.142662948138333 0.676521698945667 0.142662948138333 NA NA NA 54.7 3 792 6.67456139181443 -18.31114598 18.31114598
"314" "121094_3" "Calidris_ferruginea" 10 0.366160127274733 -0.532962874366667 0.366160127274733 0.532962874366667 "no_fam" "1_no_fam" 1 54.9 3 58.1 4.06216566385787 -18.31115 18.31115
"315" "121095_3" "Calidris_ruficollis" 9 -0.458815031501 0.130996155627233 0.458815031501 0.130996155627233 "no_fam" "1_no_fam" 1 54.5 3 26.8 3.28840188751681 -18.31115 18.31115
"316" "121096_3" "Calidris_tenuirostris" 10 -0.0480709941533333 -0.268176407458667 0.0480709941533333 0.268176407458667 NA NA NA 57.3 3 192 5.25749537202778 -18.31115 18.31115
"317" "121098_4" "Anarhynchus_leschenaultii" 9 -0.0643605111649333 -0.106051884236333 0.0643605111649333 0.106051884236333 NA NA NA 53.1 3 74.8 4.31481788498043 -18.31114598 18.31114598
"318" "121100_4" "Calidris_canutus" 9 1.9810853223 -0.468772192045 1.9810853223 0.468772192045 "no_fam" "1_no_fam" 1 57.9 3 141.9 4.955122584166 -18.31114598 18.31114598
"319" "121101_4" "Numenius_madagascariensis" 9 0.1772439750259 -0.0296562940671667 0.1772439750259 0.0296562940671667 NA NA NA 54.7 3 792 6.67456139181443 -18.31114598 18.31114598
"320" "121102_4" "Calidris_ferruginea" 9 -0.513131192469333 0.0185331347945333 0.513131192469333 0.0185331347945333 "no_fam" "1_no_fam" 1 54.9 3 58.1 4.06216566385787 -18.31115 18.31115
"321" "121103_4" "Calidris_ruficollis" 9 -0.151733130347333 -0.00837926660766667 0.151733130347333 0.00837926660766667 "no_fam" "1_no_fam" 1 54.5 3 26.8 3.28840188751681 -18.31115 18.31115
"322" "121104_4" "Calidris_tenuirostris" 9 0.356015120691933 -0.167337003869 0.356015120691933 0.167337003869 NA NA NA 57.3 3 192 5.25749537202778 -18.31115 18.31115
"323" "121106_2" "Anarhynchus_leschenaultii" 10 0.178167920532333 0.0542655600593667 0.178167920532333 0.0542655600593667 NA NA NA 53.1 3 74.8 4.31481788498043 -18.31114598 18.31114598
"324" "121108_2" "Calidris_canutus" 10 -0.552611292317333 -0.0572677745042187 0.552611292317333 0.0572677745042187 "no_fam" "1_no_fam" 1 57.9 3 141.9 4.955122584166 -18.31114598 18.31114598
"325" "121110_2" "Calidris_ferruginea" 10 -0.216850540739 0.443491274691667 0.216850540739 0.443491274691667 "no_fam" "1_no_fam" 1 54.9 3 58.1 4.06216566385787 -18.31115 18.31115
"326" "121111_2" "Calidris_ruficollis" 10 -0.502116464625667 0.316262136648667 0.502116464625667 0.316262136648667 "no_fam" "1_no_fam" 1 54.5 3 26.8 3.28840188751681 -18.31115 18.31115
"327" "121112_2" "Calidris_tenuirostris" 10 -0.702154235136333 0.1834350802212 0.702154235136333 0.1834350802212 NA NA NA 57.3 3 192 5.25749537202778 -18.31115 18.31115
"328" "121114_3" "Anarhynchus_leschenaultii" 9 0.082925907204 0.1387112514176 0.082925907204 0.1387112514176 NA NA NA 53.1 3 74.8 4.31481788498043 -18.31115 18.31115
"329" "121116_2" "Calidris_canutus" 9 -0.561099826848 0.430984666456867 0.561099826848 0.430984666456867 "no_fam" "1_no_fam" 1 57.9 3 141.9 4.955122584166 -18.31115 18.31115
"330" "121117_3" "Numenius_madagascariensis" 9 -0.280591330186333 0.231324541442667 0.280591330186333 0.231324541442667 NA NA NA 54.7 3 792 6.67456139181443 -18.31115 18.31115
"331" "121118_3" "Calidris_ferruginea" 9 -0.340187114688333 0.0208908210166667 0.340187114688333 0.0208908210166667 "no_fam" "1_no_fam" 1 54.9 3 58.1 4.06216566385787 -18.31115 18.31115
"332" "121119_3" "Calidris_ruficollis" 9 0.0979696457318667 0.00733920143353333 0.0979696457318667 0.00733920143353333 "no_fam" "1_no_fam" 1 54.5 3 26.8 3.28840188751681 -18.31115 18.31115
"333" "121120_3" "Calidris_tenuirostris" 9 -0.423201377963333 0.33065959697 0.423201377963333 0.33065959697 NA NA NA 57.3 3 192 5.25749537202778 -18.31115 18.31115
"334" "121122_3" "Anarhynchus_leschenaultii" 9 0.24543034215 0.1089080322214 0.24543034215 0.1089080322214 NA NA NA 53.1 3 74.8 4.31481788498043 -18.31115 18.31115
"335" "121124_3" "Calidris_canutus" 9 -0.2874255039999 0.6362744130601 0.2874255039999 0.6362744130601 "no_fam" "1_no_fam" 1 57.9 3 141.9 4.955122584166 -18.31115 18.31115
"336" "121125_3" "Numenius_madagascariensis" 9 0.232869273037667 0.071578061181 0.232869273037667 0.071578061181 NA NA NA 54.7 3 792 6.67456139181443 -18.31115 18.31115
"337" "121126_3" "Calidris_ferruginea" 9 -0.351673304775367 0.234924669324 0.351673304775367 0.234924669324 "no_fam" "1_no_fam" 1 54.9 3 58.1 4.06216566385787 -18.31115 18.31115
"338" "121127_3" "Calidris_ruficollis" 9 0.254662569134567 -0.0211226843333333 0.254662569134567 0.0211226843333333 "no_fam" "1_no_fam" 1 54.5 3 26.8 3.28840188751681 -18.31115 18.31115
"339" "121128_3" "Calidris_tenuirostris" 9 -0.172715418428633 0.327478392827333 0.172715418428633 0.327478392827333 NA NA NA 57.3 3 192 5.25749537202778 -18.31115 18.31115
"340" "12113_1" "Lagopus_muta" 16 0.0324755538087 0.000271144226608333 0.0324755538087 0.000271144226608333 "family" "2_family" 2 46.1 1 535.3 6.28282733739934 46.316667 46.316667
"341" "12115_1" "Larus_hyperboreus" 12 0.2793130415044 -0.0129840909915533 0.2793130415044 0.0129840909915533 "no_fam" "1_no_fam" 1 51.8 3 1529 7.33236920592906 37.088333 37.088333
"342" "12121_1" "Larus_smithsonianus" 12 -0.0945468186333333 -0.0400642755178333 0.0945468186333333 0.0400642755178333 NA NA NA 54.9 2 1091 6.99484998583307 37.088333 37.088333
"343" "121215_4" "Numenius_madagascariensis" 13 0.116609017708133 -0.0556722418795667 0.116609017708133 0.0556722418795667 NA NA NA 54.7 3 792 6.67456139181443 -32.36602 32.36602
"344" "12123_1" "Larus_smithsonianus" 13 -0.690674520356667 0.0398692390442333 0.690674520356667 0.0398692390442333 NA NA NA 54.9 2 1091 6.99484998583307 33.401667 33.401667
"345" "121230_1" "Numenius_madagascariensis" 9 -0.240382957370167 0.0302149686351333 0.240382957370167 0.0302149686351333 NA NA NA 54.7 3 792 6.67456139181443 -32.52013869 32.52013869
"346" "12124_1" "Gavia_stellata" 13 0.421765043703 -0.204878979743333 0.421765043703 0.204878979743333 "no_fam" "1_no_fam" 1 47.6 3 1486 7.3038432252777 36.461606 36.461606
"347" "121244_1" "Calidris_ferruginea" 33 -0.612643363428333 0.0889842564847 0.612643363428333 0.0889842564847 "no_fam" "1_no_fam" 1 54.9 3 58.1 4.06216566385787 -37.84705 37.84705
"348" "121245_1" "Calidris_ruficollis" 33 -0.32097260755 -0.0635376402163333 0.32097260755 0.0635376402163333 "no_fam" "1_no_fam" 1 54.5 3 26.8 3.28840188751681 -37.84705 37.84705
"349" "12125_1" "Larus_smithsonianus" 9 -0.483273147186 -0.016505893872226 0.483273147186 0.016505893872226 NA NA NA 54.9 2 1091 6.99484998583307 34.956667 34.956667
"350" "12126_1" "Gavia_pacifica" 13 0.0252806028443 -0.0574623392338667 0.0252806028443 0.0574623392338667 "no_fam" "1_no_fam" 1 47.9 3 2251.1 7.71917426462012 36.461606 36.461606
"351" "121271_2" "Calidris_ruficollis" 12 -0.705951380756667 0.172958037414667 0.705951380756667 0.172958037414667 "no_fam" "1_no_fam" 1 54.5 3 26.8 3.28840188751681 -42.656 42.656
"352" "121278_2" "Calidris_ferruginea" 24 -0.325724558959 0.00224243821696667 0.325724558959 0.00224243821696667 "no_fam" "1_no_fam" 1 54.9 3 58.1 4.06216566385787 -38.38643 38.38643
"353" "121279_1" "Calidris_ruficollis" 33 0.16852684439 0.0275884978756667 0.16852684439 0.0275884978756667 "no_fam" "1_no_fam" 1 54.5 3 26.8 3.28840188751681 -38.38643 38.38643
"354" "12128_1" "Gavia_arctica" 13 0.0895722343663333 0.04298946021 0.0895722343663333 0.04298946021 "no_fam" "1_no_fam" 1 50.8 3 2251.1 7.71917426462012 36.461606 36.461606
"355" "12129_4" "Numenius_phaeopus" 15 -0.316493922302767 -0.136153565794667 0.316493922302767 0.136153565794667 "no_fam" "1_no_fam" 1 53.5 3 364.6 5.89880086224456 -38.783333 38.783333
"356" "121312_6" "Calidris_ruficollis" 18 0.1091808867338 0.0369048774686 0.1091808867338 0.0369048774686 "no_fam" "1_no_fam" 1 54.5 3 26.8 3.28840188751681 -33.68682 33.68682
"357" "12132_1" "Buteo_lagopus" 10 0.168478557383333 -0.2978927328575 0.168478557383333 0.2978927328575 "no_fam" "1_no_fam" 1 42.1 3 949.8 6.85625143611502 53.05 53.05
"358" "121345_4" "Calidris_ruficollis" 10 0.875993487806667 -0.18127279131 0.875993487806667 0.18127279131 "no_fam" "1_no_fam" 1 54.5 3 26.8 3.28840188751681 -40.44801 40.44801
"359" "121359_6" "Calidris_ruficollis" 14 0.986710043211333 0.145654404078867 0.986710043211333 0.145654404078867 "no_fam" "1_no_fam" 1 54.5 3 26.8 3.28840188751681 -37.84705 37.84705
"360" "12138_3" "Pluvialis_fulva" 12 -0.551754970833667 -0.291404421660667 0.551754970833667 0.291404421660667 "no_fam" "1_no_fam" 1 59.3 3 134.9 4.90453376321371 -41.059444 41.059444
"361" "12141_1" "Pluvialis_fulva" 30 0.271253596125667 -0.0327270849698 0.271253596125667 0.0327270849698 "no_fam" "1_no_fam" 1 59.3 3 134.9 4.90453376321371 -40.753611 40.753611
"362" "121416_1" "Calidris_ferruginea" 23 0.0543795908263333 0.168358120457067 0.0543795908263333 0.168358120457067 "no_fam" "1_no_fam" 1 54.9 3 58.1 4.06216566385787 -38.38643 38.38643
"363" "121417_1" "Calidris_ruficollis" 23 -0.1102251822624 0.000367079379396667 0.1102251822624 0.000367079379396667 "no_fam" "1_no_fam" 1 54.5 3 26.8 3.28840188751681 -38.38643 38.38643
"364" "121423_1" "Anarhynchus_leschenaultii" 9 0.283697683513 -0.140603750050333 0.283697683513 0.140603750050333 NA NA NA 53.1 3 74.8 4.31481788498043 -25.01534752 25.01534752
"365" "121424_1" "Numenius_madagascariensis" 10 0.339214539497333 -0.336723456122 0.339214539497333 0.336723456122 NA NA NA 54.7 3 792 6.67456139181443 -25.01534752 25.01534752
"366" "121426_1" "Calidris_ruficollis" 10 0.0470618661036667 0.261043700706667 0.0470618661036667 0.261043700706667 "no_fam" "1_no_fam" 1 54.5 3 26.8 3.28840188751681 -25.01535 25.01535
"367" "121429_2" "Anarhynchus_leschenaultii" 13 -0.241421323376667 0.0637058738035 0.241421323376667 0.0637058738035 NA NA NA 53.1 3 74.8 4.31481788498043 -18.31114598 18.31114598
"368" "121430_2" "Limosa_limosa" 9 0.586451607099333 -0.1442815364549 0.586451607099333 0.1442815364549 "no_fam" "1_no_fam" 1 51.5 3 288.4 5.66434840541079 -18.31115 18.31115
"369" "121431_1" "Calidris_canutus" 13 0.112848288687667 -0.102441124482267 0.112848288687667 0.102441124482267 "no_fam" "1_no_fam" 1 57.9 3 141.9 4.955122584166 -18.31114598 18.31114598
"370" "121432_3" "Numenius_madagascariensis" 13 -0.0676194445804033 -0.0141678398341 0.0676194445804033 0.0141678398341 NA NA NA 54.7 3 792 6.67456139181443 -18.31115 18.31115
"371" "121433_3" "Calidris_ferruginea" 13 -0.308983942834333 0.0811763391086667 0.308983942834333 0.0811763391086667 "no_fam" "1_no_fam" 1 54.9 3 58.1 4.06216566385787 -18.31115 18.31115
"372" "121434_3" "Calidris_ruficollis" 13 -0.190466591912 -0.132669553636 0.190466591912 0.132669553636 "no_fam" "1_no_fam" 1 54.5 3 26.8 3.28840188751681 -18.31115 18.31115
"373" "121435_1" "Calidris_tenuirostris" 13 0.295693770472 -0.100466060640933 0.295693770472 0.100466060640933 NA NA NA 57.3 3 192 5.25749537202778 -18.31115 18.31115
"374" "12144_1" "Plectrophenax_nivalis" 9 0.0837096752926667 -0.310971472877667 0.0837096752926667 0.310971472877667 "no_fam" "1_no_fam" 1 38.6 3 42.2 3.74242022104197 54.44569 54.44569
"375" "12145_1" "Plectrophenax_nivalis" 9 -0.1984945216162 -0.03906688843168 0.1984945216162 0.03906688843168 "no_fam" "1_no_fam" 1 38.6 3 42.2 3.74242022104197 54.677404 54.677404
"376" "121468_1" "Anarhynchus_mongolus" 9 -0.0530459952701 0.1004183075075 0.0530459952701 0.1004183075075 NA NA NA 58.5 3 64 4.15888308335967 -40.43566564 40.43566564
"377" "12147_1" "Plectrophenax_nivalis" 9 0.120574453647333 0.183735455386067 0.120574453647333 0.183735455386067 "no_fam" "1_no_fam" 1 38.6 3 42.2 3.74242022104197 54.182229 54.182229
"378" "121470_1" "Calidris_ferruginea" 39 -1.32735902617333 -0.110482539587667 1.32735902617333 0.110482539587667 "no_fam" "1_no_fam" 1 54.9 3 58.1 4.06216566385787 -40.43567 40.43567
"379" "121471_1" "Calidris_ruficollis" 39 0.0190128068274 0.0378284959542667 0.0190128068274 0.0378284959542667 "no_fam" "1_no_fam" 1 54.5 3 26.8 3.28840188751681 -40.43567 40.43567
"380" "121493_1" "Anarhynchus_leschenaultii" 9 -0.179714487644333 -0.0925584658513333 0.179714487644333 0.0925584658513333 NA NA NA 53.1 3 74.8 4.31481788498043 -25.01534752 25.01534752
"381" "121494_1" "Numenius_madagascariensis" 10 -0.033718999399 0.143374423793667 0.033718999399 0.143374423793667 NA NA NA 54.7 3 792 6.67456139181443 -25.01534752 25.01534752
"382" "121496_1" "Calidris_ruficollis" 9 1.12254344113067 -0.549122165043333 1.12254344113067 0.549122165043333 "no_fam" "1_no_fam" 1 54.5 3 26.8 3.28840188751681 -25.01535 25.01535
"383" "12150_1" "Eremophila_alpestris" 9 -0.1842594949118 -0.0723945395727 0.1842594949118 0.0723945395727 "no_fam" "1_no_fam" 1 38.6 3 33.3 3.5055573969864 54.44569 54.44569
"384" "12151_1" "Eremophila_alpestris" 9 0.091648875965 0.0830445134637 0.091648875965 0.0830445134637 "no_fam" "1_no_fam" 1 38.6 3 33.3 3.5055573969864 54.599119 54.599119
"385" "12152_1" "Eremophila_alpestris" 9 -0.1553456375177 -0.0423255273934333 0.1553456375177 0.0423255273934333 "no_fam" "1_no_fam" 1 38.6 3 33.3 3.5055573969864 54.182229 54.182229
"386" "121529_1" "Calidris_ferruginea" 23 0.269751243360933 -0.010735988815 0.269751243360933 0.010735988815 "no_fam" "1_no_fam" 1 54.9 3 58.1 4.06216566385787 -37.84705 37.84705
"387" "12153_1" "Gavia_stellata" 9 0.472884234696933 -0.210466737270333 0.472884234696933 0.210466737270333 "no_fam" "1_no_fam" 1 47.6 3 1486 7.3038432252777 55.120772 55.120772
"388" "121530_1" "Calidris_ruficollis" 23 0.191303819067667 0.194398596129 0.191303819067667 0.194398596129 "no_fam" "1_no_fam" 1 54.5 3 26.8 3.28840188751681 -37.84705 37.84705
"389" "121532_1" "Calidris_canutus" 12 0.0243952497266667 -0.226833816201533 0.0243952497266667 0.226833816201533 "no_fam" "1_no_fam" 1 57.9 3 141.9 4.955122584166 -34.95748829 34.95748829
"390" "121553_3" "Numenius_madagascariensis" 14 0.202403665523667 -0.0350781961449667 0.202403665523667 0.0350781961449667 NA NA NA 54.7 3 792 6.67456139181443 -38.38643205 38.38643205
"391" "121569_2" "Calidris_ruficollis" 9 -0.247085145312 0.291942085079333 0.247085145312 0.291942085079333 "no_fam" "1_no_fam" 1 54.5 3 26.8 3.28840188751681 -34.95749 34.95749
"392" "12158_1" "Gavia_immer" 16 -0.574885007894667 0.0427590305230667 0.574885007894667 0.0427590305230667 "no_fam" "1_no_fam" 1 49.3 3 4956.8 8.50851565022255 43.208179 43.208179
"393" "121588_1" "Numenius_madagascariensis" 12 0.529141712352 0.326127299884667 0.529141712352 0.326127299884667 NA NA NA 54.7 3 792 6.67456139181443 -35.77465865 35.77465865
"394" "121589_3" "Calidris_ferruginea" 13 0.0807138870802667 -0.12737292056107 0.0807138870802667 0.12737292056107 "no_fam" "1_no_fam" 1 54.9 3 58.1 4.06216566385787 -35.77466 35.77466
"395" "121590_3" "Calidris_ruficollis" 13 -0.791458923929333 -0.146237890463 0.791458923929333 0.146237890463 "no_fam" "1_no_fam" 1 54.5 3 26.8 3.28840188751681 -35.77466 35.77466
"396" "12166_1" "Asio_flammeus" 24 0.107579422863333 -0.0335594048407 0.107579422863333 0.0335594048407 "no_fam" "1_no_fam" 1 47.5 3 322.6 5.77641316569111 52.666667 52.666667
"397" "121702_2" "Calidris_ruficollis" 9 0.282989973653533 0.174242049062 0.282989973653533 0.174242049062 "no_fam" "1_no_fam" 1 54.5 3 26.8 3.28840188751681 -37.34931 37.34931
"398" "121771_1" "Calidris_ruficollis" 9 -0.335779908684667 0.165868461811667 0.335779908684667 0.165868461811667 "no_fam" "1_no_fam" 1 54.5 3 26.8 3.28840188751681 -33.91392 33.91392
"399" "121782_2" "Calidris_tenuirostris" 9 0.015566729961 -0.520445950781433 0.015566729961 0.520445950781433 NA NA NA 57.3 3 192 5.25749537202778 -18.31115 18.31115
"400" "121818_7" "Calidris_ruficollis" 11 -0.014960912784 -0.415444693234667 0.014960912784 0.415444693234667 "no_fam" "1_no_fam" 1 54.5 3 26.8 3.28840188751681 -38.38643 38.38643
"401" "121824_1" "Calidris_ruficollis" 15 0.0559068159456667 -0.142640837933 0.0559068159456667 0.142640837933 "no_fam" "1_no_fam" 1 54.5 3 26.8 3.28840188751681 -38.32101 38.32101
"402" "121824_2" "Calidris_ruficollis" 22 -0.0759508722053333 0.0210162229139333 0.0759508722053333 0.0210162229139333 "no_fam" "1_no_fam" 1 54.5 3 26.8 3.28840188751681 -38.32101 38.32101
"403" "121853_1" "Calidris_ferruginea" 10 -0.890302387461333 -0.441557755689333 0.890302387461333 0.441557755689333 "no_fam" "1_no_fam" 1 54.9 3 58.1 4.06216566385787 -38.38643 38.38643
"404" "121853_2" "Calidris_ferruginea" 12 0.160697582625193 0.39782654342 0.160697582625193 0.39782654342 "no_fam" "1_no_fam" 1 54.9 3 58.1 4.06216566385787 -38.38643 38.38643
"405" "121854_1" "Calidris_ruficollis" 10 -0.351486696133333 -0.263875242190667 0.351486696133333 0.263875242190667 "no_fam" "1_no_fam" 1 54.5 3 26.8 3.28840188751681 -38.38643 38.38643
"406" "121854_2" "Calidris_ruficollis" 20 0.0716466564606667 0.0335752869184333 0.0716466564606667 0.0335752869184333 "no_fam" "1_no_fam" 1 54.5 3 26.8 3.28840188751681 -38.38643 38.38643
"407" "121895_1" "Anarhynchus_mongolus" 9 -0.0222726713545667 0.01223398413862 0.0222726713545667 0.01223398413862 NA NA NA 58.5 3 64 4.15888308335967 -29.24588835 29.24588835
"408" "121899_1" "Calidris_ferruginea" 12 -0.23184108584 0.124777168031667 0.23184108584 0.124777168031667 "no_fam" "1_no_fam" 1 54.9 3 58.1 4.06216566385787 -29.24589 29.24589
"409" "12190_2" "Polysticta_stelleri" 16 0.0851045964008333 0.0729077746153333 0.0851045964008333 0.0729077746153333 "no_fam" "1_no_fam" 1 49.1 3 806.8 6.69307580608006 59.8416 59.8416
"410" "121900_2" "Calidris_ruficollis" 25 0.586224267419667 0.0105383976049267 0.586224267419667 0.0105383976049267 "no_fam" "1_no_fam" 1 54.5 3 26.8 3.28840188751681 -29.24589 29.24589
"411" "12192_2" "Polysticta_stelleri" 15 -0.0124825176214333 -0.0697700996641633 0.0124825176214333 0.0697700996641633 "no_fam" "1_no_fam" 1 49.1 3 806.8 6.69307580608006 58.405219 58.405219
"412" "12193_4" "Aythya_marila" 16 0.133880809533333 -0.174511866601 0.133880809533333 0.174511866601 "no_fam" "1_no_fam" 1 48.9 3 1005.4 6.91314075125848 47.357432 47.357432
"413" "12194_1" "Clangula_hyemalis" 11 -0.354435664086333 0.0213696588337667 0.354435664086333 0.0213696588337667 "no_fam" "1_no_fam" 1 50.9 3 871 6.7696419768525 49.4825 49.4825
"414" "121943_1" "Numenius_madagascariensis" 27 -0.250482685527667 0.0126122131740667 0.250482685527667 0.0126122131740667 NA NA NA 54.7 3 792 6.67456139181443 -40.43566564 40.43566564
"415" "121944_1" "Calidris_ferruginea" 26 -0.084034368481 -0.0255655477972 0.084034368481 0.0255655477972 "no_fam" "1_no_fam" 1 54.9 3 58.1 4.06216566385787 -40.43567 40.43567
"416" "121945_1" "Calidris_ruficollis" 29 -0.299307016845667 0.0327383815377 0.299307016845667 0.0327383815377 "no_fam" "1_no_fam" 1 54.5 3 26.8 3.28840188751681 -40.43567 40.43567
"417" "121949_3" "Calidris_ruficollis" 10 -0.130227262777667 0.198432406436667 0.130227262777667 0.198432406436667 "no_fam" "1_no_fam" 1 54.5 3 26.8 3.28840188751681 -34.95749 34.95749
"418" "12196_1" "Clangula_hyemalis" 12 0.0581110684936367 -0.0514794374665 0.0581110684936367 0.0514794374665 "no_fam" "1_no_fam" 1 50.9 3 871 6.7696419768525 55.092778 55.092778
"419" "121962_2" "Calidris_ruficollis" 9 0.418941166061333 0.0403874060316667 0.418941166061333 0.0403874060316667 "no_fam" "1_no_fam" 1 54.5 3 26.8 3.28840188751681 -31.91535 31.91535
"420" "12197_1" "Cygnus_columbianus" 34 -0.0331463588151833 -0.0311396587092 0.0331463588151833 0.0311396587092 "family" "2_family" 2 45.3 3 6378 8.76060984757 52.09575 52.09575
"421" "121982_2" "Numenius_madagascariensis" 10 -0.139732983232333 0.00289188944206667 0.139732983232333 0.00289188944206667 NA NA NA 54.7 3 792 6.67456139181443 -38.38643205 38.38643205
"422" "12199_1" "Polysticta_stelleri" 16 -0.118974268983 0.0546436657532633 0.118974268983 0.0546436657532633 "no_fam" "1_no_fam" 1 49.1 3 806.8 6.69307580608006 55.920206 55.920206
"423" "121990_4" "Numenius_madagascariensis" 12 -0.556186283497667 -0.164639381928333 0.556186283497667 0.164639381928333 NA NA NA 54.7 3 792 6.67456139181443 -31.23161 31.23161
"424" "121991_3" "Calidris_ruficollis" 11 -0.0739183052023333 -0.0309438808535567 0.0739183052023333 0.0309438808535567 "no_fam" "1_no_fam" 1 54.5 3 26.8 3.28840188751681 -31.23161 31.23161
"425" "122004_1" "Numenius_madagascariensis" 9 -0.0452917721803333 -0.000749551901446 0.0452917721803333 0.000749551901446 NA NA NA 54.7 3 792 6.67456139181443 -31.23160852 31.23160852
"426" "122009_1" "Calidris_ferruginea" 10 0.32404344969 0.975434977733333 0.32404344969 0.975434977733333 "no_fam" "1_no_fam" 1 54.9 3 58.1 4.06216566385787 -34.69552 34.69552
"427" "122010_2" "Calidris_ruficollis" 10 -0.553656218602667 0.273789596361767 0.553656218602667 0.273789596361767 "no_fam" "1_no_fam" 1 54.5 3 26.8 3.28840188751681 -34.69552 34.69552
"428" "122018_2" "Calidris_ruficollis" 10 0.464843983187 0.388944150643667 0.464843983187 0.388944150643667 "no_fam" "1_no_fam" 1 54.5 3 26.8 3.28840188751681 -31.91535 31.91535
"429" "12204_1" "Cygnus_columbianus" 13 -0.0846107327342333 0.114305720584 0.0846107327342333 0.114305720584 "family" "2_family" 2 45.3 3 6378 8.76060984757 55.120772 55.120772
"430" "122043_6" "Calidris_ruficollis" 12 -0.292896681831 -0.675681854371667 0.292896681831 0.675681854371667 "no_fam" "1_no_fam" 1 54.5 3 26.8 3.28840188751681 -38.32101 38.32101
"431" "122078_3" "Numenius_madagascariensis" 9 0.309958307509667 -0.110004852141 0.309958307509667 0.110004852141 NA NA NA 54.7 3 792 6.67456139181443 -40.44800762 40.44800762
"432" "122080_4" "Calidris_ruficollis" 10 0.061814955 -0.260602346712 0.061814955 0.260602346712 "no_fam" "1_no_fam" 1 54.5 3 26.8 3.28840188751681 -40.44801 40.44801
"433" "122087_1" "Calidris_canutus" 13 -0.409001197560333 0.219871924670367 0.409001197560333 0.219871924670367 "no_fam" "1_no_fam" 1 57.9 3 141.9 4.955122584166 -38.38643205 38.38643205
"434" "122090_6" "Calidris_ruficollis" 15 -0.122948043454067 0.0347596858196667 0.122948043454067 0.0347596858196667 "no_fam" "1_no_fam" 1 54.5 3 26.8 3.28840188751681 -38.38643 38.38643
"435" "122097_2" "Calidris_ferruginea" 9 0.830927273220333 0.164280541031333 0.830927273220333 0.164280541031333 "no_fam" "1_no_fam" 1 54.9 3 58.1 4.06216566385787 -40.43567 40.43567
"436" "122098_2" "Calidris_ruficollis" 19 0.425120833680333 -0.00743977600313333 0.425120833680333 0.00743977600313333 "no_fam" "1_no_fam" 1 54.5 3 26.8 3.28840188751681 -40.43567 40.43567
"437" "12210_1" "Cygnus_columbianus" 9 0.470055694205 -0.0551182160103333 0.470055694205 0.0551182160103333 "family" "2_family" 2 45.3 3 6378 8.76060984757 32.082575 32.082575
"438" "12210_4" "Cygnus_columbianus" 15 -0.315096680878067 -0.49149772861 0.315096680878067 0.49149772861 "family" "2_family" 2 45.3 3 6378 8.76060984757 32.082575 32.082575
"439" "122103_4" "Calidris_ruficollis" 12 0.0601974187218333 0.422106896391667 0.0601974187218333 0.422106896391667 "no_fam" "1_no_fam" 1 54.5 3 26.8 3.28840188751681 -38.51215 38.51215
"440" "122111_3" "Calidris_ferruginea" 9 -0.0327404166183333 -0.550528461037667 0.0327404166183333 0.550528461037667 "no_fam" "1_no_fam" 1 54.9 3 58.1 4.06216566385787 -40.44801 40.44801
"441" "122112_3" "Calidris_ruficollis" 9 -0.0836175753933333 -0.0239115899658 0.0836175753933333 0.0239115899658 "no_fam" "1_no_fam" 1 54.5 3 26.8 3.28840188751681 -40.44801 40.44801
"442" "12212_1" "Aythya_marila" 35 -0.178277286206333 -0.0939103541463 0.178277286206333 0.0939103541463 "no_fam" "1_no_fam" 1 48.9 3 1005.4 6.91314075125848 55.666667 55.666667
"443" "122124_2" "Limosa_limosa" 14 -0.798464055203467 -0.0307859460895667 0.798464055203467 0.0307859460895667 "no_fam" "1_no_fam" 1 51.5 3 288.4 5.66434840541079 -32.52013869 32.52013869
"444" "122126_2" "Numenius_madagascariensis" 21 0.255986308949 -0.0197092372886667 0.255986308949 0.0197092372886667 NA NA NA 54.7 3 792 6.67456139181443 -32.52013869 32.52013869
"445" "12216_3" "Aythya_marila" 13 0.386249889617333 0.1442638907389 0.386249889617333 0.1442638907389 "no_fam" "1_no_fam" 1 48.9 3 1005.4 6.91314075125848 57.5 57.5
"446" "122161_3" "Calidris_ferruginea" 9 0.689865122894433 0.540804733627667 0.689865122894433 0.540804733627667 "no_fam" "1_no_fam" 1 54.9 3 58.1 4.06216566385787 -31.91535 31.91535
"447" "122162_2" "Calidris_ruficollis" 22 0.552875401483333 -0.0627364688166667 0.552875401483333 0.0627364688166667 "no_fam" "1_no_fam" 1 54.5 3 26.8 3.28840188751681 -31.91535 31.91535
"448" "12218_1" "Cygnus_columbianus" 13 -0.0643833573410333 -0.00892149036776667 0.0643833573410333 0.00892149036776667 "family" "2_family" 2 45.3 3 6378 8.76060984757 36.331722 36.331722
"449" "122183_6" "Calidris_ferruginea" 12 0.713172744603333 0.0043661544212 0.713172744603333 0.0043661544212 "no_fam" "1_no_fam" 1 54.9 3 58.1 4.06216566385787 -29.24589 29.24589
"450" "122188_5" "Calidris_ruficollis" 10 0.362064635086567 0.0424352852043333 0.362064635086567 0.0424352852043333 "no_fam" "1_no_fam" 1 54.5 3 26.8 3.28840188751681 -31.91535 31.91535
"451" "12219_2" "Aythya_marila" 31 0.0903444198242333 0.0268935254065833 0.0903444198242333 0.0268935254065833 "no_fam" "1_no_fam" 1 48.9 3 1005.4 6.91314075125848 56.10881 56.10881
"452" "12223_1" "Aythya_marila" 21 0.113269171505 0.023986327934 0.113269171505 0.023986327934 "no_fam" "1_no_fam" 1 48.9 3 1005.4 6.91314075125848 54.333333 54.333333
"453" "12224_1" "Aythya_marila" 21 0.2525038980881 -0.00125769472196667 0.2525038980881 0.00125769472196667 "no_fam" "1_no_fam" 1 48.9 3 1005.4 6.91314075125848 54.755 54.755
"454" "122254_3" "Calidris_ruficollis" 12 -0.152373674172333 0.121816627130733 0.152373674172333 0.121816627130733 "no_fam" "1_no_fam" 1 54.5 3 26.8 3.28840188751681 -34.66181 34.66181
"455" "12226_2" "Aythya_marila" 11 0.110041949442333 -0.136801352012667 0.110041949442333 0.136801352012667 "no_fam" "1_no_fam" 1 48.9 3 1005.4 6.91314075125848 59.433333 59.433333
"456" "12227_1" "Aythya_marila" 21 -0.143113654124333 -0.0439726242039 0.143113654124333 0.0439726242039 "no_fam" "1_no_fam" 1 48.9 3 1005.4 6.91314075125848 54.510538 54.510538
"457" "12228_1" "Pluvialis_fulva" 12 0.665169556877167 -0.0050376458256 0.665169556877167 0.0050376458256 "no_fam" "1_no_fam" 1 59.3 3 134.9 4.90453376321371 1.447 1.447
"458" "122280_6" "Limosa_limosa" 19 0.889113046633333 0.0905871096483 0.889113046633333 0.0905871096483 "no_fam" "1_no_fam" 1 51.5 3 288.4 5.66434840541079 -31.91534834 31.91534834
"459" "122282_3" "Calidris_ferruginea" 20 0.336080114381 0.121419346294367 0.336080114381 0.121419346294367 "no_fam" "1_no_fam" 1 54.9 3 58.1 4.06216566385787 -31.91535 31.91535
"460" "122283_3" "Calidris_ruficollis" 24 0.99543076131 0.205440153114833 0.99543076131 0.205440153114833 "no_fam" "1_no_fam" 1 54.5 3 26.8 3.28840188751681 -31.91535 31.91535
"461" "12229_1" "Numenius_phaeopus" 12 0.174090827796033 -0.0117823433965767 0.174090827796033 0.0117823433965767 "no_fam" "1_no_fam" 1 53.5 3 364.6 5.89880086224456 1.447 1.447
"462" "122312_3" "Calidris_ruficollis" 10 1.06775868785667 0.310823947398 1.06775868785667 0.310823947398 "no_fam" "1_no_fam" 1 54.5 3 26.8 3.28840188751681 -31.91535 31.91535
"463" "122339_2" "Calidris_ferruginea" 13 -0.144533691408 -0.5891568059128 0.144533691408 0.5891568059128 "no_fam" "1_no_fam" 1 54.9 3 58.1 4.06216566385787 -38.32101 38.32101
"464" "122340_1" "Calidris_ruficollis" 11 0.434824676481 0.31209255048 0.434824676481 0.31209255048 "no_fam" "1_no_fam" 1 54.5 3 26.8 3.28840188751681 -38.32101 38.32101
"465" "122340_2" "Calidris_ruficollis" 16 -0.0745194600222 -0.0996324048907 0.0745194600222 0.0996324048907 "no_fam" "1_no_fam" 1 54.5 3 26.8 3.28840188751681 -38.32101 38.32101
"466" "122344_1" "Calidris_ruficollis" 10 -0.463587882412 -0.1771482151081 0.463587882412 0.1771482151081 "no_fam" "1_no_fam" 1 54.5 3 26.8 3.28840188751681 -31.91535 31.91535
"467" "122371_5" "Anarhynchus_mongolus" 9 0.124871558470333 0.0317488158586667 0.124871558470333 0.0317488158586667 NA NA NA 58.5 3 64 4.15888308335967 -12.72421 12.72421
"468" "122372_2" "Anarhynchus_leschenaultii" 15 -0.108279248534333 0.0004291288857 0.108279248534333 0.0004291288857 NA NA NA 53.1 3 74.8 4.31481788498043 -12.72421308 12.72421308
"469" "122373_6" "Limosa_limosa" 9 0.410399582469147 -0.121568993996003 0.410399582469147 0.121568993996003 "no_fam" "1_no_fam" 1 51.5 3 288.4 5.66434840541079 -12.72421 12.72421
"470" "122374_1" "Calidris_canutus" 18 -0.203255781516333 0.0702586871052333 0.203255781516333 0.0702586871052333 "no_fam" "1_no_fam" 1 57.9 3 141.9 4.955122584166 -12.72421308 12.72421308
"471" "122377_5" "Calidris_ruficollis" 17 -0.341068878702967 0.0234058411704633 0.341068878702967 0.0234058411704633 "no_fam" "1_no_fam" 1 54.5 3 26.8 3.28840188751681 -12.72421 12.72421
"472" "122378_1" "Calidris_tenuirostris" 17 -0.1936442646729 -0.00324827905499667 0.1936442646729 0.00324827905499667 NA NA NA 57.3 3 192 5.25749537202778 -12.72421 12.72421
"473" "122405_3" "Calidris_ferruginea" 16 -0.0676370406279333 0.000432335516633333 0.0676370406279333 0.000432335516633333 "no_fam" "1_no_fam" 1 54.9 3 58.1 4.06216566385787 -37.34931 37.34931
"474" "122406_3" "Calidris_ruficollis" 16 0.793631875113333 0.0408473789131667 0.793631875113333 0.0408473789131667 "no_fam" "1_no_fam" 1 54.5 3 26.8 3.28840188751681 -37.34931 37.34931
"475" "122406_4" "Calidris_ruficollis" 10 -0.902267752726 -0.570629641746 0.902267752726 0.570629641746 "no_fam" "1_no_fam" 1 54.5 3 26.8 3.28840188751681 -37.34931 37.34931
"476" "122416_2" "Numenius_madagascariensis" 10 0.687027845986667 0.363754117015667 0.687027845986667 0.363754117015667 NA NA NA 54.7 3 792 6.67456139181443 -38.38643205 38.38643205
"477" "122418_3" "Calidris_ruficollis" 9 0.277721507712667 -0.377891228879333 0.277721507712667 0.377891228879333 "no_fam" "1_no_fam" 1 54.5 3 26.8 3.28840188751681 -38.38643 38.38643
"478" "122435_2" "Calidris_ruficollis" 11 -1.22175188457667 0.523201014365 1.22175188457667 0.523201014365 "no_fam" "1_no_fam" 1 54.5 3 26.8 3.28840188751681 -38.32101 38.32101
"479" "12249_2" "Pluvialis_fulva" 12 0.16469122412 0.126806320243333 0.16469122412 0.126806320243333 "no_fam" "1_no_fam" 1 59.3 3 134.9 4.90453376321371 -28.192222 28.192222
"480" "122497_3" "Numenius_madagascariensis" 14 0.1704872687011 -0.06266790737835 0.1704872687011 0.06266790737835 NA NA NA 54.7 3 792 6.67456139181443 -38.38643205 38.38643205
"481" "12253_1" "Anser_erythropus" 22 -0.192473426021667 0.059283207476 0.192473426021667 0.059283207476 "family" "2_family" 2 53.1 3 1755.5 7.47050899560849 46.583333 46.583333
"482" "122569_1" "Calidris_ferruginea" 26 -0.51307056101 -0.00936153506686667 0.51307056101 0.00936153506686667 "no_fam" "1_no_fam" 1 54.9 3 58.1 4.06216566385787 -38.32101 38.32101
"483" "12257_2" "Polysticta_stelleri" 13 -0.0564322868771333 -0.0081331866983 0.0564322868771333 0.0081331866983 "no_fam" "1_no_fam" 1 49.1 3 806.8 6.69307580608006 70.117025 70.117025
"484" "122570_1" "Calidris_ruficollis" 34 0.184648453472667 0.0667272583266667 0.184648453472667 0.0667272583266667 "no_fam" "1_no_fam" 1 54.5 3 26.8 3.28840188751681 -38.32101 38.32101
"485" "122580_1" "Calidris_ruficollis" 11 -0.443842078246 -0.244238922037333 0.443842078246 0.244238922037333 "no_fam" "1_no_fam" 1 54.5 3 26.8 3.28840188751681 -34.69552 34.69552
"486" "122587_1" "Numenius_madagascariensis" 9 0.146170208141 -0.159393383505 0.146170208141 0.159393383505 NA NA NA 54.7 3 792 6.67456139181443 -38.38643205 38.38643205
"487" "122587_2" "Numenius_madagascariensis" 11 -0.0886034342039 -0.0307704604103333 0.0886034342039 0.0307704604103333 NA NA NA 54.7 3 792 6.67456139181443 -38.38643205 38.38643205
"488" "122589_1" "Calidris_ruficollis" 10 -0.100964290247667 0.691292367633333 0.100964290247667 0.691292367633333 "no_fam" "1_no_fam" 1 54.5 3 26.8 3.28840188751681 -38.38643 38.38643
"489" "122596_1" "Anarhynchus_mongolus" 13 -0.300031038493 -0.0522695524897333 0.300031038493 0.0522695524897333 NA NA NA 58.5 3 64 4.15888308335967 -38.38643205 38.38643205
"490" "122601_1" "Calidris_ferruginea" 20 -0.618055091307 0.0287227350961733 0.618055091307 0.0287227350961733 "no_fam" "1_no_fam" 1 54.9 3 58.1 4.06216566385787 -38.38643 38.38643
"491" "122602_1" "Calidris_ruficollis" 20 0.207605623530967 -0.1098769496506 0.207605623530967 0.1098769496506 "no_fam" "1_no_fam" 1 54.5 3 26.8 3.28840188751681 -38.38643 38.38643
"492" "12265_1" "Polysticta_stelleri" 23 -0.0573534444523333 -0.01646240001 0.0573534444523333 0.01646240001 "no_fam" "1_no_fam" 1 49.1 3 806.8 6.69307580608006 55.446129 55.446129
"493" "122657_4" "Anarhynchus_mongolus" 12 -0.200764875868267 0.0250461656250333 0.200764875868267 0.0250461656250333 NA NA NA 58.5 3 64 4.15888308335967 -12.72421 12.72421
"494" "122658_2" "Anarhynchus_leschenaultii" 11 0.113805978201133 -0.0181743969579633 0.113805978201133 0.0181743969579633 NA NA NA 53.1 3 74.8 4.31481788498043 -12.72421308 12.72421308
"495" "122661_4" "Calidris_ruficollis" 12 0.181082032478 0.0007513360502 0.181082032478 0.0007513360502 "no_fam" "1_no_fam" 1 54.5 3 26.8 3.28840188751681 -12.72421 12.72421
"496" "122662_3" "Calidris_tenuirostris" 12 -0.32541615836 0.0293374025846667 0.32541615836 0.0293374025846667 NA NA NA 57.3 3 192 5.25749537202778 -12.72421 12.72421
"497" "122680_5" "Numenius_madagascariensis" 9 0.316483686006 0.152933311393667 0.316483686006 0.152933311393667 NA NA NA 54.7 3 792 6.67456139181443 -29.24588835 29.24588835
"498" "122682_5" "Calidris_ruficollis" 10 1.03691469875 0.0126456001307333 1.03691469875 0.0126456001307333 "no_fam" "1_no_fam" 1 54.5 3 26.8 3.28840188751681 -29.24589 29.24589
"499" "122704_1" "Numenius_madagascariensis" 20 -0.143207791117733 -0.10902762448182 0.143207791117733 0.10902762448182 NA NA NA 54.7 3 792 6.67456139181443 -38.38643205 38.38643205
"500" "122705_1" "Calidris_ferruginea" 17 -0.075748035365 -0.0540837548002333 0.075748035365 0.0540837548002333 "no_fam" "1_no_fam" 1 54.9 3 58.1 4.06216566385787 -38.38643 38.38643
"501" "122706_1" "Calidris_ruficollis" 39 0.0242475433756667 -0.00462336664696667 0.0242475433756667 0.00462336664696667 "no_fam" "1_no_fam" 1 54.5 3 26.8 3.28840188751681 -38.38643 38.38643
"502" "122732_1" "Numenius_madagascariensis" 15 -0.298774015341867 0.00458382931533333 0.298774015341867 0.00458382931533333 NA NA NA 54.7 3 792 6.67456139181443 -42.65599782 42.65599782
"503" "122733_2" "Calidris_ferruginea" 12 0.169083378727467 0.0637233089165333 0.169083378727467 0.0637233089165333 "no_fam" "1_no_fam" 1 54.9 3 58.1 4.06216566385787 -42.656 42.656
"504" "122734_2" "Calidris_ruficollis" 21 -0.3546953851399 -0.134782139014667 0.3546953851399 0.134782139014667 "no_fam" "1_no_fam" 1 54.5 3 26.8 3.28840188751681 -42.656 42.656
"505" "122754_1" "Calidris_ruficollis" 10 1.12473534016733 -0.1420140475274 1.12473534016733 0.1420140475274 "no_fam" "1_no_fam" 1 54.5 3 26.8 3.28840188751681 -31.91535 31.91535
"506" "122776_1" "Calidris_ruficollis" 19 -0.097117826323 -0.0942175582189667 0.097117826323 0.0942175582189667 "no_fam" "1_no_fam" 1 54.5 3 26.8 3.28840188751681 -37.34931 37.34931
"507" "122799_1" "Calidris_ruficollis" 10 0.0679744314486667 0.030215951338 0.0679744314486667 0.030215951338 "no_fam" "1_no_fam" 1 54.5 3 26.8 3.28840188751681 -31.91535 31.91535
"508" "1228_1" "Ardea_purpurea" 27 0.054696090704 -0.00236799424237 0.054696090704 0.00236799424237 "no_fam" "1_no_fam" 1 33.9 3 1064.5 6.97026048433353 45.07361 45.07361
"509" "12280_1" "Pluvialis_fulva" 18 -0.301204010725667 0.144100227067867 0.301204010725667 0.144100227067867 "no_fam" "1_no_fam" 1 59.3 3 134.9 4.90453376321371 -38.166667 38.166667
"510" "122801_2" "Numenius_madagascariensis" 23 -0.075579275776 0.0424559980958667 0.075579275776 0.0424559980958667 NA NA NA 54.7 3 792 6.67456139181443 -38.38643205 38.38643205
"511" "122802_4" "Calidris_ferruginea" 21 -0.152545620940333 -0.0137556250229 0.152545620940333 0.0137556250229 "no_fam" "1_no_fam" 1 54.9 3 58.1 4.06216566385787 -38.38643 38.38643
"512" "122803_3" "Calidris_ruficollis" 15 -0.416490087914133 0.104881028372 0.416490087914133 0.104881028372 "no_fam" "1_no_fam" 1 54.5 3 26.8 3.28840188751681 -38.38643 38.38643
"513" "122806_4" "Calidris_ferruginea" 10 -0.152576594395267 0.011142381885 0.152576594395267 0.011142381885 "no_fam" "1_no_fam" 1 54.9 3 58.1 4.06216566385787 -42.656 42.656
"514" "122807_1" "Calidris_ruficollis" 30 0.332687285368667 -0.0250046886850667 0.332687285368667 0.0250046886850667 "no_fam" "1_no_fam" 1 54.5 3 26.8 3.28840188751681 -42.656 42.656
"515" "12284_3" "Anser_brachyrhynchus" 15 0.106057607095967 0.0377231830458363 0.106057607095967 0.0377231830458363 "family" "2_family" 2 49.3 3 2642 7.87929148508227 56.127782 56.127782
"516" "122850_1" "Calidris_ruficollis" 9 -0.056050058192 0.0511832823186667 0.056050058192 0.0511832823186667 "no_fam" "1_no_fam" 1 54.5 3 26.8 3.28840188751681 -31.91535 31.91535
"517" "12286_1" "Anser_brachyrhynchus" 22 -0.122468564838967 -0.0330106433226333 0.122468564838967 0.0330106433226333 "family" "2_family" 2 49.3 3 2642 7.87929148508227 55.252145 55.252145
"518" "122868_8" "Calidris_ruficollis" 13 0.451915336452 0.142957981018267 0.451915336452 0.142957981018267 "no_fam" "1_no_fam" 1 54.5 3 26.8 3.28840188751681 -38.38643 38.38643
"519" "122876_2" "Calidris_ruficollis" 12 0.846535239296667 -0.0242350379943333 0.846535239296667 0.0242350379943333 "no_fam" "1_no_fam" 1 54.5 3 26.8 3.28840188751681 -33.91392 33.91392
"520" "122917_2" "Numenius_madagascariensis" 13 0.0645593767675 0.0308124783714667 0.0645593767675 0.0308124783714667 NA NA NA 54.7 3 792 6.67456139181443 -32.36602361 32.36602361
"521" "12292_1" "Numenius_phaeopus" 22 0.1201216220552 -0.0616020873406 0.1201216220552 0.0616020873406 "no_fam" "1_no_fam" 1 53.5 3 364.6 5.89880086224456 55.252145 55.252145
"522" "122925_1" "Numenius_madagascariensis" 11 0.198375064665333 -0.159829785148033 0.198375064665333 0.159829785148033 NA NA NA 54.7 3 792 6.67456139181443 -32.36602361 32.36602361
"523" "12295_1" "Anser_brachyrhynchus" 43 0.00906421043966667 0.0826411567625333 0.00906421043966667 0.0826411567625333 "family" "2_family" 2 49.3 3 2642 7.87929148508227 51.266574 51.266574
"524" "122952_1" "Numenius_madagascariensis" 10 -1.30178226665933 -0.2053926085658 1.30178226665933 0.2053926085658 NA NA NA 54.7 3 792 6.67456139181443 -38.38643205 38.38643205
"525" "122983_3" "Anarhynchus_mongolus" 9 1.33167682079587 -0.18173035444 1.33167682079587 0.18173035444 NA NA NA 58.5 3 64 4.15888308335967 -38.38643205 38.38643205
"526" "122985_1" "Calidris_ferruginea" 13 -0.00590699785636667 -0.771129872687 0.00590699785636667 0.771129872687 "no_fam" "1_no_fam" 1 54.9 3 58.1 4.06216566385787 -38.38643 38.38643
"527" "122986_1" "Calidris_ruficollis" 24 0.444101307496933 -0.236322872783333 0.444101307496933 0.236322872783333 "no_fam" "1_no_fam" 1 54.5 3 26.8 3.28840188751681 -38.38643 38.38643
"528" "122986_3" "Calidris_ruficollis" 9 -0.158391881027067 0.0464808813093 0.158391881027067 0.0464808813093 "no_fam" "1_no_fam" 1 54.5 3 26.8 3.28840188751681 -38.38643 38.38643
"529" "122993_1" "Calidris_ferruginea" 25 -0.273203275149333 0.0528806932885667 0.273203275149333 0.0528806932885667 "no_fam" "1_no_fam" 1 54.9 3 58.1 4.06216566385787 -38.38643 38.38643
"530" "122994_1" "Calidris_ruficollis" 25 0.071897888758 0.0197640251241167 0.071897888758 0.0197640251241167 "no_fam" "1_no_fam" 1 54.5 3 26.8 3.28840188751681 -38.38643 38.38643
"531" "122994_2" "Calidris_ruficollis" 12 0.386276347248333 -0.419289279021333 0.386276347248333 0.419289279021333 "no_fam" "1_no_fam" 1 54.5 3 26.8 3.28840188751681 -38.38643 38.38643
"532" "12301_1" "Pluvialis_fulva" 9 0.254978212435333 -0.04355437624785 0.254978212435333 0.04355437624785 "no_fam" "1_no_fam" 1 59.3 3 134.9 4.90453376321371 -42 42
"533" "123032_1" "Anarhynchus_mongolus" 9 0.25452362692 -0.443042987049333 0.25452362692 0.443042987049333 NA NA NA 58.5 3 64 4.15888308335967 -38.32100885 38.32100885
"534" "123037_1" "Calidris_ferruginea" 9 1.22968953045333 -0.0829411463566667 1.22968953045333 0.0829411463566667 "no_fam" "1_no_fam" 1 54.9 3 58.1 4.06216566385787 -38.32101 38.32101
"535" "123038_1" "Calidris_ruficollis" 11 0.60320646221 -0.1099459414319 0.60320646221 0.1099459414319 "no_fam" "1_no_fam" 1 54.5 3 26.8 3.28840188751681 -38.32101 38.32101
"536" "123038_2" "Calidris_ruficollis" 26 0.704407887463333 0.141430544152667 0.704407887463333 0.141430544152667 "no_fam" "1_no_fam" 1 54.5 3 26.8 3.28840188751681 -38.32101 38.32101
"537" "12304_1" "Anser_albifrons" 43 -0.108309283931733 -0.0153938409765333 0.108309283931733 0.0153938409765333 "family" "2_family" 2 52.6 3 2506.4 7.82660273963798 51.266574 51.266574
"538" "123056_1" "Anarhynchus_leschenaultii" 9 0.348596988911 0.0150832506264667 0.348596988911 0.0150832506264667 NA NA NA 53.1 3 74.8 4.31481788498043 -12.72421308 12.72421308
"539" "123059_1" "Numenius_madagascariensis" 10 -0.0448443649080333 0.0316062263624333 0.0448443649080333 0.0316062263624333 NA NA NA 54.7 3 792 6.67456139181443 -12.72421308 12.72421308
"540" "123061_1" "Calidris_tenuirostris" 11 0.384451597460667 0.0824084009219667 0.384451597460667 0.0824084009219667 NA NA NA 57.3 3 192 5.25749537202778 -12.72421 12.72421
"541" "12308_1" "Anser_brachyrhynchus" 49 -0.0589192435919 0.00429273854390667 0.0589192435919 0.00429273854390667 "family" "2_family" 2 49.3 3 2642 7.87929148508227 53.666667 53.666667
"542" "123095_2" "Calidris_ruficollis" 10 0.256163252595667 -0.00758028442446667 0.256163252595667 0.00758028442446667 "no_fam" "1_no_fam" 1 54.5 3 26.8 3.28840188751681 -31.91535 31.91535
"543" "12313_1" "Numenius_phaeopus" 9 0.170894997433 0.0650409292173333 0.170894997433 0.0650409292173333 "no_fam" "1_no_fam" 1 53.5 3 364.6 5.89880086224456 -42 42
"544" "123130_3" "Calidris_ruficollis" 19 -0.134150996371033 -0.0936456561123333 0.134150996371033 0.0936456561123333 "no_fam" "1_no_fam" 1 54.5 3 26.8 3.28840188751681 -40.44801 40.44801
"545" "123137_1" "Numenius_madagascariensis" 18 0.2653410615126 -0.0645977600923333 0.2653410615126 0.0645977600923333 NA NA NA 54.7 3 792 6.67456139181443 -34.66180604 34.66180604
"546" "123139_1" "Calidris_ruficollis" 18 0.0982929545246667 0.0165332926775967 0.0982929545246667 0.0165332926775967 "no_fam" "1_no_fam" 1 54.5 3 26.8 3.28840188751681 -34.66181 34.66181
"547" "123179_4" "Anarhynchus_leschenaultii" 10 -0.1316709182536 0.127618900765667 0.1316709182536 0.127618900765667 NA NA NA 53.1 3 74.8 4.31481788498043 -29.24588835 29.24588835
"548" "123181_3" "Numenius_madagascariensis" 12 -0.148285450236333 -0.01857105847172 0.148285450236333 0.01857105847172 NA NA NA 54.7 3 792 6.67456139181443 -29.24588835 29.24588835
"549" "123183_7" "Calidris_ruficollis" 12 0.233375389025333 -0.0486075700118 0.233375389025333 0.0486075700118 "no_fam" "1_no_fam" 1 54.5 3 26.8 3.28840188751681 -29.24589 29.24589
"550" "123184_4" "Calidris_tenuirostris" 12 0.609021333863333 -0.0545959076805 0.609021333863333 0.0545959076805 NA NA NA 57.3 3 192 5.25749537202778 -29.24589 29.24589
"551" "1232_1" "Aythya_ferina" 28 0.378285111673433 0.259914782824667 0.378285111673433 0.259914782824667 "no_fam" "1_no_fam" 1 50.1 1 823 6.71295620067707 56 56
"552" "123205_1" "Limosa_limosa" 9 -0.73513512268 0.153542858768 0.73513512268 0.153542858768 "no_fam" "1_no_fam" 1 51.5 3 288.4 5.66434840541079 -12.72421308 12.72421308
"553" "123207_1" "Numenius_madagascariensis" 9 -0.197752735306667 -0.00714267844828 0.197752735306667 0.00714267844828 NA NA NA 54.7 3 792 6.67456139181443 -12.72421308 12.72421308
"554" "123208_1" "Calidris_tenuirostris" 9 -0.692291946520333 0.266726413439767 0.692291946520333 0.266726413439767 NA NA NA 57.3 3 192 5.25749537202778 -12.72421 12.72421
"555" "123209_1" "Calidris_ferruginea" 10 0.172805017417 -0.0209875989256333 0.172805017417 0.0209875989256333 "no_fam" "1_no_fam" 1 54.9 3 58.1 4.06216566385787 -33.68682 33.68682
"556" "123223_1" "Numenius_madagascariensis" 9 -0.448201003423667 0.221820181085667 0.448201003423667 0.221820181085667 NA NA NA 54.7 3 792 6.67456139181443 -38.38643205 38.38643205
"557" "123225_1" "Calidris_ruficollis" 15 0.0540292475084 -0.0809972077162333 0.0540292475084 0.0809972077162333 "no_fam" "1_no_fam" 1 54.5 3 26.8 3.28840188751681 -38.38643 38.38643
"558" "12323_1" "Arenaria_interpres" 9 0.101616413116833 -0.0174335895278167 0.101616413116833 0.0174335895278167 "no_fam" "1_no_fam" 1 55.6 3 136 4.91265488573605 -42 42
"559" "123241_1" "Calidris_ferruginea" 9 -0.339370885143567 -0.115262695166727 0.339370885143567 0.115262695166727 "no_fam" "1_no_fam" 1 54.9 3 58.1 4.06216566385787 -37.84705 37.84705
"560" "123241_2" "Calidris_ferruginea" 12 -0.191336477469 0.86244158379 0.191336477469 0.86244158379 "no_fam" "1_no_fam" 1 54.9 3 58.1 4.06216566385787 -37.84705 37.84705
"561" "123242_1" "Calidris_ruficollis" 12 -1.13672465891933 0.480501351758333 1.13672465891933 0.480501351758333 "no_fam" "1_no_fam" 1 54.5 3 26.8 3.28840188751681 -37.84705 37.84705
"562" "123242_2" "Calidris_ruficollis" 9 0.446186624136667 -0.330224184748333 0.446186624136667 0.330224184748333 "no_fam" "1_no_fam" 1 54.5 3 26.8 3.28840188751681 -37.84705 37.84705
"563" "123246_1" "Calidris_ferruginea" 17 -0.295904968664867 0.0209405185428667 0.295904968664867 0.0209405185428667 "no_fam" "1_no_fam" 1 54.9 3 58.1 4.06216566385787 -38.32101 38.32101
"564" "123247_1" "Calidris_ruficollis" 23 -0.323463839038667 -0.00577142962333333 0.323463839038667 0.00577142962333333 "no_fam" "1_no_fam" 1 54.5 3 26.8 3.28840188751681 -38.32101 38.32101
"565" "123251_4" "Calidris_ferruginea" 9 0.741349567898333 -0.213914308006667 0.741349567898333 0.213914308006667 "no_fam" "1_no_fam" 1 54.9 3 58.1 4.06216566385787 -38.32101 38.32101
"566" "123267_3" "Numenius_madagascariensis" 9 -0.420358709047333 -0.0236772331046667 0.420358709047333 0.0236772331046667 NA NA NA 54.7 3 792 6.67456139181443 -38.32100885 38.32100885
"567" "12329_1" "Calidris_ruficollis" 9 0.0754478331485 0.00942025809476667 0.0754478331485 0.00942025809476667 "no_fam" "1_no_fam" 1 54.5 3 26.8 3.28840188751681 -42 42
"568" "1233_1" "Aythya_ferina" 9 0.151866478644033 -0.083339800196 0.151866478644033 0.083339800196 "no_fam" "1_no_fam" 1 50.1 1 823 6.71295620067707 40.67389 40.67389
"569" "123345_1" "Calidris_canutus" 12 0.524405083369667 -0.217046756371 0.524405083369667 0.217046756371 "no_fam" "1_no_fam" 1 57.9 3 141.9 4.955122584166 -33.91392283 33.91392283
"570" "123348_2" "Calidris_ruficollis" 12 0.849698211140667 0.093883358996 0.849698211140667 0.093883358996 "no_fam" "1_no_fam" 1 54.5 3 26.8 3.28840188751681 -33.91392 33.91392
"571" "123354_2" "Calidris_ruficollis" 9 0.371331730803557 -0.055605210633 0.371331730803557 0.055605210633 "no_fam" "1_no_fam" 1 54.5 3 26.8 3.28840188751681 -33.91392 33.91392
"572" "12336_1" "Anser_fabalis" 11 -0.140261812047333 0.12066606095963 0.140261812047333 0.12066606095963 "family" "2_family" 2 50.1 3 2754.7 7.92106382273579 46.392559 46.392559
"573" "12339_1" "Anser_albifrons" 22 -0.385666385282 0.0197169157910667 0.385666385282 0.0197169157910667 "family" "2_family" 2 52.6 3 2506.4 7.82660273963798 46.583333 46.583333
"574" "123392_1" "Numenius_madagascariensis" 19 -0.123361798071667 -0.0300525726914333 0.123361798071667 0.0300525726914333 NA NA NA 54.7 3 792 6.67456139181443 -38.38643205 38.38643205
"575" "123393_1" "Calidris_ferruginea" 16 0.068868841281 -0.074988881289 0.068868841281 0.074988881289 "no_fam" "1_no_fam" 1 54.9 3 58.1 4.06216566385787 -38.38643 38.38643
"576" "123394_1" "Calidris_ruficollis" 36 0.176199779600939 -0.0137133058977 0.176199779600939 0.0137133058977 "no_fam" "1_no_fam" 1 54.5 3 26.8 3.28840188751681 -38.38643 38.38643
"577" "12340_1" "Anser_anser" 22 -0.000972448275433333 -0.0359249153835 0.000972448275433333 0.0359249153835 "family" "2_family" 2 47.2 3 3302.4 8.10240475584719 46.583333 46.583333
"578" "12341_1" "Calidris_ruficollis" 9 -0.187654354553667 -0.0133157770000667 0.187654354553667 0.0133157770000667 "no_fam" "1_no_fam" 1 54.5 3 26.8 3.28840188751681 35.685278 35.685278
"579" "123417_3" "Anarhynchus_leschenaultii" 9 -0.631835977223333 0.176348897602467 0.631835977223333 0.176348897602467 NA NA NA 53.1 3 74.8 4.31481788498043 -18.31114598 18.31114598
"580" "123419_3" "Calidris_canutus" 9 0.124986766394667 0.0704182825979333 0.124986766394667 0.0704182825979333 "no_fam" "1_no_fam" 1 57.9 3 141.9 4.955122584166 -18.31114598 18.31114598
"581" "123421_3" "Calidris_ferruginea" 9 -0.1653241369305 0.0405212971199133 0.1653241369305 0.0405212971199133 "no_fam" "1_no_fam" 1 54.9 3 58.1 4.06216566385787 -18.31115 18.31115
"582" "123422_3" "Calidris_ruficollis" 9 -0.300659932728667 0.110321972954333 0.300659932728667 0.110321972954333 "no_fam" "1_no_fam" 1 54.5 3 26.8 3.28840188751681 -18.31115 18.31115
"583" "123423_3" "Calidris_tenuirostris" 9 0.128800626122067 -0.04699720225286 0.128800626122067 0.04699720225286 NA NA NA 57.3 3 192 5.25749537202778 -18.31115 18.31115
"584" "123426_3" "Numenius_madagascariensis" 18 0.0966034117759 -0.0211206068706237 0.0966034117759 0.0211206068706237 NA NA NA 54.7 3 792 6.67456139181443 -34.22470711 34.22470711
"585" "123457_3" "Calidris_ruficollis" 9 0.471407576800667 -0.686099780979333 0.471407576800667 0.686099780979333 "no_fam" "1_no_fam" 1 54.5 3 26.8 3.28840188751681 -38.38643 38.38643
"586" "1235_1" "Aythya_ferina" 28 -0.0409166340458667 0.0106540467731567 0.0409166340458667 0.0106540467731567 "no_fam" "1_no_fam" 1 50.1 1 823 6.71295620067707 48.76972 48.76972
"587" "123521_1" "Numenius_madagascariensis" 14 -0.257906820638267 0.0944950257968 0.257906820638267 0.0944950257968 NA NA NA 54.7 3 792 6.67456139181443 -34.22470711 34.22470711
"588" "123529_1" "Calidris_ferruginea" 15 -0.349364277450667 0.27296698903 0.349364277450667 0.27296698903 "no_fam" "1_no_fam" 1 54.9 3 58.1 4.06216566385787 -37.34931 37.34931
"589" "123530_1" "Calidris_ruficollis" 15 0.436108884882 0.0326845338793333 0.436108884882 0.0326845338793333 "no_fam" "1_no_fam" 1 54.5 3 26.8 3.28840188751681 -37.34931 37.34931
"590" "123530_4" "Calidris_ruficollis" 9 0.601593539243333 0.4747124004319 0.601593539243333 0.4747124004319 "no_fam" "1_no_fam" 1 54.5 3 26.8 3.28840188751681 -37.34931 37.34931
"591" "12357_1" "Anser_albifrons" 48 -0.128969363473 -0.0654911664743 0.128969363473 0.0654911664743 "family" "2_family" 2 52.6 3 2506.4 7.82660273963798 53.666667 53.666667
"592" "123582_1" "Calidris_ruficollis" 15 0.445808973062967 -0.0756327198059333 0.445808973062967 0.0756327198059333 "no_fam" "1_no_fam" 1 54.5 3 26.8 3.28840188751681 -38.38643 38.38643
"593" "12359_1" "Calidris_ferruginea" 9 -0.0048599400411 0.0164701111263667 0.0048599400411 0.0164701111263667 "no_fam" "1_no_fam" 1 54.9 3 58.1 4.06216566385787 -42 42
"594" "123593_1" "Calyptorhynchus_lathami" 12 -0.148780337530533 -0.132863236676667 0.148780337530533 0.132863236676667 "family" "2_family" 2 45.8 1 437 6.07993319509559 -35.92921 35.92921
"595" "123594_1" "Calyptorhynchus_lathami" 12 -0.0721168000172667 -0.1080259664821 0.0721168000172667 0.1080259664821 "family" "2_family" 2 45.8 1 437 6.07993319509559 -35.92921 35.92921
"596" "123595_1" "Calyptorhynchus_lathami" 12 -0.180771848910667 -0.0563949503926333 0.180771848910667 0.0563949503926333 "family" "2_family" 2 45.8 1 437 6.07993319509559 -35.92921 35.92921
"597" "123596_1" "Calyptorhynchus_lathami" 12 -0.84510248626 -0.0450020068027 0.84510248626 0.0450020068027 "family" "2_family" 2 45.8 1 437 6.07993319509559 -35.92921 35.92921
"598" "123597_1" "Calyptorhynchus_lathami" 12 -0.262538817965767 0.0806280115933333 0.262538817965767 0.0806280115933333 "family" "2_family" 2 45.8 1 437 6.07993319509559 -35.92921 35.92921
"599" "123598_1" "Calyptorhynchus_lathami" 12 0.659519768182333 0.3552269330324 0.659519768182333 0.3552269330324 "family" "2_family" 2 45.8 1 437 6.07993319509559 -35.92921 35.92921
"600" "1236_1" "Aythya_ferina" 28 0.0917439178216667 0.00935467820071 0.0917439178216667 0.00935467820071 "no_fam" "1_no_fam" 1 50.1 1 823 6.71295620067707 51.79 51.79
"601" "12360_1" "Anser_albifrons" 19 0.0613462403571667 0.01898557226567 0.0613462403571667 0.01898557226567 "family" "2_family" 2 52.6 3 2506.4 7.82660273963798 38.718867 38.718867
"602" "12361_1" "Calidris_ferruginea" 12 -0.4443918500599 0.098936075948 0.4443918500599 0.098936075948 "no_fam" "1_no_fam" 1 54.9 3 58.1 4.06216566385787 1.447 1.447
"603" "12367_1" "Aythya_marila" 13 -0.0238791083871 0.0195498292090667 0.0238791083871 0.0195498292090667 "no_fam" "1_no_fam" 1 48.9 3 1005.4 6.91314075125848 36.026889 36.026889
"604" "123688_1" "Gallirallus_sylvestris" 23 -0.0532563036412667 0.0229993713533333 0.0532563036412667 0.0229993713533333 "coop_families" "3_coop_families" 3 16.2 1 494.4 6.20334490614348 -31.55156 31.55156
"605" "123689_1" "Pterodroma_leucoptera" 12 -0.00473687315076667 0.0360283337839 0.00473687315076667 0.0360283337839 "no_fam" "1_no_fam" 1 66.5 2 147.1 4.99111262760739 -32.36602 32.36602
"606" "12369_3" "Arenaria_interpres" 23 0.1504404312539 0.0276693595117333 0.1504404312539 0.0276693595117333 "no_fam" "1_no_fam" 1 55.6 3 136 4.91265488573605 -41.059444 41.059444
"607" "123699_1" "Dasyornis_brachypterus" 14 0.509120530583 -0.0341689964636333 0.509120530583 0.0341689964636333 "no_fam" "1_no_fam" 1 7.1 1 41.8 3.73289633953071 -37.29257 37.29257
"608" "1237_1" "Aythya_ferina" 9 -0.2679546982132 0.143635780064667 0.2679546982132 0.143635780064667 "no_fam" "1_no_fam" 1 50.1 1 823 6.71295620067707 39.82278 39.82278
"609" "123701_1" "Dasyornis_brachypterus" 14 0.381854148795033 -0.100325650110933 0.381854148795033 0.100325650110933 "no_fam" "1_no_fam" 1 7.1 1 41.8 3.73289633953071 -37.29257 37.29257
"610" "123703_2" "Dasyornis_brachypterus" 11 -0.146711986750833 -0.00307144315783333 0.146711986750833 0.00307144315783333 "no_fam" "1_no_fam" 1 7.1 1 41.8 3.73289633953071 -37.29257 37.29257
"611" "12371_1" "Pluvialis_apricaria" 11 0.0669291752481667 0.026102214102 0.0669291752481667 0.026102214102 NA "1_no_fam" 1 57.4 3 214 5.36597601502185 53.87083 53.87083
"612" "123801_1" "Lichenostomus_melanops" 30 -0.0298965130938333 0.01075383407972 0.0298965130938333 0.01075383407972 "coop_families" "3_coop_families" 3 19.6 2 32.3 3.47506723022861 -37.67163 37.67163
"613" "123802_1" "Lichenostomus_melanops" 16 -0.333726148664333 0.0924726603295333 0.333726148664333 0.0924726603295333 "coop_families" "3_coop_families" 3 19.6 2 32.3 3.47506723022861 -37.67163 37.67163
"614" "123803_1" "Atrichornis_rufescens" 10 -0.138220373409667 0.0486121914975333 0.138220373409667 0.0486121914975333 "no_fam" "1_no_fam" 1 10.7 1 24 3.17805383034795 -32.0032 32.0032
"615" "123809_1" "Pedionomus_torquatus" 10 -0.236340417840667 -0.00293369183603333 0.236340417840667 0.00293369183603333 "family" "2_family" 2 30.6 1 62.5 4.13516655674236 -36.3188 36.3188
"616" "123810_1" "Pedionomus_torquatus" 19 -0.620440112871333 0.152091193614333 0.620440112871333 0.152091193614333 "family" "2_family" 2 30.6 1 62.5 4.13516655674236 -34.79519 34.79519
"617" "123816_1" "Calidris_tenuirostris" 15 -0.051382034409 -0.0753230802023667 0.051382034409 0.0753230802023667 NA NA NA 57.3 3 192 5.25749537202778 -27.20517 27.20517
"618" "12382_1" "Arenaria_interpres" 30 -0.242788963354667 0.197071279464667 0.242788963354667 0.197071279464667 "no_fam" "1_no_fam" 1 55.6 3 136 4.91265488573605 -40.753611 40.753611
"619" "123832_1" "Numenius_madagascariensis" 12 0.0038243223176 0.137531437375333 0.0038243223176 0.137531437375333 NA NA NA 54.7 3 792 6.67456139181443 -27.20516781 27.20516781
"620" "123868_1" "Numenius_madagascariensis" 24 0.580239665504333 -0.07493693952 0.580239665504333 0.07493693952 NA NA NA 54.7 3 792 6.67456139181443 -27.20516781 27.20516781
"621" "123872_1" "Anarhynchus_mongolus" 28 -0.0149840919574 0.00274061681243333 0.0149840919574 0.00274061681243333 NA NA NA 58.5 3 64 4.15888308335967 -27.20516781 27.20516781
"622" "123873_1" "Anarhynchus_leschenaultii" 23 0.665311465196633 0.108912064633067 0.665311465196633 0.108912064633067 NA NA NA 53.1 3 74.8 4.31481788498043 -27.20516781 27.20516781
"623" "123875_3" "Calidris_canutus" 17 -0.272400122022333 -0.0658020765931667 0.272400122022333 0.0658020765931667 "no_fam" "1_no_fam" 1 57.9 3 141.9 4.955122584166 -27.20516781 27.20516781
"624" "123876_1" "Numenius_madagascariensis" 12 0.069558125282 -0.04296028801262 0.069558125282 0.04296028801262 NA NA NA 54.7 3 792 6.67456139181443 -27.20516781 27.20516781
"625" "123876_2" "Numenius_madagascariensis" 12 0.8146270490727 -0.024486651701 0.8146270490727 0.024486651701 NA NA NA 54.7 3 792 6.67456139181443 -27.20516781 27.20516781
"626" "123877_1" "Calidris_ferruginea" 28 -0.679628140309667 -0.129084189203333 0.679628140309667 0.129084189203333 "no_fam" "1_no_fam" 1 54.9 3 58.1 4.06216566385787 -27.20517 27.20517
"627" "123878_1" "Calidris_ruficollis" 28 -0.874842509345 0.00640532907952667 0.874842509345 0.00640532907952667 "no_fam" "1_no_fam" 1 54.5 3 26.8 3.28840188751681 -27.20517 27.20517
"628" "123879_1" "Calidris_tenuirostris" 23 -0.0507837270523 -0.142246966921333 0.0507837270523 0.142246966921333 NA NA NA 57.3 3 192 5.25749537202778 -27.20517 27.20517
"629" "12391_2" "Alle_alle" 9 0.239221005536667 0.100922230345933 0.239221005536667 0.100922230345933 "no_fam" "1_no_fam" 1 51.3 3 180.7 5.19683819759818 55.563544 55.563544
"630" "12392_2" "Tringa_glareola" 9 -0.718361944520667 0.0525644728716333 0.718361944520667 0.0525644728716333 "no_fam" "1_no_fam" 1 48.4 3 62.1 4.12874598893943 -32.7 32.7
"631" "12394_1" "Alle_alle" 10 0.467632994316 -0.0214804615276667 0.467632994316 0.0214804615276667 "no_fam" "1_no_fam" 1 51.3 3 180.7 5.19683819759818 54.18091 54.18091
"632" "123947_1" "Calidris_tenuirostris" 13 -1.63070264307 0.0947413446110667 1.63070264307 0.0947413446110667 NA NA NA 57.3 3 192 5.25749537202778 -27.20517 27.20517
"633" "123954_2" "Numenius_madagascariensis" 10 0.0535894860898667 0.0555776863302667 0.0535894860898667 0.0555776863302667 NA NA NA 54.7 3 792 6.67456139181443 -25.10118443 25.10118443
"634" "123955_2" "Calidris_ferruginea" 10 0.350402469058667 0.093327207711 0.350402469058667 0.093327207711 "no_fam" "1_no_fam" 1 54.9 3 58.1 4.06216566385787 -25.10118 25.10118
"635" "123956_2" "Calidris_ruficollis" 10 1.06275414992898 0.174383998720767 1.06275414992898 0.174383998720767 "no_fam" "1_no_fam" 1 54.5 3 26.8 3.28840188751681 -25.10118 25.10118
"636" "12399_1" "Calidris_acuminata" 9 0.271718369971 -0.100595398739367 0.271718369971 0.100595398739367 NA NA NA 54.5 3 66.1 4.19116874685764 -42 42
"637" "124008_1" "Anarhynchus_mongolus" 16 0.139463320955 -0.0472215058133 0.139463320955 0.0472215058133 NA NA NA 58.5 3 64 4.15888308335967 -27.20516781 27.20516781
"638" "124009_1" "Anarhynchus_leschenaultii" 10 -0.716753853521 0.0646417266813 0.716753853521 0.0646417266813 NA NA NA 53.1 3 74.8 4.31481788498043 -27.20516781 27.20516781
"639" "124012_1" "Numenius_madagascariensis" 21 -0.179938050991 0.0483693256878 0.179938050991 0.0483693256878 NA NA NA 54.7 3 792 6.67456139181443 -27.20516781 27.20516781
"640" "124013_2" "Calidris_ferruginea" 11 -0.483468943707667 -0.0227761616837733 0.483468943707667 0.0227761616837733 "no_fam" "1_no_fam" 1 54.9 3 58.1 4.06216566385787 -27.20517 27.20517
"641" "124014_1" "Calidris_ruficollis" 15 -0.826191763763 0.0681992316458667 0.826191763763 0.0681992316458667 "no_fam" "1_no_fam" 1 54.5 3 26.8 3.28840188751681 -27.20517 27.20517
"642" "124015_1" "Calidris_tenuirostris" 16 0.372036912236933 0.0527073681444333 0.372036912236933 0.0527073681444333 NA NA NA 57.3 3 192 5.25749537202778 -27.20517 27.20517
"643" "124024_1" "Anarhynchus_mongolus" 9 0.770104347964333 -0.0529027536596667 0.770104347964333 0.0529027536596667 NA NA NA 58.5 3 64 4.15888308335967 -17.27687556 17.27687556
"644" "124024_2" "Anarhynchus_mongolus" 12 0.00672998362466667 0.0375044764013333 0.00672998362466667 0.0375044764013333 NA NA NA 58.5 3 64 4.15888308335967 -17.27687556 17.27687556
"645" "124025_3" "Anarhynchus_leschenaultii" 10 0.14191098711658 -0.0221041966845333 0.14191098711658 0.0221041966845333 NA NA NA 53.1 3 74.8 4.31481788498043 -17.27687556 17.27687556
"646" "124026_2" "Limosa_limosa" 12 0.0287099582122667 -0.000711067983313333 0.0287099582122667 0.000711067983313333 "no_fam" "1_no_fam" 1 51.5 3 288.4 5.66434840541079 -17.27687556 17.27687556
"647" "124028_1" "Numenius_madagascariensis" 9 0.352478980417367 -0.0185895601256 0.352478980417367 0.0185895601256 NA NA NA 54.7 3 792 6.67456139181443 -17.27687556 17.27687556
"648" "124028_2" "Numenius_madagascariensis" 12 0.252389356980667 -0.0049971839367 0.252389356980667 0.0049971839367 NA NA NA 54.7 3 792 6.67456139181443 -17.27687556 17.27687556
"649" "124029_1" "Calidris_ferruginea" 9 -0.08589604184753 0.00110832096016667 0.08589604184753 0.00110832096016667 "no_fam" "1_no_fam" 1 54.9 3 58.1 4.06216566385787 -17.27688 17.27688
"650" "124029_2" "Calidris_ferruginea" 12 0.0725618320620533 -0.0103865760938967 0.0725618320620533 0.0103865760938967 "no_fam" "1_no_fam" 1 54.9 3 58.1 4.06216566385787 -17.27688 17.27688
"651" "124030_1" "Calidris_ruficollis" 9 -0.0380075096176667 0.00709190700396667 0.0380075096176667 0.00709190700396667 "no_fam" "1_no_fam" 1 54.5 3 26.8 3.28840188751681 -17.27688 17.27688
"652" "124030_2" "Calidris_ruficollis" 12 0.325130102594667 -0.0516247230226667 0.325130102594667 0.0516247230226667 "no_fam" "1_no_fam" 1 54.5 3 26.8 3.28840188751681 -17.27688 17.27688
"653" "124031_2" "Calidris_tenuirostris" 12 -0.104062298645333 0.00381645835213667 0.104062298645333 0.00381645835213667 NA NA NA 57.3 3 192 5.25749537202778 -17.27688 17.27688
"654" "1241_1" "Aythya_fuligula" 28 0.1210059388717 0.103675690413 0.1210059388717 0.103675690413 "no_fam" "1_no_fam" 1 50.1 2 701.2 6.55279315304708 56 56
"655" "124166_3" "Anarhynchus_mongolus" 12 0.357041794913167 0.0898757693576667 0.357041794913167 0.0898757693576667 NA NA NA 58.5 3 64 4.15888308335967 -25.10118443 25.10118443
"656" "124167_2" "Anarhynchus_leschenaultii" 12 0.411951343776667 -0.0545922797143 0.411951343776667 0.0545922797143 NA NA NA 53.1 3 74.8 4.31481788498043 -25.10118443 25.10118443
"657" "124170_4" "Numenius_madagascariensis" 14 0.600708522947 0.0638999961529 0.600708522947 0.0638999961529 NA NA NA 54.7 3 792 6.67456139181443 -25.10118443 25.10118443
"658" "124172_4" "Calidris_ruficollis" 11 0.316666223271333 -0.118401546739 0.316666223271333 0.118401546739 "no_fam" "1_no_fam" 1 54.5 3 26.8 3.28840188751681 -25.10118 25.10118
"659" "124173_3" "Calidris_tenuirostris" 10 0.75099873192 -0.0543216452147333 0.75099873192 0.0543216452147333 NA NA NA 57.3 3 192 5.25749537202778 -25.10118 25.10118
"660" "124228_2" "Anarhynchus_mongolus" 9 0.635896886242333 0.1011359946669 0.635896886242333 0.1011359946669 NA NA NA 58.5 3 64 4.15888308335967 -27.20516781 27.20516781
"661" "124231_1" "Numenius_madagascariensis" 23 -0.381124877434333 -0.0975771338567 0.381124877434333 0.0975771338567 NA NA NA 54.7 3 792 6.67456139181443 -27.20516781 27.20516781
"662" "124233_1" "Calidris_ruficollis" 23 -0.198802388163667 0.0597143337237333 0.198802388163667 0.0597143337237333 "no_fam" "1_no_fam" 1 54.5 3 26.8 3.28840188751681 -27.20517 27.20517
"663" "124235_1" "Limosa_limosa" 16 -0.377380018103667 0.159730292480333 0.377380018103667 0.159730292480333 "no_fam" "1_no_fam" 1 51.5 3 288.4 5.66434840541079 -27.20516781 27.20516781
"664" "124238_1" "Calidris_ferruginea" 16 0.671756612270667 0.0991731745012333 0.671756612270667 0.0991731745012333 "no_fam" "1_no_fam" 1 54.9 3 58.1 4.06216566385787 -27.20517 27.20517
"665" "124240_1" "Calidris_tenuirostris" 13 -0.0548280365624667 -0.0611810860195667 0.0548280365624667 0.0611810860195667 NA NA NA 57.3 3 192 5.25749537202778 -27.20517 27.20517
"666" "124249_1" "Numenius_madagascariensis" 12 -0.624009445005333 -0.0763403249943333 0.624009445005333 0.0763403249943333 NA NA NA 54.7 3 792 6.67456139181443 -27.20516781 27.20516781
"667" "12425_1" "Arenaria_interpres" 29 -0.400285944157667 -0.288116352255933 0.400285944157667 0.288116352255933 "no_fam" "1_no_fam" 1 55.6 3 136 4.91265488573605 -38.783333 38.783333
"668" "12426_1" "Limosa_haemastica" 12 -0.0189242795463333 0.088252444067 0.0189242795463333 0.088252444067 "no_fam" "1_no_fam" 1 57.5 3 253.3 5.53457455700763 -41.799983 41.799983
"669" "124260_2" "Limosa_limosa" 9 0.832155884816333 0.224323706486667 0.832155884816333 0.224323706486667 "no_fam" "1_no_fam" 1 51.5 3 288.4 5.66434840541079 -27.20516781 27.20516781
"670" "124265_1" "Calidris_tenuirostris" 9 0.176852458735333 0.362829972212333 0.176852458735333 0.362829972212333 NA NA NA 57.3 3 192 5.25749537202778 -27.20517 27.20517
"671" "12427_1" "Calidris_alba" 12 0.690334521619333 -0.215609309832533 0.690334521619333 0.215609309832533 "no_fam" "1_no_fam" 1 52.3 3 51.7 3.94545778151438 -38.783333 38.783333
"672" "12427_2" "Calidris_alba" 15 -0.043706330358 -0.065727354989 0.043706330358 0.065727354989 "no_fam" "1_no_fam" 1 52.3 3 51.7 3.94545778151438 -38.783333 38.783333
"673" "1243_1" "Aythya_fuligula" 28 0.00758396032363333 -0.01234369184706 0.00758396032363333 0.01234369184706 "no_fam" "1_no_fam" 1 50.1 2 701.2 6.55279315304708 48.76972 48.76972
"674" "124301_1" "Anarhynchus_mongolus" 17 -0.457070616538 0.140604304043 0.457070616538 0.140604304043 NA NA NA 58.5 3 64 4.15888308335967 -27.20516781 27.20516781
"675" "124302_1" "Anarhynchus_leschenaultii" 10 0.519429588857 -0.162495125764 0.519429588857 0.162495125764 NA NA NA 53.1 3 74.8 4.31481788498043 -27.20516781 27.20516781
"676" "124305_1" "Numenius_madagascariensis" 18 0.267251272939333 -0.0253383072275667 0.267251272939333 0.0253383072275667 NA NA NA 54.7 3 792 6.67456139181443 -27.20516781 27.20516781
"677" "124306_1" "Calidris_ferruginea" 12 0.320462571020167 0.0131973853359 0.320462571020167 0.0131973853359 "no_fam" "1_no_fam" 1 54.9 3 58.1 4.06216566385787 -27.20517 27.20517
"678" "124307_1" "Calidris_ruficollis" 27 0.464611893209133 0.100398129715667 0.464611893209133 0.100398129715667 "no_fam" "1_no_fam" 1 54.5 3 26.8 3.28840188751681 -27.20517 27.20517
"679" "124308_3" "Calidris_tenuirostris" 17 1.17540860787097 -0.090363227684 1.17540860787097 0.090363227684 NA NA NA 57.3 3 192 5.25749537202778 -27.20517 27.20517
"680" "124346_1" "Numenius_madagascariensis" 9 -0.125370563730133 0.0196051339952667 0.125370563730133 0.0196051339952667 NA NA NA 54.7 3 792 6.67456139181443 -14.72684217 14.72684217
"681" "12437_1" "Pluvialis_squatarola" 29 -0.255243751279 0.0720687262393333 0.255243751279 0.0720687262393333 "no_fam" "1_no_fam" 1 60.1 3 250 5.52146091786225 -38.783333 38.783333
"682" "124371_2" "Numenius_madagascariensis" 15 0.241461014421667 -0.0129631916200333 0.241461014421667 0.0129631916200333 NA NA NA 54.7 3 792 6.67456139181443 -21.09203 21.09203
"683" "124378_1" "Numenius_madagascariensis" 27 -0.178873274458 -0.0288416987034667 0.178873274458 0.0288416987034667 NA NA NA 54.7 3 792 6.67456139181443 -27.20516781 27.20516781
"684" "124379_3" "Calidris_ferruginea" 9 0.114949419271 0.091469393154 0.114949419271 0.091469393154 "no_fam" "1_no_fam" 1 54.9 3 58.1 4.06216566385787 -27.20517 27.20517
"685" "124380_4" "Calidris_ruficollis" 20 1.051559230959 -0.337445662154333 1.051559230959 0.337445662154333 "no_fam" "1_no_fam" 1 54.5 3 26.8 3.28840188751681 -27.20517 27.20517
"686" "124385_1" "Anarhynchus_mongolus" 16 -0.120049889383 0.1634111746113 0.120049889383 0.1634111746113 NA NA NA 58.5 3 64 4.15888308335967 -25.10118443 25.10118443
"687" "124386_1" "Anarhynchus_leschenaultii" 9 -0.52560630083541 0.118552682057667 0.52560630083541 0.118552682057667 NA NA NA 53.1 3 74.8 4.31481788498043 -25.10118443 25.10118443
"688" "124388_1" "Calidris_ruficollis" 9 0.1321332640452 0.0750737855306667 0.1321332640452 0.0750737855306667 "no_fam" "1_no_fam" 1 54.5 3 26.8 3.28840188751681 -25.10118 25.10118
"689" "1244_1" "Aythya_fuligula" 28 0.0181199169089333 0.0136192380177 0.0181199169089333 0.0136192380177 "no_fam" "1_no_fam" 1 50.1 2 701.2 6.55279315304708 51.79 51.79
"690" "124413_2" "Numenius_madagascariensis" 14 -0.4553081510924 0.0002065862791 0.4553081510924 0.0002065862791 NA NA NA 54.7 3 792 6.67456139181443 -27.20516781 27.20516781
"691" "124415_1" "Calidris_ruficollis" 24 0.354508511750667 0.0109645737741667 0.354508511750667 0.0109645737741667 "no_fam" "1_no_fam" 1 54.5 3 26.8 3.28840188751681 -27.20517 27.20517
"692" "124475_2" "Numenius_madagascariensis" 15 0.0307164777833333 -0.147788419344433 0.0307164777833333 0.147788419344433 NA NA NA 54.7 3 792 6.67456139181443 -27.20516781 27.20516781
"693" "124528_1" "Numenius_madagascariensis" 18 0.304034184126667 -0.0487123074723333 0.304034184126667 0.0487123074723333 NA NA NA 54.7 3 792 6.67456139181443 -27.20516781 27.20516781
"694" "124535_1" "Numenius_madagascariensis" 10 0.248256984360333 0.0721213614483 0.248256984360333 0.0721213614483 NA NA NA 54.7 3 792 6.67456139181443 -22.67300879 22.67300879
"695" "124536_3" "Calidris_ruficollis" 10 1.36757141044 0.1675709808776 1.36757141044 0.1675709808776 "no_fam" "1_no_fam" 1 54.5 3 26.8 3.28840188751681 -22.67301 22.67301
"696" "12454_1" "Limosa_lapponica" 12 -0.466612369935333 0.014511987839 0.466612369935333 0.014511987839 "no_fam" "1_no_fam" 1 56.6 3 291.7 5.67572587687368 48.66268 48.66268
"697" "124570_4" "Numenius_madagascariensis" 15 0.2813623923547 0.081918277642 0.2813623923547 0.081918277642 NA NA NA 54.7 3 792 6.67456139181443 -27.20516781 27.20516781
"698" "124572_4" "Calidris_ruficollis" 9 -0.962503518003333 -0.0602631192919 0.962503518003333 0.0602631192919 "no_fam" "1_no_fam" 1 54.5 3 26.8 3.28840188751681 -27.20517 27.20517
"699" "124574_1" "Limosa_limosa" 25 -0.269614829935333 -0.0196676503651333 0.269614829935333 0.0196676503651333 "no_fam" "1_no_fam" 1 51.5 3 288.4 5.66434840541079 -27.20516781 27.20516781
"700" "124576_1" "Numenius_madagascariensis" 17 0.233204046443567 0.0167608766210233 0.233204046443567 0.0167608766210233 NA NA NA 54.7 3 792 6.67456139181443 -27.20516781 27.20516781
"701" "124577_1" "Calidris_ferruginea" 18 -0.311430961019 0.0358746604342 0.311430961019 0.0358746604342 "no_fam" "1_no_fam" 1 54.9 3 58.1 4.06216566385787 -27.20517 27.20517
"702" "124582_3" "Numenius_madagascariensis" 12 0.0403430560037 0.0596578580315667 0.0403430560037 0.0596578580315667 NA NA NA 54.7 3 792 6.67456139181443 -27.20517 27.20517
"703" "124584_1" "Calidris_ruficollis" 10 0.20270493555 -0.304595750908667 0.20270493555 0.304595750908667 "no_fam" "1_no_fam" 1 54.5 3 26.8 3.28840188751681 -27.20517 27.20517
"704" "124589_3" "Calidris_canutus" 12 0.434442298042667 0.227248256447667 0.434442298042667 0.227248256447667 "no_fam" "1_no_fam" 1 57.9 3 141.9 4.955122584166 -25.10118443 25.10118443
"705" "124590_2" "Numenius_madagascariensis" 19 0.088218137912 0.0193289805972 0.088218137912 0.0193289805972 NA NA NA 54.7 3 792 6.67456139181443 -25.10118443 25.10118443
"706" "124591_4" "Calidris_ferruginea" 12 -0.857897789235333 -0.160327633357 0.857897789235333 0.160327633357 "no_fam" "1_no_fam" 1 54.9 3 58.1 4.06216566385787 -25.10118 25.10118
"707" "124592_2" "Calidris_ruficollis" 9 0.473976890394867 -0.235879067276 0.473976890394867 0.235879067276 "no_fam" "1_no_fam" 1 54.5 3 26.8 3.28840188751681 -25.10118 25.10118
"708" "124593_2" "Calidris_tenuirostris" 19 -0.292401675255667 0.0575713874118333 0.292401675255667 0.0575713874118333 NA NA NA 57.3 3 192 5.25749537202778 -25.10118 25.10118
"709" "124607_1" "Anarhynchus_mongolus" 15 0.620009365598867 -0.04870763184112 0.620009365598867 0.04870763184112 NA NA NA 58.5 3 64 4.15888308335967 -27.20516781 27.20516781
"710" "124607_2" "Anarhynchus_mongolus" 10 0.625870623527 -0.0167343116337667 0.625870623527 0.0167343116337667 NA NA NA 58.5 3 64 4.15888308335967 -27.20516781 27.20516781
"711" "124608_1" "Anarhynchus_leschenaultii" 12 0.393985791845467 -0.00836099274576667 0.393985791845467 0.00836099274576667 NA NA NA 53.1 3 74.8 4.31481788498043 -27.20516781 27.20516781
"712" "124609_2" "Limosa_limosa" 9 -0.329643000361667 0.232280825933333 0.329643000361667 0.232280825933333 "no_fam" "1_no_fam" 1 51.5 3 288.4 5.66434840541079 -27.20516781 27.20516781
"713" "124609_4" "Limosa_limosa" 11 -0.969326426354667 0.0743498654965 0.969326426354667 0.0743498654965 "no_fam" "1_no_fam" 1 51.5 3 288.4 5.66434840541079 -27.20516781 27.20516781
"714" "124610_1" "Calidris_canutus" 12 0.217145741150067 0.0489065018583333 0.217145741150067 0.0489065018583333 "no_fam" "1_no_fam" 1 57.9 3 141.9 4.955122584166 -27.20516781 27.20516781
"715" "124610_2" "Calidris_canutus" 9 0.196660657800667 -0.235137137356167 0.196660657800667 0.235137137356167 "no_fam" "1_no_fam" 1 57.9 3 141.9 4.955122584166 -27.20516781 27.20516781
"716" "124611_1" "Numenius_madagascariensis" 27 0.320396753132667 -0.0439597627924667 0.320396753132667 0.0439597627924667 NA NA NA 54.7 3 792 6.67456139181443 -27.20516781 27.20516781
"717" "124612_1" "Calidris_ferruginea" 27 -0.389608134211667 0.0696531737615133 0.389608134211667 0.0696531737615133 "no_fam" "1_no_fam" 1 54.9 3 58.1 4.06216566385787 -27.20517 27.20517
"718" "124613_1" "Calidris_ruficollis" 27 -0.013613959679 0.02668549008433 0.013613959679 0.02668549008433 "no_fam" "1_no_fam" 1 54.5 3 26.8 3.28840188751681 -27.20517 27.20517
"719" "124614_1" "Calidris_tenuirostris" 23 0.0353238016091333 -0.00312596093992333 0.0353238016091333 0.00312596093992333 NA NA NA 57.3 3 192 5.25749537202778 -27.20517 27.20517
"720" "12462_1" "Calidris_alpina" 12 -0.630898492543333 0.0698397577433 0.630898492543333 0.0698397577433 "no_fam" "1_no_fam" 1 53.4 3 51.9 3.94931879017184 36.007451 36.007451
"721" "12464_2" "Calidris_alba" 9 0.597498051903133 0.115904800085 0.597498051903133 0.115904800085 "no_fam" "1_no_fam" 1 52.3 3 51.7 3.94545778151438 34.956667 34.956667
"722" "124647_2" "Anarhynchus_mongolus" 9 -0.3887595587791 -0.0556325665922667 0.3887595587791 0.0556325665922667 NA NA NA 58.5 3 64 4.15888308335967 -25.10118443 25.10118443
"723" "124651_2" "Numenius_madagascariensis" 15 0.220800116076933 0.166851627743 0.220800116076933 0.166851627743 NA NA NA 54.7 3 792 6.67456139181443 -25.10118443 25.10118443
"724" "124653_2" "Calidris_ruficollis" 13 -0.114607545816 -0.193017951273333 0.114607545816 0.193017951273333 "no_fam" "1_no_fam" 1 54.5 3 26.8 3.28840188751681 -25.10118 25.10118
"725" "124654_2" "Calidris_tenuirostris" 12 0.296404947986667 0.202463549339433 0.296404947986667 0.202463549339433 NA NA NA 57.3 3 192 5.25749537202778 -25.10118 25.10118
"726" "12466_1" "Pluvialis_squatarola" 12 -0.399475726886667 -0.072120583827 0.399475726886667 0.072120583827 "no_fam" "1_no_fam" 1 60.1 3 250 5.52146091786225 36.739722 36.739722
"727" "12467_1" "Anser_albifrons" 11 -0.0210405604197 -0.0251354542912667 0.0210405604197 0.0251354542912667 "family" "2_family" 2 52.6 3 2506.4 7.82660273963798 36.007451 36.007451
"728" "12468_1" "Aythya_marila" 12 0.0587569630933333 0.0892916216986667 0.0587569630933333 0.0892916216986667 "no_fam" "1_no_fam" 1 48.9 3 1005.4 6.91314075125848 34.564058 34.564058
"729" "12469_1" "Cygnus_columbianus" 11 -0.525443707545767 0.0696483979046667 0.525443707545767 0.0696483979046667 "family" "2_family" 2 45.3 3 6378 8.76060984757 36.007451 36.007451
"730" "12470_1" "Mergus_serrator" 11 0.0549407842003333 0.081155849706 0.0549407842003333 0.081155849706 "no_fam" "1_no_fam" 1 49.3 3 1015.2 6.92284091640018 34.839731 34.839731
"731" "124740_1" "Numenius_madagascariensis" 9 0.377616301832667 -0.143969330703333 0.377616301832667 0.143969330703333 NA NA NA 54.7 3 792 6.67456139181443 -27.20516781 27.20516781
"732" "124769_1" "Calidris_ruficollis" 9 0.130067913931 0.185992292609 0.130067913931 0.185992292609 "no_fam" "1_no_fam" 1 54.5 3 26.8 3.28840188751681 -25.10118 25.10118
"733" "124802_2" "Numenius_madagascariensis" 11 -0.630773215107333 -0.108950051887033 0.630773215107333 0.108950051887033 NA NA NA 54.7 3 792 6.67456139181443 -25.10118443 25.10118443
"734" "124804_2" "Calidris_ruficollis" 11 0.226532239408333 0.134260313684767 0.226532239408333 0.134260313684767 "no_fam" "1_no_fam" 1 54.5 3 26.8 3.28840188751681 -25.10118 25.10118
"735" "124805_2" "Calidris_tenuirostris" 11 -0.487603460037833 -0.0457747574668 0.487603460037833 0.0457747574668 NA NA NA 57.3 3 192 5.25749537202778 -25.10118 25.10118
"736" "124839_2" "Limosa_limosa" 15 0.496939092201927 -0.0967599569016667 0.496939092201927 0.0967599569016667 "no_fam" "1_no_fam" 1 51.5 3 288.4 5.66434840541079 -27.20516781 27.20516781
"737" "124841_2" "Numenius_madagascariensis" 18 0.623209052728667 0.0562160393906667 0.623209052728667 0.0562160393906667 NA NA NA 54.7 3 792 6.67456139181443 -27.20516781 27.20516781
"738" "124842_2" "Calidris_ferruginea" 19 0.656406194309667 -0.222794246883333 0.656406194309667 0.222794246883333 "no_fam" "1_no_fam" 1 54.9 3 58.1 4.06216566385787 -27.20517 27.20517
"739" "124846_3" "Limosa_limosa" 9 0.232378787211 0.0157599540665667 0.232378787211 0.0157599540665667 "no_fam" "1_no_fam" 1 51.5 3 288.4 5.66434840541079 -27.20516781 27.20516781
"740" "124848_3" "Numenius_madagascariensis" 15 0.0405094579117667 -0.0526542999576333 0.0405094579117667 0.0526542999576333 NA NA NA 54.7 3 792 6.67456139181443 -27.20516781 27.20516781
"741" "124849_5" "Calidris_ferruginea" 9 -0.0735416549216667 0.0340397759864667 0.0735416549216667 0.0340397759864667 "no_fam" "1_no_fam" 1 54.9 3 58.1 4.06216566385787 -27.20517 27.20517
"742" "124851_3" "Calidris_tenuirostris" 10 -0.369112787990333 0.0176431734423333 0.369112787990333 0.0176431734423333 NA NA NA 57.3 3 192 5.25749537202778 -27.20517 27.20517
"743" "124867_1" "Numenius_madagascariensis" 16 -0.313349383436667 -0.0889058951156 0.313349383436667 0.0889058951156 NA NA NA 54.7 3 792 6.67456139181443 -21.09202705 21.09202705
"744" "124869_1" "Calidris_ruficollis" 12 0.1844858172172 -0.140504589730333 0.1844858172172 0.140504589730333 "no_fam" "1_no_fam" 1 54.5 3 26.8 3.28840188751681 -21.09203 21.09203
"745" "124870_1" "Calidris_tenuirostris" 10 0.2506665370995 0.00856525487266667 0.2506665370995 0.00856525487266667 NA NA NA 57.3 3 192 5.25749537202778 -21.09203 21.09203
"746" "124871_2" "Anarhynchus_mongolus" 9 -0.766648343753333 0.269220328256 0.766648343753333 0.269220328256 NA NA NA 58.5 3 64 4.15888308335967 -25.10118443 25.10118443
"747" "124942_1" "Numenius_madagascariensis" 10 0.84007147715 0.17677793415 0.84007147715 0.17677793415 NA NA NA 54.7 3 792 6.67456139181443 -24.22947123 24.22947123
"748" "124948_1" "Numenius_madagascariensis" 12 0.168511367736333 0.0200651207224667 0.168511367736333 0.0200651207224667 NA NA NA 54.7 3 792 6.67456139181443 -27.20516781 27.20516781
"749" "124950_1" "Calidris_ruficollis" 12 -0.367768791837333 -0.130635290128 0.367768791837333 0.130635290128 "no_fam" "1_no_fam" 1 54.5 3 26.8 3.28840188751681 -27.20517 27.20517
"750" "124965_2" "Numenius_madagascariensis" 14 0.098774912668 -0.0270404549340667 0.098774912668 0.0270404549340667 NA NA NA 54.7 3 792 6.67456139181443 -27.20516781 27.20516781
"751" "124983_2" "Anarhynchus_mongolus" 9 0.0378964027133333 0.031182651162 0.0378964027133333 0.031182651162 NA NA NA 58.5 3 64 4.15888308335967 -19.59936328 19.59936328
"752" "124987_1" "Numenius_madagascariensis" 17 -0.707422275443543 0.0771715666031667 0.707422275443543 0.0771715666031667 NA NA NA 54.7 3 792 6.67456139181443 -19.59936328 19.59936328
"753" "124990_3" "Calidris_tenuirostris" 10 -0.201830381078067 -0.0798973256887667 0.201830381078067 0.0798973256887667 NA NA NA 57.3 3 192 5.25749537202778 -19.59936 19.59936
"754" "125015_1" "Anarhynchus_leschenaultii" 15 -0.097234847813 -0.0303855326180667 0.097234847813 0.0303855326180667 NA NA NA 53.1 3 74.8 4.31481788498043 -27.20516781 27.20516781
"755" "125016_1" "Numenius_madagascariensis" 21 0.302041826054 -0.0328032471180583 0.302041826054 0.0328032471180583 NA NA NA 54.7 3 792 6.67456139181443 -27.20516781 27.20516781
"756" "125017_1" "Calidris_ferruginea" 22 0.0572916165653333 0.0017841449661 0.0572916165653333 0.0017841449661 "no_fam" "1_no_fam" 1 54.9 3 58.1 4.06216566385787 -27.20517 27.20517
"757" "125018_1" "Calidris_ruficollis" 13 -0.786895507913333 0.144399718768 0.786895507913333 0.144399718768 "no_fam" "1_no_fam" 1 54.5 3 26.8 3.28840188751681 -27.20517 27.20517
"758" "125020_2" "Anarhynchus_mongolus" 9 0.2034860315851 0.02500698296558 0.2034860315851 0.02500698296558 NA NA NA 58.5 3 64 4.15888308335967 -27.20516781 27.20516781
"759" "125021_1" "Anarhynchus_leschenaultii" 18 0.506818339635333 -0.0606994720836667 0.506818339635333 0.0606994720836667 NA NA NA 53.1 3 74.8 4.31481788498043 -27.20516781 27.20516781
"760" "125023_1" "Numenius_madagascariensis" 27 0.491982104657667 -0.0447336043896067 0.491982104657667 0.0447336043896067 NA NA NA 54.7 3 792 6.67456139181443 -27.20516781 27.20516781
"761" "125024_1" "Calidris_ferruginea" 18 0.890321289813333 0.0546178648806167 0.890321289813333 0.0546178648806167 "no_fam" "1_no_fam" 1 54.9 3 58.1 4.06216566385787 -27.20517 27.20517
"762" "125034_1" "Numenius_madagascariensis" 10 0.941374885423333 0.00634324078483333 0.941374885423333 0.00634324078483333 NA NA NA 54.7 3 792 6.67456139181443 -27.20516781 27.20516781
"763" "125040_1" "Numenius_madagascariensis" 10 0.1711660874211 0.0803528153041667 0.1711660874211 0.0803528153041667 NA NA NA 54.7 3 792 6.67456139181443 -22.59861978 22.59861978
"764" "125047_1" "Anarhynchus_mongolus" 11 -0.271011933985333 -0.00518848081098 0.271011933985333 0.00518848081098 NA NA NA 58.5 3 64 4.15888308335967 -21.09202705 21.09202705
"765" "125048_2" "Anarhynchus_leschenaultii" 9 0.2550633810597 -0.176549473103 0.2550633810597 0.176549473103 NA NA NA 53.1 3 74.8 4.31481788498043 -21.09202705 21.09202705
"766" "125050_1" "Numenius_madagascariensis" 15 0.0743512466463 0.0820489678677333 0.0743512466463 0.0820489678677333 NA NA NA 54.7 3 792 6.67456139181443 -21.09202705 21.09202705
"767" "125051_1" "Calidris_ruficollis" 11 0.546014032374 0.0989188310097 0.546014032374 0.0989188310097 "no_fam" "1_no_fam" 1 54.5 3 26.8 3.28840188751681 -21.09203 21.09203
"768" "125052_1" "Calidris_tenuirostris" 15 0.777383872358667 -0.00257525620466667 0.777383872358667 0.00257525620466667 NA NA NA 57.3 3 192 5.25749537202778 -21.09203 21.09203
"769" "125055_3" "Anarhynchus_mongolus" 10 0.695849069657 0.0628938491075233 0.695849069657 0.0628938491075233 NA NA NA 58.5 3 64 4.15888308335967 -21.09202705 21.09202705
"770" "125059_3" "Numenius_madagascariensis" 12 -0.165556027008967 0.0114964485866833 0.165556027008967 0.0114964485866833 NA NA NA 54.7 3 792 6.67456139181443 -21.09202705 21.09202705
"771" "125061_2" "Calidris_ruficollis" 12 -0.0147068011146333 -0.21279306715 0.0147068011146333 0.21279306715 "no_fam" "1_no_fam" 1 54.5 3 26.8 3.28840188751681 -21.09203 21.09203
"772" "125062_2" "Calidris_tenuirostris" 12 -0.206745187161667 -0.194030916404333 0.206745187161667 0.194030916404333 NA NA NA 57.3 3 192 5.25749537202778 -21.09203 21.09203
"773" "125065_1" "Numenius_madagascariensis" 10 -0.142283984259333 -0.032511201309 0.142283984259333 0.032511201309 NA NA NA 54.7 3 792 6.67456139181443 -21.09202705 21.09202705
"774" "125109_2" "Numenius_madagascariensis" 12 -0.312693846198667 0.02241492529826 0.312693846198667 0.02241492529826 NA NA NA 54.7 3 792 6.67456139181443 -27.20516781 27.20516781
"775" "125125_1" "Numenius_madagascariensis" 9 -0.76821033964 0.0959643084657 0.76821033964 0.0959643084657 NA NA NA 54.7 3 792 6.67456139181443 -27.20516781 27.20516781
"776" "125126_1" "Calidris_ferruginea" 9 0.572408050575333 -0.175906650823833 0.572408050575333 0.175906650823833 "no_fam" "1_no_fam" 1 54.9 3 58.1 4.06216566385787 -27.20517 27.20517
"777" "125144_1" "Calidris_ferruginea" 9 -0.00968359921833333 -0.0592501352252333 0.00968359921833333 0.0592501352252333 "no_fam" "1_no_fam" 1 54.9 3 58.1 4.06216566385787 -27.20517 27.20517
"778" "1252_1" "Botaurus_stellaris" 30 -0.0182448536253333 -0.0235617325342667 0.0182448536253333 0.0235617325342667 "no_fam" "1_no_fam" 1 31.2 2 1319.5 7.18500815594338 54 54
"779" "125216_1" "Numenius_madagascariensis" 22 0.283490555748667 -0.0566602300053333 0.283490555748667 0.0566602300053333 NA NA NA 54.7 3 792 6.67456139181443 -27.20516781 27.20516781
"780" "125233_4" "Calidris_tenuirostris" 9 0.605380510252667 -0.102063995364167 0.605380510252667 0.102063995364167 NA NA NA 57.3 3 192 5.25749537202778 -27.20517 27.20517
"781" "12526_1" "Mareca_penelope" 13 -0.0624231959512667 0.00109166026790333 0.0624231959512667 0.00109166026790333 "no_fam" "1_no_fam" 1 57.2 3 770 6.64639051484773 36.026889 36.026889
"782" "125260_1" "Limosa_limosa" 15 0.73684002891 0.0695484074024333 0.73684002891 0.0695484074024333 "no_fam" "1_no_fam" 1 51.5 3 288.4 5.66434840541079 -27.20516781 27.20516781
"783" "125261_3" "Calidris_canutus" 11 0.069199004792 0.0165336868357667 0.069199004792 0.0165336868357667 "no_fam" "1_no_fam" 1 57.9 3 141.9 4.955122584166 -27.20516781 27.20516781
"784" "125262_1" "Numenius_madagascariensis" 27 1.25562994963667 -0.0582269059433267 1.25562994963667 0.0582269059433267 NA NA NA 54.7 3 792 6.67456139181443 -27.20516781 27.20516781
"785" "125263_1" "Calidris_ferruginea" 25 0.317632361456867 0.0279165050093333 0.317632361456867 0.0279165050093333 "no_fam" "1_no_fam" 1 54.9 3 58.1 4.06216566385787 -27.20517 27.20517
"786" "125265_1" "Calidris_tenuirostris" 23 0.210280013695967 -0.00333949681093333 0.210280013695967 0.00333949681093333 NA NA NA 57.3 3 192 5.25749537202778 -27.20517 27.20517
"787" "125271_1" "Calidris_ferruginea" 16 -0.246111048398333 -0.0234087747612333 0.246111048398333 0.0234087747612333 "no_fam" "1_no_fam" 1 54.9 3 58.1 4.06216566385787 -27.20517 27.20517
"788" "125273_1" "Calidris_tenuirostris" 12 -0.586184305406667 -0.0407482573702333 0.586184305406667 0.0407482573702333 NA NA NA 57.3 3 192 5.25749537202778 -27.20517 27.20517
"789" "125308_2" "Numenius_madagascariensis" 15 0.016273143521 0.00844713537506667 0.016273143521 0.00844713537506667 NA NA NA 54.7 3 792 6.67456139181443 -28.41963259 28.41963259
"790" "125312_1" "Numenius_madagascariensis" 10 0.0303871471629667 0.0036089720905 0.0303871471629667 0.0036089720905 NA NA NA 54.7 3 792 6.67456139181443 -28.16951342 28.16951342
"791" "125317_1" "Numenius_madagascariensis" 14 -0.139082174697 0.0405346988593667 0.139082174697 0.0405346988593667 NA NA NA 54.7 3 792 6.67456139181443 -28.16951342 28.16951342
"792" "125319_2" "Numenius_madagascariensis" 19 -0.0698028786653667 0.0205017661959667 0.0698028786653667 0.0205017661959667 NA NA NA 54.7 3 792 6.67456139181443 -28.41963259 28.41963259
"793" "125325_1" "Numenius_madagascariensis" 9 0.193744110598333 -0.0221654752605333 0.193744110598333 0.0221654752605333 NA NA NA 54.7 3 792 6.67456139181443 -28.41963259 28.41963259
"794" "125339_2" "Numenius_madagascariensis" 24 0.357160303453 0.000657249221563333 0.357160303453 0.000657249221563333 NA NA NA 54.7 3 792 6.67456139181443 -27.20516781 27.20516781
"795" "125341_3" "Calidris_ruficollis" 17 -0.735191652923333 0.258060428078367 0.735191652923333 0.258060428078367 "no_fam" "1_no_fam" 1 54.5 3 26.8 3.28840188751681 -27.20517 27.20517
"796" "125372_1" "Pezoporus_wallicus" 13 0.0365140230203333 0.085911968302 0.0365140230203333 0.085911968302 "family" "2_family" 2 42.5 1 71.2 4.26549281841793 -37.29257 37.29257
"797" "125373_1" "Pezoporus_wallicus" 14 0.453321447854333 -0.112727903668 0.453321447854333 0.112727903668 "family" "2_family" 2 42.5 1 71.2 4.26549281841793 -37.29257 37.29257
"798" "125374_1" "Pezoporus_wallicus" 13 -0.0711742359545333 0.01314242489948 0.0711742359545333 0.01314242489948 "family" "2_family" 2 42.5 1 71.2 4.26549281841793 -37.29257 37.29257
"799" "125375_1" "Neophema_chrysogaster" 21 0.544473008152667 0.0587355801563667 0.544473008152667 0.0587355801563667 "no_fam" "1_no_fam" 1 43.9 1 45.9 3.8264651170665 -38.32101 38.32101
"800" "125378_1" "Neophema_chrysogaster" 25 -0.138520816662567 0.0834327301172667 0.138520816662567 0.0834327301172667 "no_fam" "1_no_fam" 1 43.9 1 45.9 3.8264651170665 -38.32101 38.32101
"801" "125379_1" "Neophema_chrysogaster" 20 -0.170299032687667 0.151442288723633 0.170299032687667 0.151442288723633 "no_fam" "1_no_fam" 1 43.9 1 45.9 3.8264651170665 -37.84705 37.84705
"802" "125380_1" "Neophema_chrysogaster" 9 -0.194476270626533 0.0884332556364 0.194476270626533 0.0884332556364 "no_fam" "1_no_fam" 1 43.9 1 45.9 3.8264651170665 -38.32101 38.32101
"803" "125381_1" "Neophema_chrysogaster" 10 0.632918028521 0.0591525899172 0.632918028521 0.0591525899172 "no_fam" "1_no_fam" 1 43.9 1 45.9 3.8264651170665 -38.51215 38.51215
"804" "125383_1" "Thalassarche_cauta" 11 0.0015114460627 0.0192287923666833 0.0015114460627 0.0192287923666833 "no_fam" "1_no_fam" 1 55.2 3 3897.7 8.26814191456084 -40.44801 40.44801
"805" "125384_1" "Thalassarche_melanophris" 24 -0.0917873347116667 -0.01556577822091 0.0917873347116667 0.01556577822091 "no_fam" "1_no_fam" 1 64.3 2 3202.9 8.07181192839122 -54.62991 54.62991
"806" "125389_2" "Limosa_lapponica" 11 -0.216220139195 -0.151616030199133 0.216220139195 0.151616030199133 "no_fam" "1_no_fam" 1 56.6 3 291.7 5.67572587687368 -25.01534752 25.01534752
"807" "125391_3" "Limosa_lapponica" 10 -0.0893441437693333 -0.127541764914067 0.0893441437693333 0.127541764914067 "no_fam" "1_no_fam" 1 56.6 3 291.7 5.67572587687368 -18.31115 18.31115
"808" "125402_4" "Limosa_lapponica" 10 -0.354977717150333 0.15982069762 0.354977717150333 0.15982069762 "no_fam" "1_no_fam" 1 56.6 3 291.7 5.67572587687368 -18.31115 18.31115
"809" "125412_3" "Limosa_lapponica" 11 0.1583178209047 -0.1650744953051 0.1583178209047 0.1650744953051 "no_fam" "1_no_fam" 1 56.6 3 291.7 5.67572587687368 -18.31114598 18.31114598
"810" "125413_3" "Limosa_lapponica" 10 -0.0214174678333333 0.1147766616963 0.0214174678333333 0.1147766616963 "no_fam" "1_no_fam" 1 56.6 3 291.7 5.67572587687368 -18.31114598 18.31114598
"811" "125414_3" "Limosa_lapponica" 10 -0.0884537668631333 0.130377675447467 0.0884537668631333 0.130377675447467 "no_fam" "1_no_fam" 1 56.6 3 291.7 5.67572587687368 -18.31114598 18.31114598
"812" "125415_3" "Limosa_lapponica" 10 -0.335820649444 0.179352425694867 0.335820649444 0.179352425694867 "no_fam" "1_no_fam" 1 56.6 3 291.7 5.67572587687368 -18.31114598 18.31114598
"813" "125416_3" "Limosa_lapponica" 10 -0.0400690556433333 -0.16035539248122 0.0400690556433333 0.16035539248122 "no_fam" "1_no_fam" 1 56.6 3 291.7 5.67572587687368 -18.31114598 18.31114598
"814" "125417_4" "Limosa_lapponica" 9 -0.266855076111333 0.0903917729326667 0.266855076111333 0.0903917729326667 "no_fam" "1_no_fam" 1 56.6 3 291.7 5.67572587687368 -18.31114598 18.31114598
"815" "125418_2" "Limosa_lapponica" 10 -1.08147744620667 0.266088870219667 1.08147744620667 0.266088870219667 "no_fam" "1_no_fam" 1 56.6 3 291.7 5.67572587687368 -18.31114598 18.31114598
"816" "125419_3" "Limosa_lapponica" 9 -0.0986823969363333 0.210510751377 0.0986823969363333 0.210510751377 "no_fam" "1_no_fam" 1 56.6 3 291.7 5.67572587687368 -18.31115 18.31115
"817" "125420_3" "Limosa_lapponica" 9 -0.079448496007 0.196630129882133 0.079448496007 0.196630129882133 "no_fam" "1_no_fam" 1 56.6 3 291.7 5.67572587687368 -18.31115 18.31115
"818" "12543_1" "Pluvialis_squatarola" 9 0.187385617323667 0.0325626832494333 0.187385617323667 0.0325626832494333 "no_fam" "1_no_fam" 1 60.1 3 250 5.52146091786225 35.685278 35.685278
"819" "12547_1" "Calidris_alpina" 9 -0.0837740032206667 0.022440041642417 0.0837740032206667 0.022440041642417 "no_fam" "1_no_fam" 1 53.4 3 51.9 3.94931879017184 35.685278 35.685278
"820" "125471_1" "Limosa_lapponica" 10 0.644812306708667 0.254982027112333 0.644812306708667 0.254982027112333 "no_fam" "1_no_fam" 1 56.6 3 291.7 5.67572587687368 -25.01534752 25.01534752
"821" "125472_3" "Limosa_lapponica" 13 0.0192457061562667 -0.0669132543619333 0.0192457061562667 0.0669132543619333 "no_fam" "1_no_fam" 1 56.6 3 291.7 5.67572587687368 -18.31115 18.31115
"822" "125482_1" "Limosa_lapponica" 10 0.827255786602333 0.338666649673433 0.827255786602333 0.338666649673433 "no_fam" "1_no_fam" 1 56.6 3 291.7 5.67572587687368 -25.01534752 25.01534752
"823" "125490_1" "Limosa_lapponica" 12 -0.98124842031 -0.0665358776379 0.98124842031 0.0665358776379 "no_fam" "1_no_fam" 1 56.6 3 291.7 5.67572587687368 -34.95748829 34.95748829
"824" "125499_3" "Limosa_lapponica" 10 -0.0682198981206667 0.0411613280483333 0.0682198981206667 0.0411613280483333 "no_fam" "1_no_fam" 1 56.6 3 291.7 5.67572587687368 -35.77466 35.77466
"825" "125562_1" "Limosa_lapponica" 29 -0.584176671990667 -0.186722881502667 0.584176671990667 0.186722881502667 "no_fam" "1_no_fam" 1 56.6 3 291.7 5.67572587687368 -40.43566564 40.43566564
"826" "125569_5" "Limosa_lapponica" 12 -0.215778496856767 0.0180026097245667 0.215778496856767 0.0180026097245667 "no_fam" "1_no_fam" 1 56.6 3 291.7 5.67572587687368 -31.23161 31.23161
"827" "125573_1" "Limosa_lapponica" 9 -0.190694207185333 0.0312328010424 0.190694207185333 0.0312328010424 "no_fam" "1_no_fam" 1 56.6 3 291.7 5.67572587687368 -31.23160852 31.23160852
"828" "125585_6" "Limosa_lapponica" 13 -0.233792652725933 0.05532468362345 0.233792652725933 0.05532468362345 "no_fam" "1_no_fam" 1 56.6 3 291.7 5.67572587687368 -38.38643205 38.38643205
"829" "125594_1" "Limosa_lapponica" 19 -0.9579946049 0.160286073066667 0.9579946049 0.160286073066667 "no_fam" "1_no_fam" 1 56.6 3 291.7 5.67572587687368 -32.52013869 32.52013869
"830" "125602_6" "Limosa_lapponica" 11 -0.305710783044233 -0.0161236705345333 0.305710783044233 0.0161236705345333 "no_fam" "1_no_fam" 1 56.6 3 291.7 5.67572587687368 -29.24589 29.24589
"831" "125612_1" "Limosa_lapponica" 28 -0.846157160213333 0.04372623995197 0.846157160213333 0.04372623995197 "no_fam" "1_no_fam" 1 56.6 3 291.7 5.67572587687368 -34.66180604 34.66180604
"832" "125623_4" "Limosa_lapponica" 18 0.286536111018 -0.0232346822514433 0.286536111018 0.0232346822514433 "no_fam" "1_no_fam" 1 56.6 3 291.7 5.67572587687368 -12.72421 12.72421
"833" "12565_1" "Mareca_penelope" 34 0.0609220099601 -0.0141246126078967 0.0609220099601 0.0141246126078967 "no_fam" "1_no_fam" 1 57.2 3 770 6.64639051484773 52.09575 52.09575
"834" "125661_2" "Limosa_lapponica" 14 0.525443903914333 0.224306554308 0.525443903914333 0.224306554308 "no_fam" "1_no_fam" 1 56.6 3 291.7 5.67572587687368 -38.38643205 38.38643205
"835" "125675_5" "Limosa_lapponica" 10 0.316436803385667 0.062970851333 0.316436803385667 0.062970851333 "no_fam" "1_no_fam" 1 56.6 3 291.7 5.67572587687368 -29.24588835 29.24588835
"836" "125682_1" "Limosa_lapponica" 35 -0.0007571867132 0.000713817508662 0.0007571867132 0.000713817508662 "no_fam" "1_no_fam" 1 56.6 3 291.7 5.67572587687368 -38.38643205 38.38643205
"837" "125687_3" "Limosa_lapponica" 9 -0.795510236621 0.351520809383333 0.795510236621 0.351520809383333 "no_fam" "1_no_fam" 1 56.6 3 291.7 5.67572587687368 -42.65599782 42.65599782
"838" "125698_1" "Limosa_lapponica" 11 -0.174585183043 -0.0552057293251333 0.174585183043 0.0552057293251333 "no_fam" "1_no_fam" 1 56.6 3 291.7 5.67572587687368 -33.68682216 33.68682216
"839" "12570_1" "Pluvialis_apricaria" 30 0.101851448064333 0.0229320097248667 0.101851448064333 0.0229320097248667 NA "1_no_fam" 1 57.4 3 214 5.36597601502185 38.387 38.387
"840" "125723_2" "Limosa_lapponica" 14 -0.575811119887667 -0.109253385501067 0.575811119887667 0.109253385501067 "no_fam" "1_no_fam" 1 56.6 3 291.7 5.67572587687368 -32.36602361 32.36602361
"841" "125724_1" "Limosa_lapponica" 16 -0.695992991040333 0.110692623340767 0.695992991040333 0.110692623340767 "no_fam" "1_no_fam" 1 56.6 3 291.7 5.67572587687368 -32.36602361 32.36602361
"842" "125725_1" "Limosa_lapponica" 16 -0.130635449768667 -0.0430023712632667 0.130635449768667 0.0430023712632667 "no_fam" "1_no_fam" 1 56.6 3 291.7 5.67572587687368 -32.36602361 32.36602361
"843" "125726_1" "Limosa_lapponica" 14 0.463577954895267 -0.3097458624447 0.463577954895267 0.3097458624447 "no_fam" "1_no_fam" 1 56.6 3 291.7 5.67572587687368 -32.36602361 32.36602361
"844" "12573_3" "Branta_ruficollis" 14 -0.163000997978 -0.113008859028667 0.163000997978 0.113008859028667 NA NA NA 53.2 3 1226.5 7.11191986369854 44.769473 44.769473
"845" "12575_1" "Melanitta_nigra" 21 0.313937078768 0.427159568412333 0.313937078768 0.427159568412333 "no_fam" "1_no_fam" 1 45.7 3 1050 6.95654544315157 57 57
"846" "125757_1" "Limosa_lapponica" 10 -0.622497006393333 0.109648731936 0.622497006393333 0.109648731936 "no_fam" "1_no_fam" 1 56.6 3 291.7 5.67572587687368 -12.72421308 12.72421308
"847" "12576_1" "Melanitta_nigra" 21 0.00993619765263333 -0.00236339228326667 0.00993619765263333 0.00236339228326667 "no_fam" "1_no_fam" 1 45.7 3 1050 6.95654544315157 54.755 54.755
"848" "12577_1" "Melanitta_nigra" 15 1.310504971 -0.16789954864503 1.310504971 0.16789954864503 "no_fam" "1_no_fam" 1 45.7 3 1050 6.95654544315157 59.433333 59.433333
"849" "125773_1" "Limosa_lapponica" 18 0.255130791042 -0.00013378124893 0.255130791042 0.00013378124893 "no_fam" "1_no_fam" 1 56.6 3 291.7 5.67572587687368 -34.66180604 34.66180604
"850" "12578_1" "Melanitta_nigra" 21 0.80522325565449 -0.313400578694667 0.80522325565449 0.313400578694667 "no_fam" "1_no_fam" 1 45.7 3 1050 6.95654544315157 57.9 57.9
"851" "125785_6" "Limosa_lapponica" 12 -0.0973332369093333 0.0408688259778333 0.0973332369093333 0.0408688259778333 "no_fam" "1_no_fam" 1 56.6 3 291.7 5.67572587687368 -29.24589 29.24589
"852" "125788_1" "Limosa_lapponica" 9 -0.312628399373033 -0.0833872151396333 0.312628399373033 0.0833872151396333 "no_fam" "1_no_fam" 1 56.6 3 291.7 5.67572587687368 -12.72421308 12.72421308
"853" "12579_3" "Branta_bernicla" 32 -0.0742904620546867 -0.00709827710008 0.0742904620546867 0.00709827710008 "family" "2_family" 2 52.3 3 1277.9 7.15297338461466 53.666667 53.666667
"854" "12581_1" "Branta_bernicla" 48 -0.207517758373667 0.0187656922353333 0.207517758373667 0.0187656922353333 "family" "2_family" 2 52.3 3 1277.9 7.15297338461466 53.666667 53.666667
"855" "125816_2" "Limosa_lapponica" 12 -0.422765018100333 -0.062475728973 0.422765018100333 0.062475728973 "no_fam" "1_no_fam" 1 56.6 3 291.7 5.67572587687368 -33.91392283 33.91392283
"856" "125817_2" "Limosa_lapponica" 9 0.467255822533333 0.679378373143 0.467255822533333 0.679378373143 "no_fam" "1_no_fam" 1 56.6 3 291.7 5.67572587687368 -33.91392283 33.91392283
"857" "12582_2" "Branta_bernicla" 43 -0.0165772678879667 -0.0021284967735 0.0165772678879667 0.0021284967735 "family" "2_family" 2 52.3 3 1277.9 7.15297338461466 53.666667 53.666667
"858" "125825_3" "Limosa_lapponica" 9 -0.0382751109876667 -0.0675869659726667 0.0382751109876667 0.0675869659726667 "no_fam" "1_no_fam" 1 56.6 3 291.7 5.67572587687368 -18.31114598 18.31114598
"859" "125826_6" "Limosa_lapponica" 18 0.135490867769333 0.00185843704089333 0.135490867769333 0.00185843704089333 "no_fam" "1_no_fam" 1 56.6 3 291.7 5.67572587687368 -34.22470711 34.22470711
"860" "12583_3" "Charadrius_hiaticula" 11 -0.389180356996667 0.0586753809671333 0.389180356996667 0.0586753809671333 "no_fam" "1_no_fam" 1 53.5 2 64 4.15888308335967 51.211667 51.211667
"861" "12584_1" "Branta_bernicla" 22 0.0707937922225167 0.0335593534206 0.0707937922225167 0.0335593534206 "family" "2_family" 2 52.3 3 1277.9 7.15297338461466 55.252145 55.252145
"862" "125844_1" "Limosa_lapponica" 16 -0.866078618293333 -0.01736523417205 0.866078618293333 0.01736523417205 "no_fam" "1_no_fam" 1 56.6 3 291.7 5.67572587687368 -34.22470711 34.22470711
"863" "12585_1" "Branta_bernicla" 20 -0.0469388955639333 0.00499820966349933 0.0469388955639333 0.00499820966349933 "family" "2_family" 2 52.3 3 1277.9 7.15297338461466 54.450195 54.450195
"864" "125855_1" "Limosa_lapponica" 24 0.284667206496533 -0.0419361648877 0.284667206496533 0.0419361648877 "no_fam" "1_no_fam" 1 56.6 3 291.7 5.67572587687368 -27.20516781 27.20516781
"865" "125859_1" "Limosa_lapponica" 13 -0.1687472790142 -0.0386634845542 0.1687472790142 0.0386634845542 "no_fam" "1_no_fam" 1 56.6 3 291.7 5.67572587687368 -27.20516781 27.20516781
"866" "12586_1" "Branta_bernicla" 20 -0.0104761318849667 -0.00299002822644 0.0104761318849667 0.00299002822644 "family" "2_family" 2 52.3 3 1277.9 7.15297338461466 53.636329 53.636329
"867" "125868_1" "Limosa_lapponica" 27 -0.401702751980333 0.0432403192168333 0.401702751980333 0.0432403192168333 "no_fam" "1_no_fam" 1 56.6 3 291.7 5.67572587687368 -27.20516781 27.20516781
"868" "125869_1" "Limosa_lapponica" 28 -0.563341927094667 -0.0360552499413 0.563341927094667 0.0360552499413 "no_fam" "1_no_fam" 1 56.6 3 291.7 5.67572587687368 -27.20516781 27.20516781
"869" "125871_1" "Limosa_lapponica" 14 -0.563821569487 -0.0625316329944667 0.563821569487 0.0625316329944667 "no_fam" "1_no_fam" 1 56.6 3 291.7 5.67572587687368 -21.09202705 21.09202705
"870" "125877_5" "Limosa_lapponica" 10 -0.181545036433333 0.0496987556459667 0.181545036433333 0.0496987556459667 "no_fam" "1_no_fam" 1 56.6 3 291.7 5.67572587687368 -25.10118443 25.10118443
"871" "12588_1" "Branta_leucopsis" 20 0.0826127608856667 0.0274390836650333 0.0826127608856667 0.0274390836650333 "family" "2_family" 2 50.6 3 1684 7.42892719480227 54.450195 54.450195
"872" "125882_1" "Limosa_lapponica" 14 -0.230791542373667 -0.153407496221 0.230791542373667 0.153407496221 "no_fam" "1_no_fam" 1 56.6 3 291.7 5.67572587687368 -27.20516781 27.20516781
"873" "125884_2" "Limosa_lapponica" 9 -0.271571015196 0.020288944924488 0.271571015196 0.020288944924488 "no_fam" "1_no_fam" 1 56.6 3 291.7 5.67572587687368 -25.10118443 25.10118443
"874" "12589_1" "Branta_bernicla" 22 0.0451676982326667 -0.0669577595601 0.0451676982326667 0.0669577595601 "family" "2_family" 2 52.3 3 1277.9 7.15297338461466 55.252145 55.252145
"875" "125896_1" "Limosa_lapponica" 26 -0.664065632643 0.0149042826973333 0.664065632643 0.0149042826973333 "no_fam" "1_no_fam" 1 56.6 3 291.7 5.67572587687368 -27.20516781 27.20516781
"876" "125898_1" "Limosa_lapponica" 9 0.0901776578965667 -0.0436390996526 0.0901776578965667 0.0436390996526 "no_fam" "1_no_fam" 1 56.6 3 291.7 5.67572587687368 -17.27687556 17.27687556
"877" "125898_2" "Limosa_lapponica" 12 0.00813394347256667 0.0185473803714667 0.00813394347256667 0.0185473803714667 "no_fam" "1_no_fam" 1 56.6 3 291.7 5.67572587687368 -17.27687556 17.27687556
"878" "12590_1" "Pluvialis_apricaria" 22 0.0279053364890667 0.00724437511479333 0.0279053364890667 0.00724437511479333 NA "1_no_fam" 1 57.4 3 214 5.36597601502185 55.252145 55.252145
"879" "12591_1" "Calidris_canutus" 22 0.0793070086102333 0.0619006310039667 0.0793070086102333 0.0619006310039667 "no_fam" "1_no_fam" 1 57.9 3 141.9 4.955122584166 55.252145 55.252145
"880" "12592_2" "Calidris_ferruginea" 16 -1.01399476493333 -0.0631029130399333 1.01399476493333 0.0631029130399333 "no_fam" "1_no_fam" 1 54.9 3 58.1 4.06216566385787 55.252145 55.252145
"881" "125928_3" "Limosa_lapponica" 14 -0.0732763096016667 -0.0113958182582333 0.0732763096016667 0.0113958182582333 "no_fam" "1_no_fam" 1 56.6 3 291.7 5.67572587687368 -25.10118443 25.10118443
"882" "12593_1" "Tringa_erythropus" 22 -0.455146628206 -0.0348490687528133 0.455146628206 0.0348490687528133 NA NA NA 50.8 3 158 5.06259503302697 55.252145 55.252145
"883" "12594_2" "Charadrius_hiaticula" 18 -0.608845788691667 -0.09750243695 0.608845788691667 0.09750243695 "no_fam" "1_no_fam" 1 53.5 2 64 4.15888308335967 55.252145 55.252145
"884" "125943_1" "Limosa_lapponica" 21 -0.263027564106333 0.0200909981637167 0.263027564106333 0.0200909981637167 "no_fam" "1_no_fam" 1 56.6 3 291.7 5.67572587687368 -27.20516781 27.20516781
"885" "125944_1" "Limosa_lapponica" 26 0.2236787511524 -0.0326626388256667 0.2236787511524 0.0326626388256667 "no_fam" "1_no_fam" 1 56.6 3 291.7 5.67572587687368 -27.20516781 27.20516781
"886" "125946_2" "Limosa_lapponica" 12 -0.417342436731433 -0.0244716482368333 0.417342436731433 0.0244716482368333 "no_fam" "1_no_fam" 1 56.6 3 291.7 5.67572587687368 -27.20516781 27.20516781
"887" "125949_3" "Limosa_lapponica" 9 -0.134773144639 0.0522115137935333 0.134773144639 0.0522115137935333 "no_fam" "1_no_fam" 1 56.6 3 291.7 5.67572587687368 -27.20516781 27.20516781
"888" "12595_1" "Pluvialis_squatarola" 22 -0.0290376288655667 -0.0659377426704333 0.0290376288655667 0.0659377426704333 "no_fam" "1_no_fam" 1 60.1 3 250 5.52146091786225 55.252145 55.252145
"889" "125957_1" "Limosa_lapponica" 28 0.41412142242 0.0448870541694667 0.41412142242 0.0448870541694667 "no_fam" "1_no_fam" 1 56.6 3 291.7 5.67572587687368 -27.20516781 27.20516781
"890" "12596_1" "Arenaria_interpres" 22 -0.342105025361333 0.0690557274632333 0.342105025361333 0.0690557274632333 "no_fam" "1_no_fam" 1 55.6 3 136 4.91265488573605 55.252145 55.252145
"891" "125965_1" "Limosa_lapponica" 11 0.918859986690667 -0.1287096242928 0.918859986690667 0.1287096242928 "no_fam" "1_no_fam" 1 56.6 3 291.7 5.67572587687368 -27.20516781 27.20516781
"892" "12597_1" "Calidris_alba" 22 -0.119510465401933 -0.0626906222709 0.119510465401933 0.0626906222709 "no_fam" "1_no_fam" 1 52.3 3 51.7 3.94545778151438 55.252145 55.252145
"893" "125973_1" "Limosa_lapponica" 28 -0.0252879225023333 -0.0342414619302767 0.0252879225023333 0.0342414619302767 "no_fam" "1_no_fam" 1 56.6 3 291.7 5.67572587687368 -27.20516781 27.20516781
"894" "12598_1" "Somateria_mollissima" 17 0.265623781047 0.1296259713596 0.265623781047 0.1296259713596 "no_fam" "1_no_fam" 1 44.9 2 2060.9 7.63089805957746 55.252145 55.252145
"895" "12599_1" "Calidris_alpina" 22 -0.0367256790697 -0.0248977173206333 0.0367256790697 0.0248977173206333 "no_fam" "1_no_fam" 1 53.4 3 51.9 3.94931879017184 55.252145 55.252145
"896" "125990_2" "Limosa_lapponica" 15 -0.502379094684333 -0.145795139682 0.502379094684333 0.145795139682 "no_fam" "1_no_fam" 1 56.6 3 291.7 5.67572587687368 -27.20516781 27.20516781
"897" "125999_2" "Limosa_lapponica" 11 -0.135021248593433 -0.097992164123 0.135021248593433 0.097992164123 "no_fam" "1_no_fam" 1 56.6 3 291.7 5.67572587687368 -27.20516781 27.20516781
"898" "12600_1" "Calidris_pugnax" 22 -0.215884287625 0.345666765542733 0.215884287625 0.345666765542733 "no_fam" "1_no_fam" 1 51 3 131.7 4.88052660874924 55.252145 55.252145
"899" "126007_5" "Limosa_lapponica" 9 -0.785066602339333 -0.032417036965 0.785066602339333 0.032417036965 "no_fam" "1_no_fam" 1 56.6 3 291.7 5.67572587687368 -27.20516781 27.20516781
"900" "126008_1" "Limosa_lapponica" 28 0.424028809767 -0.0054206488458 0.424028809767 0.0054206488458 "no_fam" "1_no_fam" 1 56.6 3 291.7 5.67572587687368 -27.20516781 27.20516781
"901" "126009_4" "Limosa_lapponica" 9 0.0633497834366667 0.133120502060667 0.0633497834366667 0.133120502060667 "no_fam" "1_no_fam" 1 56.6 3 291.7 5.67572587687368 -27.20517 27.20517
"902" "12601_1" "Mareca_penelope" 22 -0.069051550062 0.113721091310667 0.069051550062 0.113721091310667 "no_fam" "1_no_fam" 1 57.2 3 770 6.64639051484773 55.252145 55.252145
"903" "126010_3" "Limosa_lapponica" 19 0.167106984740167 0.00647296650999 0.167106984740167 0.00647296650999 "no_fam" "1_no_fam" 1 56.6 3 291.7 5.67572587687368 -25.10118443 25.10118443
"904" "126013_1" "Limosa_lapponica" 28 -0.162043092829367 0.0333928018771667 0.162043092829367 0.0333928018771667 "no_fam" "1_no_fam" 1 56.6 3 291.7 5.67572587687368 -27.20516781 27.20516781
"905" "126014_1" "Limosa_lapponica" 9 -0.996970925440767 0.188393657631667 0.996970925440767 0.188393657631667 "no_fam" "1_no_fam" 1 56.6 3 291.7 5.67572587687368 -27.20516781 27.20516781
"906" "126016_5" "Limosa_lapponica" 9 -0.591372020193333 0.0125040806193667 0.591372020193333 0.0125040806193667 "no_fam" "1_no_fam" 1 56.6 3 291.7 5.67572587687368 -27.20516781 27.20516781
"907" "12602_1" "Sterna_paradisaea" 22 -0.133932671074433 -0.0174117706386667 0.133932671074433 0.0174117706386667 NA NA NA 69.1 3 110 4.70048036579242 55.252145 55.252145
"908" "126020_2" "Limosa_lapponica" 15 0.2012431475972 -0.0796788339056667 0.2012431475972 0.0796788339056667 "no_fam" "1_no_fam" 1 56.6 3 291.7 5.67572587687368 -25.10118443 25.10118443
"909" "126039_1" "Limosa_lapponica" 9 0.482068449021333 -0.0475678887570333 0.482068449021333 0.0475678887570333 "no_fam" "1_no_fam" 1 56.6 3 291.7 5.67572587687368 -27.20516781 27.20516781
"910" "12604_1" "Limosa_lapponica" 20 -0.00192344354533333 0.0572056229517333 0.00192344354533333 0.0572056229517333 "no_fam" "1_no_fam" 1 56.6 3 291.7 5.67572587687368 55.252145 55.252145
"911" "126047_1" "Limosa_lapponica" 15 0.6543648218814 0.152525272520667 0.6543648218814 0.152525272520667 "no_fam" "1_no_fam" 1 56.6 3 291.7 5.67572587687368 -25.10118443 25.10118443
"912" "12605_1" "Limosa_lapponica" 20 -0.000823822094833333 -0.0154033712811573 0.000823822094833333 0.0154033712811573 "no_fam" "1_no_fam" 1 56.6 3 291.7 5.67572587687368 54.450195 54.450195
"913" "126054_2" "Limosa_lapponica" 11 -0.513017338817333 -0.0338215237687 0.513017338817333 0.0338215237687 "no_fam" "1_no_fam" 1 56.6 3 291.7 5.67572587687368 -25.10118443 25.10118443
"914" "126059_3" "Limosa_lapponica" 13 -0.00810590733333333 0.173506846923333 0.00810590733333333 0.173506846923333 "no_fam" "1_no_fam" 1 56.6 3 291.7 5.67572587687368 -27.20517 27.20517
"915" "12606_1" "Limosa_lapponica" 20 -0.143868470348 -0.0348017174169667 0.143868470348 0.0348017174169667 "no_fam" "1_no_fam" 1 56.6 3 291.7 5.67572587687368 53.636329 53.636329
"916" "126063_1" "Limosa_lapponica" 27 0.75439942097 0.0643268968516333 0.75439942097 0.0643268968516333 "no_fam" "1_no_fam" 1 56.6 3 291.7 5.67572587687368 -27.20516781 27.20516781
"917" "126065_2" "Limosa_lapponica" 18 0.480613089228333 -0.0726793435213333 0.480613089228333 0.0726793435213333 "no_fam" "1_no_fam" 1 56.6 3 291.7 5.67572587687368 -27.20516781 27.20516781
"918" "126066_3" "Limosa_lapponica" 15 -0.912023197547333 -0.0245214214043333 0.912023197547333 0.0245214214043333 "no_fam" "1_no_fam" 1 56.6 3 291.7 5.67572587687368 -27.20516781 27.20516781
"919" "126069_1" "Limosa_lapponica" 13 -0.0204712147723667 0.0594781750679333 0.0204712147723667 0.0594781750679333 "no_fam" "1_no_fam" 1 56.6 3 291.7 5.67572587687368 -21.09202705 21.09202705
"920" "12607_1" "Limosa_lapponica" 20 -0.239658859630733 -0.127689744408967 0.239658859630733 0.127689744408967 "no_fam" "1_no_fam" 1 56.6 3 291.7 5.67572587687368 53.320047 53.320047
"921" "126082_2" "Limosa_lapponica" 9 -0.161873159540667 0.177761875465 0.161873159540667 0.177761875465 "no_fam" "1_no_fam" 1 56.6 3 291.7 5.67572587687368 -24.22947123 24.22947123
"922" "12609_2" "Mergus_serrator" 24 -0.111994890776333 -0.0143580306509 0.111994890776333 0.0143580306509 "no_fam" "1_no_fam" 1 49.3 3 1015.2 6.92284091640018 52.09575 52.09575
"923" "126091_3" "Limosa_lapponica" 10 0.209810599770333 -0.2226138888283 0.209810599770333 0.2226138888283 "no_fam" "1_no_fam" 1 56.6 3 291.7 5.67572587687368 -27.20516781 27.20516781
"924" "126097_1" "Limosa_lapponica" 17 -0.87133677429 -0.0349474336101 0.87133677429 0.0349474336101 "no_fam" "1_no_fam" 1 56.6 3 291.7 5.67572587687368 -19.59936328 19.59936328
"925" "126102_1" "Limosa_lapponica" 27 0.428640323634667 -0.0337319563409667 0.428640323634667 0.0337319563409667 "no_fam" "1_no_fam" 1 56.6 3 291.7 5.67572587687368 -27.20516781 27.20516781
"926" "126103_1" "Limosa_lapponica" 28 0.230821423853667 -0.0225672630987 0.230821423853667 0.0225672630987 "no_fam" "1_no_fam" 1 56.6 3 291.7 5.67572587687368 -27.20516781 27.20516781
"927" "126106_1" "Limosa_lapponica" 10 1.03829796124667 -0.0644330070892333 1.03829796124667 0.0644330070892333 "no_fam" "1_no_fam" 1 56.6 3 291.7 5.67572587687368 -27.20516781 27.20516781
"928" "126107_1" "Limosa_lapponica" 10 0.46030593747 -0.365720881508667 0.46030593747 0.365720881508667 "no_fam" "1_no_fam" 1 56.6 3 291.7 5.67572587687368 -22.59861978 22.59861978
"929" "126111_1" "Limosa_lapponica" 15 0.574739600136 0.0243272922073 0.574739600136 0.0243272922073 "no_fam" "1_no_fam" 1 56.6 3 291.7 5.67572587687368 -21.09202705 21.09202705
"930" "126113_3" "Limosa_lapponica" 12 -0.690879596020667 -0.0915460253043 0.690879596020667 0.0915460253043 "no_fam" "1_no_fam" 1 56.6 3 291.7 5.67572587687368 -21.09202705 21.09202705
"931" "126114_1" "Limosa_lapponica" 10 -0.0607025114609 -0.0108510640665967 0.0607025114609 0.0108510640665967 "no_fam" "1_no_fam" 1 56.6 3 291.7 5.67572587687368 -21.09202705 21.09202705
"932" "126125_2" "Limosa_lapponica" 12 -0.665285027374667 0.07011733424264 0.665285027374667 0.07011733424264 "no_fam" "1_no_fam" 1 56.6 3 291.7 5.67572587687368 -27.20516781 27.20516781
"933" "126128_1" "Limosa_lapponica" 9 0.677285290496333 0.00803546463846667 0.677285290496333 0.00803546463846667 "no_fam" "1_no_fam" 1 56.6 3 291.7 5.67572587687368 -27.20516781 27.20516781
"934" "126147_1" "Limosa_lapponica" 22 0.408798893729967 -0.0789548810775 0.408798893729967 0.0789548810775 "no_fam" "1_no_fam" 1 56.6 3 291.7 5.67572587687368 -27.20516781 27.20516781
"935" "126149_4" "Limosa_lapponica" 13 -0.167233672095667 -0.0703202198670333 0.167233672095667 0.0703202198670333 "no_fam" "1_no_fam" 1 56.6 3 291.7 5.67572587687368 -27.20517 27.20517
"936" "126159_1" "Limosa_lapponica" 28 0.469703458338333 0.0212914712187 0.469703458338333 0.0212914712187 "no_fam" "1_no_fam" 1 56.6 3 291.7 5.67572587687368 -27.20516781 27.20516781
"937" "126160_1" "Limosa_lapponica" 17 -0.550544993767667 0.0348039245252647 0.550544993767667 0.0348039245252647 "no_fam" "1_no_fam" 1 56.6 3 291.7 5.67572587687368 -27.20516781 27.20516781
"938" "126168_2" "Limosa_lapponica" 17 0.101963279441857 0.00164354276833333 0.101963279441857 0.00164354276833333 "no_fam" "1_no_fam" 1 56.6 3 291.7 5.67572587687368 -28.41963259 28.41963259
"939" "126169_1" "Limosa_lapponica" 10 -0.509413851241 0.06178068203149 0.509413851241 0.06178068203149 "no_fam" "1_no_fam" 1 56.6 3 291.7 5.67572587687368 -28.16951342 28.16951342
"940" "126172_2" "Limosa_lapponica" 19 0.338503153200333 -0.0608031418523333 0.338503153200333 0.0608031418523333 "no_fam" "1_no_fam" 1 56.6 3 291.7 5.67572587687368 -28.41963259 28.41963259
"941" "126174_1" "Limosa_lapponica" 13 0.448728696055367 -0.0472041556875667 0.448728696055367 0.0472041556875667 "no_fam" "1_no_fam" 1 56.6 3 291.7 5.67572587687368 -28.41963259 28.41963259
"942" "126176_2" "Limosa_lapponica" 24 -0.225407510100333 0.00217910599685533 0.225407510100333 0.00217910599685533 "no_fam" "1_no_fam" 1 56.6 3 291.7 5.67572587687368 -27.20516781 27.20516781
"943" "126189_1" "Leipoa_ocellata" 10 -0.450144099224 -0.1521435900769 0.450144099224 0.1521435900769 "no_fam" "1_no_fam" 1 31 1 1913.9 7.55689832404403 -34.2574 34.2574
"944" "12619_1" "Branta_leucopsis" 9 -0.000121865398 0.11077013364 0.000121865398 0.11077013364 "family" "2_family" 2 50.6 3 1684 7.42892719480227 52.368132 52.368132
"945" "126194_2" "Leipoa_ocellata" 9 -0.141943030613667 0.435239753798333 0.141943030613667 0.435239753798333 "no_fam" "1_no_fam" 1 31 1 1913.9 7.55689832404403 -31.08086 31.08086
"946" "126199_1" "Leipoa_ocellata" 9 -0.00306866637086667 -0.237335553364 0.00306866637086667 0.237335553364 "no_fam" "1_no_fam" 1 31 1 1913.9 7.55689832404403 -31.08086 31.08086
"947" "12621_2" "Anser_fabalis" 10 -0.313238038987667 0.369263495860933 0.313238038987667 0.369263495860933 "family" "2_family" 2 50.1 3 2754.7 7.92106382273579 47.716557 47.716557
"948" "126215_2" "Tringa_nebularia" 11 -0.0762811049993333 -0.385748273982 0.0762811049993333 0.385748273982 NA NA NA 52.1 3 187 5.23110861685459 -25.01535 25.01535
"949" "126221_3" "Tringa_nebularia" 10 0.323197016195567 -0.0445463081690333 0.323197016195567 0.0445463081690333 NA NA NA 52.1 3 187 5.23110861685459 -18.31115 18.31115
"950" "126222_5" "Xenus_cinereus" 10 -0.562627382301 0.0568604423162333 0.562627382301 0.0568604423162333 NA NA NA 54.6 3 78.8 4.36691299686383 -18.31115 18.31115
"951" "126236_5" "Tringa_nebularia" 10 0.333737801241 0.0153974751303333 0.333737801241 0.0153974751303333 NA NA NA 52.1 3 187 5.23110861685459 -18.31115 18.31115
"952" "126237_4" "Xenus_cinereus" 10 0.0166149720653667 0.0256220309229667 0.0166149720653667 0.0256220309229667 NA NA NA 54.6 3 78.8 4.36691299686383 -18.31115 18.31115
"953" "12624_1" "Mergus_serrator" 21 0.528124454623333 0.311794894920333 0.528124454623333 0.311794894920333 "no_fam" "1_no_fam" 1 49.3 3 1015.2 6.92284091640018 59.433333 59.433333
"954" "12625_1" "Numenius_phaeopus" 13 0.116372863438367 0.0328203217162333 0.116372863438367 0.0328203217162333 "no_fam" "1_no_fam" 1 53.5 3 364.6 5.89880086224456 -30 30
"955" "126252_3" "Tringa_nebularia" 11 0.73595181034 -0.112495778026067 0.73595181034 0.112495778026067 NA NA NA 52.1 3 187 5.23110861685459 -18.31115 18.31115
"956" "126253_3" "Xenus_cinereus" 11 -0.407055319271333 -0.0520682756177667 0.407055319271333 0.0520682756177667 NA NA NA 54.6 3 78.8 4.36691299686383 -18.31115 18.31115
"957" "126255_3" "Tringa_nebularia" 10 0.453625592579667 0.00542715946043333 0.453625592579667 0.00542715946043333 NA NA NA 52.1 3 187 5.23110861685459 -18.31115 18.31115
"958" "126256_3" "Xenus_cinereus" 10 0.363659412005 -0.0688542354615667 0.363659412005 0.0688542354615667 NA NA NA 54.6 3 78.8 4.36691299686383 -18.31115 18.31115
"959" "126258_3" "Tringa_nebularia" 10 -0.151261394170333 0.183314610326833 0.151261394170333 0.183314610326833 NA NA NA 52.1 3 187 5.23110861685459 -18.31115 18.31115
"960" "126259_3" "Xenus_cinereus" 10 -0.573703155795667 0.359737903678633 0.573703155795667 0.359737903678633 NA NA NA 54.6 3 78.8 4.36691299686383 -18.31115 18.31115
"961" "126261_3" "Tringa_nebularia" 10 -0.0498832736693767 -0.0882991756333 0.0498832736693767 0.0882991756333 NA NA NA 52.1 3 187 5.23110861685459 -18.31115 18.31115
"962" "126262_3" "Xenus_cinereus" 10 -0.491031173770367 0.285817870338667 0.491031173770367 0.285817870338667 NA NA NA 54.6 3 78.8 4.36691299686383 -18.31115 18.31115
"963" "126264_3" "Tringa_nebularia" 9 0.227727033243667 0.0965810797593333 0.227727033243667 0.0965810797593333 NA NA NA 52.1 3 187 5.23110861685459 -18.31115 18.31115
"964" "126265_3" "Xenus_cinereus" 9 0.187505061759367 -0.0793991067922 0.187505061759367 0.0793991067922 NA NA NA 54.6 3 78.8 4.36691299686383 -18.31115 18.31115
"965" "126266_4" "Tringa_nebularia" 9 -0.112949124538033 0.330208637828 0.112949124538033 0.330208637828 NA NA NA 52.1 3 187 5.23110861685459 -18.31115 18.31115
"966" "126267_4" "Xenus_cinereus" 9 0.156651549108333 -0.112375534412 0.156651549108333 0.112375534412 NA NA NA 54.6 3 78.8 4.36691299686383 -18.31115 18.31115
"967" "126269_2" "Tringa_nebularia" 10 -0.543583658024 0.25174721582 0.543583658024 0.25174721582 NA NA NA 52.1 3 187 5.23110861685459 -18.31115 18.31115
"968" "12627_1" "Calidris_fuscicollis" 14 0.168861324748333 0.100570904690667 0.168861324748333 0.100570904690667 "no_fam" "1_no_fam" 1 54 3 43 3.76120011569356 -34 34
"969" "126270_2" "Xenus_cinereus" 10 -0.496074634283333 0.1512168647192 0.496074634283333 0.1512168647192 NA NA NA 54.6 3 78.8 4.36691299686383 -18.31115 18.31115
"970" "126271_2" "Calidris_acuminata" 10 -0.499648804974667 0.507751470278333 0.499648804974667 0.507751470278333 NA NA NA 54.5 3 66.1 4.19116874685764 -18.31115 18.31115
"971" "126272_3" "Tringa_nebularia" 9 0.0156073063946667 0.354825858359667 0.0156073063946667 0.354825858359667 NA NA NA 52.1 3 187 5.23110861685459 -18.31115 18.31115
"972" "126273_3" "Xenus_cinereus" 9 0.1121250606152 0.0560721796509 0.1121250606152 0.0560721796509 NA NA NA 54.6 3 78.8 4.36691299686383 -18.31115 18.31115
"973" "126276_3" "Xenus_cinereus" 9 -0.0236119797122 0.100544984062893 0.0236119797122 0.100544984062893 NA NA NA 54.6 3 78.8 4.36691299686383 -18.31115 18.31115
"974" "12629_1" "Somateria_mollissima" 15 -0.241338093824 0.356130306445 0.241338093824 0.356130306445 "no_fam" "1_no_fam" 1 44.9 2 2060.9 7.63089805957746 59.433333 59.433333
"975" "126309_2" "Tringa_nebularia" 9 0.0119911561996667 0.203429819816333 0.0119911561996667 0.203429819816333 NA NA NA 52.1 3 187 5.23110861685459 -31.91535 31.91535
"976" "126309_4" "Tringa_nebularia" 12 -0.459362042689633 -0.082881368723 0.459362042689633 0.082881368723 NA NA NA 52.1 3 187 5.23110861685459 -31.91535 31.91535
"977" "12631_1" "Clangula_hyemalis" 15 0.444580890483667 -0.0477748543957667 0.444580890483667 0.0477748543957667 "no_fam" "1_no_fam" 1 50.9 3 871 6.7696419768525 59.433333 59.433333
"978" "12633_2" "Calidris_minuta" 9 0.382278635846667 0.32033110491 0.382278635846667 0.32033110491 "no_fam" "1_no_fam" 1 50.6 3 21.1 3.04927304048202 55.5578 55.5578
"979" "12633_3" "Calidris_minuta" 16 0.0153632143220667 0.23096211150201 0.0153632143220667 0.23096211150201 "no_fam" "1_no_fam" 1 50.6 3 21.1 3.04927304048202 55.5578 55.5578
"980" "126336_1" "Tringa_nebularia" 33 -0.231422767722333 -0.0130432593724667 0.231422767722333 0.0130432593724667 NA NA NA 52.1 3 187 5.23110861685459 -37.84705 37.84705
"981" "126337_1" "Calidris_acuminata" 22 0.306485896883667 -0.1355718372082 0.306485896883667 0.1355718372082 NA NA NA 54.5 3 66.1 4.19116874685764 -37.84705 37.84705
"982" "12634_1" "Calidris_alpina" 30 0.112577595599667 0.0955896512626 0.112577595599667 0.0955896512626 "no_fam" "1_no_fam" 1 53.4 3 51.9 3.94931879017184 38.387 38.387
"983" "12636_1" "Mareca_penelope" 30 -0.121037997219 0.0733875932886667 0.121037997219 0.0733875932886667 "no_fam" "1_no_fam" 1 57.2 3 770 6.64639051484773 38.387 38.387
"984" "12637_1" "Pluvialis_squatarola" 30 0.167737141333667 -0.000555527757466667 0.167737141333667 0.000555527757466667 "no_fam" "1_no_fam" 1 60.1 3 250 5.52146091786225 38.387 38.387
"985" "126420_3" "Tringa_nebularia" 13 -0.354997937615033 -0.025361039226 0.354997937615033 0.025361039226 NA NA NA 52.1 3 187 5.23110861685459 -38.32101 38.32101
"986" "126433_1" "Tringa_nebularia" 12 -0.497479626128333 -0.0772269481176667 0.497479626128333 0.0772269481176667 NA NA NA 52.1 3 187 5.23110861685459 -38.38643 38.38643
"987" "126433_3" "Tringa_nebularia" 9 -0.492918315297667 0.008552658276 0.492918315297667 0.008552658276 NA NA NA 52.1 3 187 5.23110861685459 -38.38643 38.38643
"988" "126438_1" "Tringa_nebularia" 10 0.280835600019333 0.1644583605465 0.280835600019333 0.1644583605465 NA NA NA 52.1 3 187 5.23110861685459 -25.01535 25.01535
"989" "126440_3" "Tringa_nebularia" 13 0.618899186681667 -0.455318097079667 0.618899186681667 0.455318097079667 NA NA NA 52.1 3 187 5.23110861685459 -18.31115 18.31115
"990" "126441_3" "Xenus_cinereus" 13 -0.216844538664667 0.0274695557103 0.216844538664667 0.0274695557103 NA NA NA 54.6 3 78.8 4.36691299686383 -18.31115 18.31115
"991" "12645_2" "Calidris_minuta" 9 0.0315961157930667 0.433410387929377 0.0315961157930667 0.433410387929377 "no_fam" "1_no_fam" 1 50.6 3 21.1 3.04927304048202 31 31
"992" "126454_1" "Calidris_acuminata" 18 -0.642341434254333 -0.204717843605 0.642341434254333 0.204717843605 NA NA NA 54.5 3 66.1 4.19116874685764 -40.43567 40.43567
"993" "12646_1" "Anser_fabalis" 19 -0.514938914087733 0.097320374949 0.514938914087733 0.097320374949 "family" "2_family" 2 50.1 3 2754.7 7.92106382273579 48.666667 48.666667
"994" "126484_1" "Tringa_nebularia" 23 -0.0540009255566667 0.224742281218033 0.0540009255566667 0.224742281218033 NA NA NA 52.1 3 187 5.23110861685459 -37.84705 37.84705
"995" "126485_1" "Calidris_acuminata" 12 0.275909149496123 -0.318729657366 0.275909149496123 0.318729657366 NA NA NA 54.5 3 66.1 4.19116874685764 -37.84705 37.84705
"996" "12650_1" "Clangula_hyemalis" 40 -0.258462327198933 0.264425885527 0.258462327198933 0.264425885527 "no_fam" "1_no_fam" 1 50.9 3 871 6.7696419768525 55.388889 55.388889
"997" "12651_1" "Aythya_marila" 19 -0.407600148522333 0.0959193002213333 0.407600148522333 0.0959193002213333 "no_fam" "1_no_fam" 1 48.9 3 1005.4 6.91314075125848 48.666667 48.666667
"998" "126511_3" "Tringa_nebularia" 13 -0.561215776297333 -0.0446013903399 0.561215776297333 0.0446013903399 NA NA NA 52.1 3 187 5.23110861685459 -35.77466 35.77466
"999" "126513_1" "Calidris_acuminata" 13 -0.223486522829 -0.556833464857333 0.223486522829 0.556833464857333 NA NA NA 54.5 3 66.1 4.19116874685764 -35.77466 35.77466
"1000" "12652_1" "Mareca_penelope" 19 0.149666249004333 -0.0781770238603333 0.149666249004333 0.0781770238603333 "no_fam" "1_no_fam" 1 57.2 3 770 6.64639051484773 48.666667 48.666667
"1001" "12653_1" "Anser_erythropus" 15 0.204766267036667 -0.006866174326237 0.204766267036667 0.006866174326237 "family" "2_family" 2 53.1 3 1755.5 7.47050899560849 52.09575 52.09575
"1002" "126539_1" "Tringa_nebularia" 9 -0.233649912094 -0.167593377395167 0.233649912094 0.167593377395167 NA NA NA 52.1 3 187 5.23110861685459 -35.77466 35.77466
"1003" "12656_1" "Clangula_hyemalis" 40 -0.36841607403 0.152710730165333 0.36841607403 0.152710730165333 "no_fam" "1_no_fam" 1 50.9 3 871 6.7696419768525 56.10881 56.10881
"1004" "12657_1" "Mareca_penelope" 21 0.414223812297667 0.217722069519667 0.414223812297667 0.217722069519667 "no_fam" "1_no_fam" 1 57.2 3 770 6.64639051484773 54 54
"1005" "12659_5" "Clangula_hyemalis" 20 0.065457112413 -0.454731850063333 0.065457112413 0.454731850063333 "no_fam" "1_no_fam" 1 50.9 3 871 6.7696419768525 57.3125 57.3125
"1006" "12660_1" "Branta_bernicla" 34 0.0997968323236667 0.0172858379809033 0.0997968323236667 0.0172858379809033 "family" "2_family" 2 52.3 3 1277.9 7.15297338461466 52.25 52.25
"1007" "126613_1" "Tringa_nebularia" 11 0.470917986616667 0.371228822427 0.470917986616667 0.371228822427 NA NA NA 52.1 3 187 5.23110861685459 -38.38643 38.38643
"1008" "126617_1" "Tringa_nebularia" 9 -0.236241364512667 0.123340964030127 0.236241364512667 0.123340964030127 NA NA NA 52.1 3 187 5.23110861685459 -33.91392 33.91392
"1009" "126618_1" "Calidris_acuminata" 9 0.048628691089 -0.0064814671176 0.048628691089 0.0064814671176 NA NA NA 54.5 3 66.1 4.19116874685764 -33.91392 33.91392
"1010" "126641_1" "Calidris_acuminata" 18 -0.398429866034 -0.303991811476 0.398429866034 0.303991811476 NA NA NA 54.5 3 66.1 4.19116874685764 -38.38643 38.38643
"1011" "12671_1" "Charadrius_hiaticula" 34 -0.0533482336923267 0.0226230046896 0.0533482336923267 0.0226230046896 "no_fam" "1_no_fam" 1 53.5 2 64 4.15888308335967 52.25 52.25
"1012" "126715_1" "Tringa_nebularia" 25 0.113027353706667 -0.109855465911 0.113027353706667 0.109855465911 NA NA NA 52.1 3 187 5.23110861685459 -40.43567 40.43567
"1013" "12673_1" "Pluvialis_squatarola" 34 0.0129683425132 0.0230477403312333 0.0129683425132 0.0230477403312333 "no_fam" "1_no_fam" 1 60.1 3 250 5.52146091786225 52.25 52.25
"1014" "126746_2" "Tringa_nebularia" 15 -0.954007893966667 0.265705772499333 0.954007893966667 0.265705772499333 NA NA NA 52.1 3 187 5.23110861685459 -38.38643 38.38643
"1015" "12675_3" "Clangula_hyemalis" 16 0.949147320283333 0.424830384434667 0.949147320283333 0.424830384434667 "no_fam" "1_no_fam" 1 50.9 3 871 6.7696419768525 60 60
"1016" "126753_1" "Tringa_nebularia" 11 -0.6624168279764 -0.175070030074 0.6624168279764 0.175070030074 NA NA NA 52.1 3 187 5.23110861685459 -31.91535 31.91535
"1017" "126757_2" "Tringa_nebularia" 10 -0.420026616198 0.113084036917 0.420026616198 0.113084036917 NA NA NA 52.1 3 187 5.23110861685459 -34.69552 34.69552
"1018" "126759_1" "Calidris_acuminata" 10 -0.365576266451 -0.123629666941667 0.365576266451 0.123629666941667 NA NA NA 54.5 3 66.1 4.19116874685764 -34.69552 34.69552
"1019" "12676_1" "Calidris_alpina" 34 0.0367646827668667 0.0227171357980667 0.0367646827668667 0.0227171357980667 "no_fam" "1_no_fam" 1 53.4 3 51.9 3.94931879017184 52.25 52.25
"1020" "12677_1" "Tringa_erythropus" 34 0.053601790078 0.01289787050378 0.053601790078 0.01289787050378 NA NA NA 50.8 3 158 5.06259503302697 52.25 52.25
"1021" "12678_1" "Clangula_hyemalis" 40 -0.0843041465402 -0.0324215895409333 0.0843041465402 0.0324215895409333 "no_fam" "1_no_fam" 1 50.9 3 871 6.7696419768525 60.1 60.1
"1022" "126782_4" "Tringa_nebularia" 11 -0.248103994464667 -0.243473798123333 0.248103994464667 0.243473798123333 NA NA NA 52.1 3 187 5.23110861685459 -38.32101 38.32101
"1023" "126783_2" "Calidris_acuminata" 11 -0.169227880856667 -0.196896953736667 0.169227880856667 0.196896953736667 NA NA NA 54.5 3 66.1 4.19116874685764 -38.32101 38.32101
"1024" "12679_1" "Arenaria_interpres" 34 -0.00206836219926667 0.0284713203798033 0.00206836219926667 0.0284713203798033 "no_fam" "1_no_fam" 1 55.6 3 136 4.91265488573605 52.25 52.25
"1025" "12680_1" "Calidris_canutus" 16 -0.124133420913 0.0927101361569 0.124133420913 0.0927101361569 "no_fam" "1_no_fam" 1 57.9 3 141.9 4.955122584166 51.65 51.65
"1026" "12682_1" "Clangula_hyemalis" 21 0.148923986693 0.0103036035760333 0.148923986693 0.0103036035760333 "no_fam" "1_no_fam" 1 50.9 3 871 6.7696419768525 54.755 54.755
"1027" "12683_1" "Clangula_hyemalis" 21 0.201247476148667 -0.0632341594240667 0.201247476148667 0.0632341594240667 "no_fam" "1_no_fam" 1 50.9 3 871 6.7696419768525 57 57
"1028" "126830_2" "Xenus_cinereus" 19 0.200560829848333 0.00818265135833333 0.200560829848333 0.00818265135833333 NA NA NA 54.6 3 78.8 4.36691299686383 -32.36602 32.36602
"1029" "1269_1" "Bucephala_clangula" 28 -0.0367715735205 0.084753062734 0.0367715735205 0.084753062734 "no_fam" "1_no_fam" 1 51.4 3 918.6 6.82285077189169 56 56
"1030" "126949_2" "Tringa_nebularia" 24 0.267022233201 0.0275788894729667 0.267022233201 0.0275788894729667 NA NA NA 52.1 3 187 5.23110861685459 -31.91535 31.91535
"1031" "126951_2" "Calidris_acuminata" 16 0.5252465718 -0.328946661222333 0.5252465718 0.328946661222333 NA NA NA 54.5 3 66.1 4.19116874685764 -31.91535 31.91535
"1032" "126994_3" "Tringa_nebularia" 17 0.229794019861367 -0.194051460903933 0.229794019861367 0.194051460903933 NA NA NA 52.1 3 187 5.23110861685459 -38.32101 38.32101
"1033" "126995_2" "Calidris_acuminata" 16 -0.068917428387 -0.339155859999427 0.068917428387 0.339155859999427 NA NA NA 54.5 3 66.1 4.19116874685764 -38.32101 38.32101
"1034" "127035_2" "Tringa_nebularia" 15 -0.234232561782333 0.0676206941359667 0.234232561782333 0.0676206941359667 NA NA NA 52.1 3 187 5.23110861685459 -37.34931 37.34931
"1035" "127050_2" "Tringa_nebularia" 11 -0.408538760362 0.277505831095 0.408538760362 0.277505831095 NA NA NA 52.1 3 187 5.23110861685459 -38.32101 38.32101
"1036" "127064_3" "Calidris_acuminata" 12 0.341150296414 -0.191757776157667 0.341150296414 0.191757776157667 NA NA NA 54.5 3 66.1 4.19116874685764 -33.91392 33.91392
"1037" "1271_1" "Bucephala_clangula" 28 0.05826123912 -0.0216546275909667 0.05826123912 0.0216546275909667 "no_fam" "1_no_fam" 1 51.4 3 918.6 6.82285077189169 48.76972 48.76972
"1038" "127119_5" "Xenus_cinereus" 11 0.199058221312333 -0.0428137291641667 0.199058221312333 0.0428137291641667 NA NA NA 54.6 3 78.8 4.36691299686383 -29.24589 29.24589
"1039" "127130_1" "Tringa_nebularia" 29 0.0724740599868333 0.277317441145333 0.0724740599868333 0.277317441145333 NA NA NA 52.1 3 187 5.23110861685459 -38.32101 38.32101
"1040" "127132_1" "Calidris_acuminata" 18 0.320013599456667 0.184136548147567 0.320013599456667 0.184136548147567 NA NA NA 54.5 3 66.1 4.19116874685764 -38.32101 38.32101
"1041" "127138_1" "Tringa_nebularia" 11 -1.25320098431433 -0.157137756415963 1.25320098431433 0.157137756415963 NA NA NA 52.1 3 187 5.23110861685459 -34.69552 34.69552
"1042" "127139_1" "Calidris_acuminata" 11 -0.623074155461 -0.209126433864 0.623074155461 0.209126433864 NA NA NA 54.5 3 66.1 4.19116874685764 -34.69552 34.69552
"1043" "127143_2" "Tringa_nebularia" 11 -0.280590185741 -0.205493820138333 0.280590185741 0.205493820138333 NA NA NA 52.1 3 187 5.23110861685459 -42.656 42.656
"1044" "127147_1" "Tringa_nebularia" 20 -0.511196408076433 -0.121403456937333 0.511196408076433 0.121403456937333 NA NA NA 52.1 3 187 5.23110861685459 -38.38643 38.38643
"1045" "127149_1" "Calidris_acuminata" 9 -0.077465217358 -0.327675645611333 0.077465217358 0.327675645611333 NA NA NA 54.5 3 66.1 4.19116874685764 -38.38643 38.38643
"1046" "127178_1" "Xenus_cinereus" 13 0.0857498399516667 0.0415200168392333 0.0857498399516667 0.0415200168392333 NA NA NA 54.6 3 78.8 4.36691299686383 -12.72421 12.72421
"1047" "1272_1" "Bucephala_clangula" 28 -0.0351729674177567 0.0201318234592667 0.0351729674177567 0.0201318234592667 "no_fam" "1_no_fam" 1 51.4 3 918.6 6.82285077189169 51.79 51.79
"1048" "127206_2" "Tringa_nebularia" 15 -0.258422241090733 0.074415526766 0.258422241090733 0.074415526766 NA NA NA 52.1 3 187 5.23110861685459 -38.38643 38.38643
"1049" "127206_4" "Tringa_nebularia" 10 0.74420758097 0.386238187513667 0.74420758097 0.386238187513667 NA NA NA 52.1 3 187 5.23110861685459 -38.38643 38.38643
"1050" "127210_1" "Tringa_nebularia" 14 0.0247523704290667 0.0586030732846667 0.0247523704290667 0.0586030732846667 NA NA NA 52.1 3 187 5.23110861685459 -38.38643 38.38643
"1051" "127221_2" "Tringa_nebularia" 14 -0.120937937682333 0.0948935584623333 0.120937937682333 0.0948935584623333 NA NA NA 52.1 3 187 5.23110861685459 -42.656 42.656
"1052" "127265_3" "Calidris_acuminata" 9 -0.814212118503333 -0.68450152793 0.814212118503333 0.68450152793 NA NA NA 54.5 3 66.1 4.19116874685764 -38.38643 38.38643
"1053" "127310_2" "Tringa_nebularia" 12 -0.238622741854 -0.0993137304262667 0.238622741854 0.0993137304262667 NA NA NA 52.1 3 187 5.23110861685459 -33.91392 33.91392
"1054" "127359_1" "Tringa_nebularia" 11 -0.347502661653333 -0.246219584196 0.347502661653333 0.246219584196 NA NA NA 52.1 3 187 5.23110861685459 -38.38643 38.38643
"1055" "127359_2" "Tringa_nebularia" 10 0.138465058236033 -0.127648791570667 0.138465058236033 0.127648791570667 NA NA NA 52.1 3 187 5.23110861685459 -38.38643 38.38643
"1056" "127394_1" "Tringa_nebularia" 17 -0.162963514272767 -0.261088702079967 0.162963514272767 0.261088702079967 NA NA NA 52.1 3 187 5.23110861685459 -38.32101 38.32101
"1057" "1274_3" "Bucephala_islandica" 30 -0.0150712602744333 -0.0118027461801233 0.0150712602744333 0.0118027461801233 "no_fam" "1_no_fam" 1 47.2 2 921.2 6.82567716794653 65.6 65.6
"1058" "127447_1" "Calidris_acuminata" 10 -0.123443938108733 0.07893296681 0.123443938108733 0.07893296681 NA NA NA 54.5 3 66.1 4.19116874685764 -34.66181 34.66181
"1059" "127483_1" "Tringa_nebularia" 9 -0.0702539754023333 0.0807208110276667 0.0702539754023333 0.0807208110276667 NA NA NA 52.1 3 187 5.23110861685459 -12.72421 12.72421
"1060" "127485_1" "Calidris_acuminata" 11 -0.153608224496 -0.0110325094319 0.153608224496 0.0110325094319 NA NA NA 54.5 3 66.1 4.19116874685764 -33.68682 33.68682
"1061" "127502_3" "Tringa_nebularia" 13 -0.1277521768965 -0.211017122903333 0.1277521768965 0.211017122903333 NA NA NA 52.1 3 187 5.23110861685459 -37.84705 37.84705
"1062" "127503_1" "Calidris_acuminata" 12 -0.341565192912333 0.154325607875 0.341565192912333 0.154325607875 NA NA NA 54.5 3 66.1 4.19116874685764 -37.84705 37.84705
"1063" "127504_3" "Tringa_nebularia" 12 0.606706457695667 0.090424141244 0.606706457695667 0.090424141244 NA NA NA 52.1 3 187 5.23110861685459 -38.32101 38.32101
"1064" "127508_4" "Calidris_acuminata" 9 0.449960672132 -0.148712209779367 0.449960672132 0.148712209779367 NA NA NA 54.5 3 66.1 4.19116874685764 -38.32101 38.32101
"1065" "127551_2" "Tringa_nebularia" 12 0.0303667767816667 -0.484400943958667 0.0303667767816667 0.484400943958667 NA NA NA 52.1 3 187 5.23110861685459 -33.91392 33.91392
"1066" "127588_3" "Tringa_nebularia" 9 0.14535457119 -0.00739687312335333 0.14535457119 0.00739687312335333 NA NA NA 52.1 3 187 5.23110861685459 -18.31115 18.31115
"1067" "127589_3" "Xenus_cinereus" 9 -0.0686814106289333 0.144459704850567 0.0686814106289333 0.144459704850567 NA NA NA 54.6 3 78.8 4.36691299686383 -18.31115 18.31115
"1068" "127660_2" "Tringa_nebularia" 13 0.161125144684733 -0.0309569914038667 0.161125144684733 0.0309569914038667 NA NA NA 52.1 3 187 5.23110861685459 -37.34931 37.34931
"1069" "127678_3" "Tringa_nebularia" 10 -0.166251792203233 -0.431715697879 0.166251792203233 0.431715697879 NA NA NA 52.1 3 187 5.23110861685459 -31.91535 31.91535
"1070" "127730_3" "Tringa_nebularia" 9 0.4080474999314 0.0324288943491667 0.4080474999314 0.0324288943491667 NA NA NA 52.1 3 187 5.23110861685459 -27.20517 27.20517
"1071" "127731_2" "Xenus_cinereus" 9 0.646085875006667 0.1095458620281 0.646085875006667 0.1095458620281 NA NA NA 54.6 3 78.8 4.36691299686383 -27.20517 27.20517
"1072" "127732_3" "Calidris_acuminata" 19 -0.321186561124 0.0703917130686333 0.321186561124 0.0703917130686333 NA NA NA 54.5 3 66.1 4.19116874685764 -27.20517 27.20517
"1073" "127748_3" "Tringa_nebularia" 10 0.340446888122333 0.118356240656267 0.340446888122333 0.118356240656267 NA NA NA 52.1 3 187 5.23110861685459 -25.10118 25.10118
"1074" "127759_2" "Tringa_nebularia" 9 -0.523210387472333 -0.0525822083751667 0.523210387472333 0.0525822083751667 NA NA NA 52.1 3 187 5.23110861685459 -25.10118 25.10118
"1075" "127760_2" "Calidris_acuminata" 10 -0.426268459511 -0.0353779730925667 0.426268459511 0.0353779730925667 NA NA NA 54.5 3 66.1 4.19116874685764 -25.10118 25.10118
"1076" "127787_1" "Tringa_nebularia" 9 -0.302779985899 0.0524065866610667 0.302779985899 0.0524065866610667 NA NA NA 52.1 3 187 5.23110861685459 -17.27688 17.27688
"1077" "127788_1" "Xenus_cinereus" 9 -0.114079066360333 0.0211676018377809 0.114079066360333 0.0211676018377809 NA NA NA 54.6 3 78.8 4.36691299686383 -17.27688 17.27688
"1078" "127788_2" "Xenus_cinereus" 12 -0.502086505429 0.0273288833001567 0.502086505429 0.0273288833001567 NA NA NA 54.6 3 78.8 4.36691299686383 -17.27688 17.27688
"1079" "127789_3" "Calidris_acuminata" 12 0.479682233184667 0.0176065648690667 0.479682233184667 0.0176065648690667 NA NA NA 54.5 3 66.1 4.19116874685764 -17.27688 17.27688
"1080" "127879_1" "Tringa_nebularia" 26 -0.205136011804 -0.002278444263794 0.205136011804 0.002278444263794 NA NA NA 52.1 3 187 5.23110861685459 -27.20517 27.20517
"1081" "127890_3" "Tringa_nebularia" 11 -0.2170895146323 -0.0282014611640233 0.2170895146323 0.0282014611640233 NA NA NA 52.1 3 187 5.23110861685459 -27.20517 27.20517
"1082" "127908_1" "Calidris_acuminata" 13 0.256792820974433 0.144393498779333 0.256792820974433 0.144393498779333 NA NA NA 54.5 3 66.1 4.19116874685764 -27.20517 27.20517
"1083" "127940_4" "Calidris_acuminata" 10 0.344507377767333 0.118748059618493 0.344507377767333 0.118748059618493 NA NA NA 54.5 3 66.1 4.19116874685764 -27.20517 27.20517
"1084" "127946_1" "Calidris_acuminata" 18 -0.0333612907603333 0.065931767531824 0.0333612907603333 0.065931767531824 NA NA NA 54.5 3 66.1 4.19116874685764 -25.10118 25.10118
"1085" "127952_1" "Calidris_acuminata" 12 0.596401812894333 0.0571066104403333 0.596401812894333 0.0571066104403333 NA NA NA 54.5 3 66.1 4.19116874685764 -27.20517 27.20517
"1086" "128011_4" "Tringa_nebularia" 11 -0.485301578116667 -0.0374930423980333 0.485301578116667 0.0374930423980333 NA NA NA 52.1 3 187 5.23110861685459 -27.20517 27.20517
"1087" "128012_4" "Calidris_acuminata" 15 -0.740496178992667 0.119448508206867 0.740496178992667 0.119448508206867 NA NA NA 54.5 3 66.1 4.19116874685764 -27.20517 27.20517
"1088" "128013_1" "Tringa_nebularia" 28 0.208383000646567 -1.08483113333336e-06 0.208383000646567 1.08483113333336e-06 NA NA NA 52.1 3 187 5.23110861685459 -27.20517 27.20517
"1089" "128015_1" "Calidris_acuminata" 28 -0.148639764176333 -0.0299845312763333 0.148639764176333 0.0299845312763333 NA NA NA 54.5 3 66.1 4.19116874685764 -27.20517 27.20517
"1090" "128018_2" "Tringa_nebularia" 16 -0.553211652016333 -0.00392640197133333 0.553211652016333 0.00392640197133333 NA NA NA 52.1 3 187 5.23110861685459 -25.10118 25.10118
"1091" "128034_2" "Tringa_nebularia" 23 0.110508721099067 0.04611433114434 0.110508721099067 0.04611433114434 NA NA NA 52.1 3 187 5.23110861685459 -27.20517 27.20517
"1092" "128035_1" "Xenus_cinereus" 27 0.00100940155603333 0.0646562545296667 0.00100940155603333 0.0646562545296667 NA NA NA 54.6 3 78.8 4.36691299686383 -27.20517 27.20517
"1093" "128036_1" "Calidris_acuminata" 27 0.134472105346 -0.0475614806347333 0.134472105346 0.0475614806347333 NA NA NA 54.5 3 66.1 4.19116874685764 -27.20517 27.20517
"1094" "128051_2" "Tringa_nebularia" 15 0.28656021235 0.0452505810056233 0.28656021235 0.0452505810056233 NA NA NA 52.1 3 187 5.23110861685459 -25.10118 25.10118
"1095" "128052_2" "Xenus_cinereus" 12 0.122701230550333 0.137117616820333 0.122701230550333 0.137117616820333 NA NA NA 54.6 3 78.8 4.36691299686383 -25.10118 25.10118
"1096" "1281_1" "Cygnus_columbianus" 28 -0.0441554901791 -0.0133811143642333 0.0441554901791 0.0133811143642333 "family" "2_family" 2 45.3 3 6378 8.76060984757 51.79 51.79
"1097" "128121_2" "Tringa_nebularia" 19 0.0592347478802 -0.0266567701026667 0.0592347478802 0.0266567701026667 NA NA NA 52.1 3 187 5.23110861685459 -27.20517 27.20517
"1098" "128123_2" "Calidris_acuminata" 23 0.398667437855333 0.0573077253286 0.398667437855333 0.0573077253286 NA NA NA 54.5 3 66.1 4.19116874685764 -27.20517 27.20517
"1099" "128124_4" "Tringa_nebularia" 15 -0.026235363561 -0.120675506533333 0.026235363561 0.120675506533333 NA NA NA 52.1 3 187 5.23110861685459 -27.20517 27.20517
"1100" "128125_4" "Calidris_acuminata" 15 0.594680081266 -0.0741674739026667 0.594680081266 0.0741674739026667 NA NA NA 54.5 3 66.1 4.19116874685764 -27.20517 27.20517
"1101" "128129_1" "Tringa_nebularia" 9 -0.67967216795 0.0105599978626 0.67967216795 0.0105599978626 NA NA NA 52.1 3 187 5.23110861685459 -21.09203 21.09203
"1102" "128131_1" "Calidris_acuminata" 9 -0.253380596172 0.0116674289302 0.253380596172 0.0116674289302 NA NA NA 54.5 3 66.1 4.19116874685764 -21.09203 21.09203
"1103" "128167_1" "Calidris_acuminata" 12 -0.496053926398 0.2141432693888 0.496053926398 0.2141432693888 NA NA NA 54.5 3 66.1 4.19116874685764 -27.20517 27.20517
"1104" "128177_3" "Calidris_acuminata" 10 -0.0372040774530667 -0.160720905984267 0.0372040774530667 0.160720905984267 NA NA NA 54.5 3 66.1 4.19116874685764 -19.59936 19.59936
"1105" "1282_1" "Cygnus_cygnus" 28 0.055681931789 0.000169568185866667 0.055681931789 0.000169568185866667 "family" "2_family" 2 44.8 3 9350 9.14313162228273 51.79 51.79
"1106" "128211_1" "Tringa_nebularia" 10 -0.651163571926667 0.0614888133128333 0.651163571926667 0.0614888133128333 NA NA NA 52.1 3 187 5.23110861685459 -21.09203 21.09203
"1107" "128232_1" "Tringa_nebularia" 9 0.186490535893667 -0.115730291537 0.186490535893667 0.115730291537 NA NA NA 52.1 3 187 5.23110861685459 -27.20517 27.20517
"1108" "128240_1" "Tringa_nebularia" 9 0.00730895975623333 -0.00923172369696667 0.00730895975623333 0.00923172369696667 NA NA NA 52.1 3 187 5.23110861685459 -27.20517 27.20517
"1109" "128241_1" "Calidris_acuminata" 9 0.334655028574333 -0.0746948812887333 0.334655028574333 0.0746948812887333 NA NA NA 54.5 3 66.1 4.19116874685764 -27.20517 27.20517
"1110" "128285_1" "Tringa_nebularia" 21 -0.334365773044 0.0237964110319667 0.334365773044 0.0237964110319667 NA NA NA 52.1 3 187 5.23110861685459 -27.20517 27.20517
"1111" "128288_1" "Tringa_nebularia" 18 0.504446754253 -0.106610517737333 0.504446754253 0.106610517737333 NA NA NA 52.1 3 187 5.23110861685459 -27.20517 27.20517
"1112" "128290_2" "Calidris_acuminata" 12 0.156351170550333 -0.0254829082846667 0.156351170550333 0.0254829082846667 NA NA NA 54.5 3 66.1 4.19116874685764 -27.20517 27.20517
"1113" "1283_1" "Cygnus_cygnus" 28 -0.108411481233167 0.0864202599347 0.108411481233167 0.0864202599347 "family" "2_family" 2 44.8 3 9350 9.14313162228273 48.76972 48.76972
"1114" "128317_1" "Tringa_nebularia" 24 -0.274751369511667 -0.0314522360082333 0.274751369511667 0.0314522360082333 NA NA NA 52.1 3 187 5.23110861685459 -27.20517 27.20517
"1115" "128318_2" "Calidris_acuminata" 20 0.10320829341 -0.129967442366233 0.10320829341 0.129967442366233 NA NA NA 54.5 3 66.1 4.19116874685764 -27.20517 27.20517
"1116" "1290_1" "Egretta_garzetta" 27 -0.0286378144208667 0.00147414545071667 0.0286378144208667 0.00147414545071667 "no_fam" "1_no_fam" 1 33.1 2 312 5.74300318780948 45.07361 45.07361
"1117" "1292_1" "Emberiza_schoeniclus" 17 -0.0405030252857333 0.0105357323250667 0.0405030252857333 0.0105357323250667 NA "1_no_fam" 1 21.1 2 18.4 2.91235066461494 63 63
"1118" "1297_1" "Fulica_atra" 9 0.2253651687705 0.0160967131326667 0.2253651687705 0.0160967131326667 "coop_families" "3_coop_families" 3 39.6 1 717.1 6.57521530088853 40.67389 40.67389
"1119" "1300_1" "Fulica_atra" 9 0.160405897463967 -0.0594466111911333 0.160405897463967 0.0594466111911333 "coop_families" "3_coop_families" 3 39.6 1 717.1 6.57521530088853 39.82278 39.82278
"1120" "1302_1" "Grus_japonensis" 17 -0.109438469772333 0.046503062989 0.109438469772333 0.046503062989 NA "2_family" 2 41.1 3 8786 9.08091482453572 33.48194 33.48194
"1121" "1308_1" "Mergus_merganser" 28 -0.115145886743167 0.0139731879271 0.115145886743167 0.0139731879271 "no_fam" "1_no_fam" 1 46 3 1451 7.28000825288419 51.79 51.79
"1122" "1309_1" "Mergus_merganser" 28 0.03332983901933 -0.0211731191851 0.03332983901933 0.0211731191851 "no_fam" "1_no_fam" 1 46 3 1451 7.28000825288419 56 56
"1123" "1310_1" "Mergus_merganser" 28 -0.00617708722843333 0.000920203498466667 0.00617708722843333 0.000920203498466667 "no_fam" "1_no_fam" 1 46 3 1451 7.28000825288419 48.76972 48.76972
"1124" "1314_1" "Mergus_serrator" 28 0.154030529493333 0.0308188827490333 0.154030529493333 0.0308188827490333 "no_fam" "1_no_fam" 1 49.3 3 1015.2 6.92284091640018 51.79 51.79
"1125" "1315_1" "Mergus_serrator" 28 0.0865365466013333 0.0089630789325 0.0865365466013333 0.0089630789325 "no_fam" "1_no_fam" 1 49.3 3 1015.2 6.92284091640018 56 56
"1126" "1316_1" "Mergus_serrator" 23 0.117581377868333 0.00334830730626667 0.117581377868333 0.00334830730626667 "no_fam" "1_no_fam" 1 49.3 3 1015.2 6.92284091640018 39.82278 39.82278
"1127" "1319_1" "Netta_rufina" 9 0.126144240718033 0.133472366385667 0.126144240718033 0.133472366385667 "no_fam" "1_no_fam" 1 47.5 2 1118 7.01929665371504 51.79 51.79
"1128" "1320_1" "Netta_rufina" 17 0.03652043119 0.0545990031105 0.03652043119 0.0545990031105 "no_fam" "1_no_fam" 1 47.5 2 1118 7.01929665371504 48.76972 48.76972
"1129" "1321_1" "Netta_rufina" 28 0.259817247737 -0.0815399817446967 0.259817247737 0.0815399817446967 "no_fam" "1_no_fam" 1 47.5 2 1118 7.01929665371504 39.82278 39.82278
"1130" "1323_3" "Nycticorax_nycticorax" 13 0.0725768642374333 0.0020555557669 0.0725768642374333 0.0020555557669 "no_fam" "1_no_fam" 1 33.1 3 810 6.69703424766648 45.23528 45.23528
"1131" "1325_1" "Oxyura_jamaicensis" 33 0.0206345735093333 -0.000967264676966667 0.0206345735093333 0.000967264676966667 "no_fam" "1_no_fam" 1 41.9 1 608.2 6.41050377524326 54 54
"1132" "1331_2" "Pandion_haliaetus" 30 -0.0157588887325 0.0073739471407 0.0157588887325 0.0073739471407 "no_fam" "1_no_fam" 1 44.9 3 1483.2 7.30195719481159 54 54
"1133" "1333_1" "Platalea_leucorodia" 21 -0.100523625464 0.116370160299667 0.100523625464 0.116370160299667 "no_fam" "1_no_fam" 1 40.4 2 1868 7.53262361878879 37.6 37.6
"1134" "1338_1" "Riparia_riparia" 23 0.0291962844024333 0.0548833438724 0.0291962844024333 0.0548833438724 "no_fam" "1_no_fam" 1 53 3 12.7 2.54160199346455 62 62
"1135" "14545_1" "Brachyramphus_marmoratus" 44 0.00427153323919333 0.0179008977663 0.00427153323919333 0.0179008977663 "no_fam" "1_no_fam" 1 58.4 3 220 5.39362754635236 60.108611 60.108611
"1136" "14873_4" "Tetrao_urogallus" 12 0.211755658098333 -0.0840714123972467 0.211755658098333 0.0840714123972467 "family" "2_family" 2 33.2 1 2716.6 7.90713637738839 42.593263 42.593263
"1137" "14899_1" "Milvus_milvus" 11 -0.198550186512 0.0112426877694 0.198550186512 0.0112426877694 "family" "2_family" 2 49.9 2 1071.8 6.97709475706075 37.16 37.16
"1138" "14900_1" "Marmaronetta_angustirostris" 17 0.348293464840933 -0.0152836038722667 0.348293464840933 0.0152836038722667 NA NA NA 47.7 2 477 6.16751649088834 37.16 37.16
"1139" "15028_1" "Thalassarche_carteri" 19 0.122488563633333 0.185440249142667 0.122488563633333 0.185440249142667 NA NA NA 56.5 3 2128.8 7.66331371966348 -37.83 37.83
"1140" "1583_1" "Alca_torda" 19 -0.1223943038297 -0.0139964737425333 0.1223943038297 0.0139964737425333 "no_fam" "1_no_fam" 1 56.8 3 726 6.5875500148248 60.33333 60.33333
"1141" "1585_1" "Alca_torda" 19 0.0962599051257267 -0.0214500075639 0.0962599051257267 0.0214500075639 "no_fam" "1_no_fam" 1 56.8 3 726 6.5875500148248 56.19389 56.19389
"1142" "1587_3" "Alca_torda" 24 0.00014271867226 -0.0456403711841467 0.00014271867226 0.0456403711841467 "no_fam" "1_no_fam" 1 56.8 3 726 6.5875500148248 60.46667 60.46667
"1143" "1589_1" "Alca_torda" 19 0.0194177009293667 0.00431577967822667 0.0194177009293667 0.00431577967822667 "no_fam" "1_no_fam" 1 56.8 3 726 6.5875500148248 52.39861 52.39861
"1144" "1598_2" "Anser_brachyrhynchus" 18 0.164034223503333 -0.080048156779 0.164034223503333 0.080048156779 "family" "2_family" 2 49.3 3 2642 7.87929148508227 52.5 52.5
"1145" "1599_1" "Anthus_petrosus" 20 0.0798473446889 0.01380242738167 0.0798473446889 0.01380242738167 NA NA NA 26.5 2 22.4 3.10906095886099 59.93333 59.93333
"1146" "1607_1" "Branta_bernicla" 15 0.0939866994745667 0.0525556218259 0.0939866994745667 0.0525556218259 "family" "2_family" 2 52.3 3 1277.9 7.15297338461466 56.70139 56.70139
"1147" "1609_1" "Branta_bernicla" 15 0.157931141407747 0.0430963971255333 0.157931141407747 0.0430963971255333 "family" "2_family" 2 52.3 3 1277.9 7.15297338461466 56.63333 56.63333
"1148" "1610_1" "Branta_bernicla" 15 0.0350389639569 -0.00041387161616 0.0350389639569 0.00041387161616 "family" "2_family" 2 52.3 3 1277.9 7.15297338461466 56.35 56.35
"1149" "1611_1" "Branta_bernicla" 15 -0.0124481226596367 0.0600640188284167 0.0124481226596367 0.0600640188284167 "family" "2_family" 2 52.3 3 1277.9 7.15297338461466 56.71667 56.71667
"1150" "1615_1" "Branta_leucopsis" 10 -0.167032470762 -0.213376784211333 0.167032470762 0.213376784211333 "family" "2_family" 2 50.6 3 1684 7.42892719480227 64 64
"1151" "1617_1" "Calidris_alba" 11 0.2063271086865 0.0401443283829033 0.2063271086865 0.0401443283829033 "no_fam" "1_no_fam" 1 52.3 3 51.7 3.94545778151438 53.87083 53.87083
"1152" "1619_1" "Calidris_alpina" 11 0.0162815933823 -0.00820301046203333 0.0162815933823 0.00820301046203333 "no_fam" "1_no_fam" 1 53.4 3 51.9 3.94931879017184 53.87083 53.87083
"1153" "1621_1" "Arenaria_interpres" 11 0.0218533159968 0.0684537163117333 0.0218533159968 0.0684537163117333 "no_fam" "1_no_fam" 1 55.6 3 136 4.91265488573605 53.87083 53.87083
"1154" "1623_1" "Calidris_alpina" 9 -0.0938536686441 -0.0480852102763667 0.0938536686441 0.0480852102763667 "no_fam" "1_no_fam" 1 53.4 3 51.9 3.94931879017184 54.14139 54.14139
"1155" "1624_1" "Calidris_canutus" 11 0.0217122499179667 0.02074255770559 0.0217122499179667 0.02074255770559 "no_fam" "1_no_fam" 1 57.9 3 141.9 4.955122584166 53.87083 53.87083
"1156" "1626_1" "Calidris_ferruginea" 11 -0.558955696232333 0.0680238290776667 0.558955696232333 0.0680238290776667 "no_fam" "1_no_fam" 1 54.9 3 58.1 4.06216566385787 53.87083 53.87083
"1157" "1627_1" "Charadrius_hiaticula" 11 -0.111912646644367 -0.0250365952149833 0.111912646644367 0.0250365952149833 "no_fam" "1_no_fam" 1 53.5 2 64 4.15888308335967 53.87083 53.87083
"1158" "1629_1" "Calidris_maritima" 11 0.357456814933333 0.236379163460667 0.357456814933333 0.236379163460667 "no_fam" "1_no_fam" 1 50.5 3 65.1 4.17592454921452 64 64
"1159" "1637_4" "Cepphus_grylle" 14 0.1415612825034 0.0251818005888 0.1415612825034 0.0251818005888 "no_fam" "1_no_fam" 1 43.1 3 378 5.93489419561959 60.33333 60.33333
"1160" "1639_2" "Cepphus_grylle" 23 -0.013668595595 0.008212871525 0.013668595595 0.008212871525 "no_fam" "1_no_fam" 1 43.1 3 378 5.93489419561959 59.93333 59.93333
"1161" "1644_1" "Anarhynchus_alexandrinus" 17 -0.0034866072291 0.0698188434032 0.0034866072291 0.0698188434032 "no_fam" "1_no_fam" 1 55 2 42.3 3.74478708605223 53.46361 53.46361
"1162" "1647_1" "Charadrius_hiaticula" 17 0.00500178869206667 -0.00317042790353333 0.00500178869206667 0.00317042790353333 "no_fam" "1_no_fam" 1 53.5 2 64 4.15888308335967 53.46361 53.46361
"1163" "1648_1" "Charadrius_hiaticula" 9 -0.00586895771836667 -0.0218503441386333 0.00586895771836667 0.0218503441386333 "no_fam" "1_no_fam" 1 53.5 2 64 4.15888308335967 54.14139 54.14139
"1164" "1666_1" "Fulmarus_glacialis" 19 0.00799815975416667 -0.0115180061981 0.00799815975416667 0.0115180061981 "no_fam" "1_no_fam" 1 51.1 3 611.9 6.41656887046849 60.33333 60.33333
"1165" "1668_1" "Fulmarus_glacialis" 19 0.0188392085412 -0.0171703996880833 0.0188392085412 0.0171703996880833 "no_fam" "1_no_fam" 1 51.1 3 611.9 6.41656887046849 56.19389 56.19389
"1166" "1669_1" "Fulmarus_glacialis" 19 0.0441684076686333 -0.0228436022924167 0.0441684076686333 0.0228436022924167 "no_fam" "1_no_fam" 1 51.1 3 611.9 6.41656887046849 54.51222 54.51222
"1167" "1673_1" "Fulmarus_glacialis" 19 -0.00902376887058333 -0.005945335067508 0.00902376887058333 0.005945335067508 "no_fam" "1_no_fam" 1 51.1 3 611.9 6.41656887046849 52.39861 52.39861
"1168" "1676_1" "Fulmarus_glacialis" 19 -0.0305980781518 -0.00651245479548667 0.0305980781518 0.00651245479548667 "no_fam" "1_no_fam" 1 51.1 3 611.9 6.41656887046849 56.95944 56.95944
"1169" "1678_1" "Gelochelidon_nilotica" 17 -0.0342149518769 0.0150454452134567 0.0342149518769 0.0150454452134567 "no_fam" "1_no_fam" 1 65.8 3 218.3 5.3858702635559 53.86444 53.86444
"1170" "1682_1" "Haematopus_ostralegus" 9 -0.000140365736896667 0.0152740103169767 0.000140365736896667 0.0152740103169767 "no_fam" "1_no_fam" 1 51.2 1 526 6.26530121273771 54.14139 54.14139
"1171" "1695_3" "Larus_smithsonianus" 12 0.0632433930546667 0.0917526095106333 0.0632433930546667 0.0917526095106333 NA NA NA 54.9 2 1091 6.99484998583307 68.8 68.8
"1172" "1696_7" "Larus_argentatus" 9 0.0181412122163 0.00744791096923333 0.0181412122163 0.00744791096923333 "family" "2_family" 2 54.9 2 1091 6.99484998583307 53.86444 53.86444
"1173" "1698_1" "Larus_argentatus" 9 0.0399848910927373 0.0188883393257333 0.0399848910927373 0.0188883393257333 "family" "2_family" 2 54.9 2 1091 6.99484998583307 54.14139 54.14139
"1174" "1701_3" "Ichthyaetus_audouinii" 19 0.0389278732818633 -0.110053928173667 0.0389278732818633 0.110053928173667 NA NA NA 60 2 535 6.28226674689601 35.18333 35.18333
"1175" "1706_2" "Larus_canus" 27 0.0414127400293667 -0.0153503095898967 0.0414127400293667 0.0153503095898967 "no_fam" "1_no_fam" 1 58.6 3 412.5 6.02223620577474 69.83278 69.83278
"1176" "1707_1" "Larus_canus" 9 -0.000639692990866667 -0.0608011002473333 0.000639692990866667 0.0608011002473333 "no_fam" "1_no_fam" 1 58.6 3 412.5 6.02223620577474 54.14139 54.14139
"1177" "1708_7" "Larus_canus" 9 0.0377946223655667 0.00874239620618 0.0377946223655667 0.00874239620618 "no_fam" "1_no_fam" 1 58.6 3 412.5 6.02223620577474 53.86444 53.86444
"1178" "1709_4" "Larus_canus" 15 0.0457200907043333 0.09613767817 0.0457200907043333 0.09613767817 "no_fam" "1_no_fam" 1 58.6 3 412.5 6.02223620577474 68.8 68.8
"1179" "1710_1" "Larus_canus" 23 -0.01430122726569 0.0120220261786 0.01430122726569 0.0120220261786 "no_fam" "1_no_fam" 1 58.6 3 412.5 6.02223620577474 61.67583 61.67583
"1180" "1711_1" "Larus_canus" 9 0.04277954302879 0.01530784725563 0.04277954302879 0.01530784725563 "no_fam" "1_no_fam" 1 58.6 3 412.5 6.02223620577474 56.31 56.31
"1181" "1714_4" "Larus_fuscus" 17 -0.0119648812867913 0.0179789545161333 0.0119648812867913 0.0179789545161333 NA NA NA 57.4 2 762.4 6.63647135233999 53.86444 53.86444
"1182" "1720_2" "Ichthyaetus_melanocephalus" 10 0.123391844175333 0.0739490436566667 0.123391844175333 0.0739490436566667 NA NA NA 57.1 2 256 5.54517744447956 53.86444 53.86444
"1183" "1723_1" "Chroicocephalus_ridibundus" 23 -0.0130732869501533 0.000564717949433333 0.0130732869501533 0.000564717949433333 NA NA NA 58.6 2 284 5.64897423816121 61.67583 61.67583
"1184" "1725_7" "Chroicocephalus_ridibundus" 9 -0.0153322780280367 -0.00824208810072333 0.0153322780280367 0.00824208810072333 NA NA NA 58.6 2 284 5.64897423816121 53.86444 53.86444
"1185" "1727_1" "Chroicocephalus_ridibundus" 9 -0.0932751055997 -0.0138240010546667 0.0932751055997 0.0138240010546667 NA NA NA 58.6 2 284 5.64897423816121 54.14139 54.14139
"1186" "1761_1" "Gulosus_aristotelis" 28 -0.001307371803 0.0664647068086667 0.001307371803 0.0664647068086667 "no_fam" "1_no_fam" 1 33.2 1 1764.3 7.47550929013402 55.66667 55.66667
"1187" "17652_1" "Ciconia_nigra" 17 0.0650559443153 -0.04742038844044 0.0650559443153 0.04742038844044 NA "1_no_fam" 1 43.1 3 2926 7.98139158158007 46.463269 46.463269
"1188" "1766_1" "Gulosus_aristotelis" 19 -0.0440702502200733 0.0257843626488 0.0440702502200733 0.0257843626488 "no_fam" "1_no_fam" 1 33.2 1 1764.3 7.47550929013402 54.51222 54.51222
"1189" "1768_1" "Gulosus_aristotelis" 19 -0.0995153444346667 -0.0130935285858067 0.0995153444346667 0.0130935285858067 "no_fam" "1_no_fam" 1 33.2 1 1764.3 7.47550929013402 56.95944 56.95944
"1190" "1769_1" "Gulosus_aristotelis" 19 -0.05176634389 0.0131516568624333 0.05176634389 0.0131516568624333 "no_fam" "1_no_fam" 1 33.2 1 1764.3 7.47550929013402 56.19389 56.19389
"1191" "1770_1" "Gulosus_aristotelis" 19 -0.0323765357586667 -0.0300220816434333 0.0323765357586667 0.0300220816434333 "no_fam" "1_no_fam" 1 33.2 1 1764.3 7.47550929013402 60.33333 60.33333
"1192" "1778_1" "Phalacrocorax_carbo" 9 0.0593965445719 -0.0131564248466667 0.0593965445719 0.0131564248466667 "no_fam" "1_no_fam" 1 37.1 2 2529 7.83557924666997 54.14139 54.14139
"1193" "1780_2" "Phalacrocorax_carbo" 14 0.0725395700843667 0.0411600343235567 0.0725395700843667 0.0411600343235567 "no_fam" "1_no_fam" 1 37.1 2 2529 7.83557924666997 58.53694 58.53694
"1194" "1781_1" "Phalacrocorax_carbo" 19 0.0399389184940633 -0.00248821806416667 0.0399389184940633 0.00248821806416667 "no_fam" "1_no_fam" 1 37.1 2 2529 7.83557924666997 54.51222 54.51222
"1195" "1782_1" "Phalacrocorax_carbo" 19 -0.0424967409569167 -0.01180593367072 0.0424967409569167 0.01180593367072 "no_fam" "1_no_fam" 1 37.1 2 2529 7.83557924666997 55.04139 55.04139
"1196" "1784_1" "Phalacrocorax_carbo" 17 0.126510762914367 -0.0258820404529833 0.126510762914367 0.0258820404529833 "no_fam" "1_no_fam" 1 37.1 2 2529 7.83557924666997 56.19389 56.19389
"1197" "1785_1" "Phalacrocorax_carbo" 17 -0.0474445454919667 -0.0386541738559333 0.0474445454919667 0.0386541738559333 "no_fam" "1_no_fam" 1 37.1 2 2529 7.83557924666997 60.33333 60.33333
"1198" "1786_1" "Phalacrocorax_carbo" 19 0.0309523885206 -0.0160937466855333 0.0309523885206 0.0160937466855333 "no_fam" "1_no_fam" 1 37.1 2 2529 7.83557924666997 50.0575 50.0575
"1199" "1788_1" "Phalacrocorax_carbo" 19 0.0772039612692 0.0163144496470233 0.0772039612692 0.0163144496470233 "no_fam" "1_no_fam" 1 37.1 2 2529 7.83557924666997 52.39861 52.39861
"1200" "17912_1" "Pygoscelis_adeliae" 9 0.0132695673498333 0.685148475053 0.0132695673498333 0.685148475053 "no_fam" "1_no_fam" 1 7.4 2 4847.7 8.48625964464631 -76.933333 76.933333
"1201" "17913_1" "Pygoscelis_adeliae" 24 -0.0732004049222933 0.166548972580667 0.0732004049222933 0.166548972580667 "no_fam" "1_no_fam" 1 7.4 2 4847.7 8.48625964464631 -77.233333 77.233333
"1202" "17915_1" "Pygoscelis_adeliae" 17 -0.0298878720632 0.127338325216667 0.0298878720632 0.127338325216667 "no_fam" "1_no_fam" 1 7.4 2 4847.7 8.48625964464631 -77.216667 77.216667
"1203" "17915_2" "Pygoscelis_adeliae" 12 -0.0891388938647333 -0.0149408046833333 0.0891388938647333 0.0149408046833333 "no_fam" "1_no_fam" 1 7.4 2 4847.7 8.48625964464631 -77.216667 77.216667
"1204" "17918_1" "Pygoscelis_adeliae" 30 -0.0802896797565667 0.213194971785667 0.0802896797565667 0.213194971785667 "no_fam" "1_no_fam" 1 7.4 2 4847.7 8.48625964464631 -77.266667 77.266667
"1205" "17919_1" "Pygoscelis_adeliae" 28 -0.0901562020526667 -0.0773768991528667 0.0901562020526667 0.0773768991528667 "no_fam" "1_no_fam" 1 7.4 2 4847.7 8.48625964464631 -77.483333 77.483333
"1206" "17920_1" "Pygoscelis_adeliae" 14 -0.075231684661 0.139250054678333 0.075231684661 0.139250054678333 "no_fam" "1_no_fam" 1 7.4 2 4847.7 8.48625964464631 -77.45 77.45
"1207" "17920_2" "Pygoscelis_adeliae" 11 -0.0923241588822667 -0.120879409477033 0.0923241588822667 0.120879409477033 "no_fam" "1_no_fam" 1 7.4 2 4847.7 8.48625964464631 -77.45 77.45
"1208" "17924_1" "Pygoscelis_papua" 19 -0.138553351813767 0.0208133349653067 0.138553351813767 0.0208133349653067 "no_fam" "1_no_fam" 1 5 2 5933 8.68828526625864 -54.906667 54.906667
"1209" "17926_1" "Spheniscus_magellanicus" 19 0.0241996978155333 0.0400882248087 0.0241996978155333 0.0400882248087 "no_fam" "1_no_fam" 1 3.8 2 4105.1 8.31998538212575 -54.883333 54.883333
"1210" "17930_1" "Spheniscus_humboldti" 9 -0.0222032056316667 0.0775080075426433 0.0222032056316667 0.0775080075426433 "no_fam" "1_no_fam" 1 4.4 2 4366.4 8.38169414995407 -27 27
"1211" "1794_2" "Calidris_pugnax" 9 0.0368959296042667 -0.0278029565039333 0.0368959296042667 0.0278029565039333 "no_fam" "1_no_fam" 1 51 3 131.7 4.88052660874924 54 54
"1212" "17943_1" "Eudyptes_chrysolophus" 32 0.0944176016506667 -0.0238150084103 0.0944176016506667 0.0238150084103 "no_fam" "1_no_fam" 1 5.8 2 4485.1 8.40851607078837 -54 54
"1213" "1796_1" "Calidris_pugnax" 9 -0.0805015722503333 0.0619746320077 0.0805015722503333 0.0619746320077 "no_fam" "1_no_fam" 1 51 3 131.7 4.88052660874924 54.14139 54.14139
"1214" "18092_1" "Streptopelia_decaocto" 14 -0.0182035678712333 -0.0309429489345667 0.0182035678712333 0.0309429489345667 "no_fam" "1_no_fam" 1 36.1 1 149 5.00394630594546 56.159482 56.159482
"1215" "18093_1" "Streptopelia_decaocto" 10 -0.0833158028923067 -0.130619824649813 0.0833158028923067 0.130619824649813 "no_fam" "1_no_fam" 1 36.1 1 149 5.00394630594546 55.410147 55.410147
"1216" "1810_2" "Recurvirostra_avosetta" 12 0.174844578233333 0.01703507536057 0.174844578233333 0.01703507536057 "family" "2_family" 2 49.7 2 304 5.71702770140622 54 54
"1217" "1812_1" "Recurvirostra_avosetta" 9 0.0477185220061 -0.02909247854164 0.0477185220061 0.02909247854164 "family" "2_family" 2 49.7 2 304 5.71702770140622 54.14139 54.14139
"1218" "1819_2" "Rissa_tridactyla" 29 0.0403906604509647 -0.01051772100481 0.0403906604509647 0.01051772100481 "no_fam" "1_no_fam" 1 59.4 2 416 6.03068526026126 54.16667 54.16667
"1219" "1822_1" "Rissa_tridactyla" 19 0.103441860270933 0.000367103184033333 0.103441860270933 0.000367103184033333 "no_fam" "1_no_fam" 1 59.4 2 416 6.03068526026126 54.51222 54.51222
"1220" "1824_1" "Rissa_tridactyla" 19 0.119491586142167 0.00945440034734 0.119491586142167 0.00945440034734 "no_fam" "1_no_fam" 1 59.4 2 416 6.03068526026126 56.95944 56.95944
"1221" "18240_1" "Pelecanus_crispus" 48 -0.0111615231936667 -0.0153703997398333 0.0111615231936667 0.0153703997398333 NA "1_no_fam" 1 43.3 2 9512.1 9.16031995135152 44.114444 44.114444
"1222" "1827_2" "Rissa_tridactyla" 15 0.0827784125816667 0.0415153874825333 0.0827784125816667 0.0415153874825333 "no_fam" "1_no_fam" 1 59.4 2 416 6.03068526026126 50.74194 50.74194
"1223" "1828_1" "Rissa_tridactyla" 19 0.110568880279633 0.0132093706706333 0.110568880279633 0.0132093706706333 "no_fam" "1_no_fam" 1 59.4 2 416 6.03068526026126 56.19389 56.19389
"1224" "1830_1" "Rissa_tridactyla" 19 0.182671690023333 0.0130124575800667 0.182671690023333 0.0130124575800667 "no_fam" "1_no_fam" 1 59.4 2 416 6.03068526026126 55.32111 55.32111
"1225" "18316_1" "Emberiza_aureola" 28 0.00851505415996667 -0.003721864221965 0.00851505415996667 0.003721864221965 "no_fam" "1_no_fam" 1 25.8 3 19.6 2.97552956623647 57.152222 57.152222
"1226" "1833_1" "Rissa_tridactyla" 19 -0.01031753413014 -0.00896466938709 0.01031753413014 0.00896466938709 "no_fam" "1_no_fam" 1 59.4 2 416 6.03068526026126 52.39861 52.39861
"1227" "1840_2" "Somateria_mollissima" 12 0.126917877988347 -0.070408811485 0.126917877988347 0.070408811485 "no_fam" "1_no_fam" 1 44.9 2 2060.9 7.63089805957746 54 54
"1228" "1851_1" "Sternula_albifrons" 9 -0.0472162307903333 -0.0846552192573333 0.0472162307903333 0.0846552192573333 NA NA NA 69.8 3 57 4.04305126783455 54.14139 54.14139
"1229" "1855_1" "Sternula_albifrons" 17 0.070276155729751 0.00974858083034667 0.070276155729751 0.00974858083034667 NA NA NA 69.8 3 57 4.04305126783455 54 54
"1230" "1857_6" "Hydroprogne_caspia" 10 0.141984823812 0.339353495213333 0.141984823812 0.339353495213333 "family" "2_family" 2 65.1 3 655 6.48463523563525 60.46667 60.46667
"1231" "1858_1" "Sterna_dougallii" 13 0.269492776752033 -0.137690785180667 0.269492776752033 0.137690785180667 "family" "2_family" 2 69.1 3 112 4.71849887129509 57.61917 57.61917
"1232" "1861_1" "Sterna_dougallii" 13 -0.0076843667975 -0.0670599994506667 0.0076843667975 0.0670599994506667 "family" "2_family" 2 69.1 3 112 4.71849887129509 54.51222 54.51222
"1233" "1863_4" "Sterna_dougallii" 13 0.038269552996 -0.0706609689542333 0.038269552996 0.0706609689542333 "family" "2_family" 2 69.1 3 112 4.71849887129509 44.36722 44.36722
"1234" "1864_1" "Sterna_dougallii" 13 -0.0161158885658667 -0.00770926224317667 0.0161158885658667 0.00770926224317667 "family" "2_family" 2 69.1 3 112 4.71849887129509 52.74444 52.74444
"1235" "18651_1" "Seiurus_aurocapilla" 21 0.486115803524333 -0.0103796952966667 0.486115803524333 0.0103796952966667 "no_fam" "1_no_fam" 1 24.9 3 18.8 2.9338568698359 17.970601 17.970601
"1236" "18652_1" "Helmitheros_vermivorum" 12 -0.618590511028633 -0.0194392658022733 0.618590511028633 0.0194392658022733 "no_fam" "1_no_fam" 1 26.2 3 14.2 2.65324196460721 17.970601 17.970601
"1237" "18653_1" "Mniotilta_varia" 21 0.276233719030833 -0.0214937370767 0.276233719030833 0.0214937370767 "no_fam" "1_no_fam" 1 25.5 3 10.9 2.3887627892351 17.970601 17.970601
"1238" "18655_1" "Setophaga_ruticilla" 21 0.290524772568667 0.0623315169073333 0.290524772568667 0.0623315169073333 "no_fam" "1_no_fam" 1 24.6 3 8.2 2.10413415427021 17.970601 17.970601
"1239" "18656_1" "Setophaga_americana" 21 1.04332317443 -0.0189479004812 1.04332317443 0.0189479004812 "no_fam" "1_no_fam" 1 28.1 3 7.8 2.05412373369555 17.970601 17.970601
"1240" "18657_1" "Setophaga_discolor" 21 0.924559934796 -0.0130665977685667 0.924559934796 0.0130665977685667 "no_fam" "1_no_fam" 1 20 3 7.6 2.02814824729229 17.970601 17.970601
"1241" "18662_1" "Tetrao_urogallus" 17 -0.0100567935428 -0.0444392120528 0.0100567935428 0.0444392120528 "family" "2_family" 2 33.2 1 2716.6 7.90713637738839 62 62
"1242" "18663_1" "Perisoreus_infaustus" 17 0.197722484521533 -0.0869958806556667 0.197722484521533 0.0869958806556667 "family" "2_family" 2 17.4 1 84.4 4.43556740160191 62 62
"1243" "18664_1" "Picoides_tridactylus" 17 0.0812247709184667 -0.200355578217 0.0812247709184667 0.200355578217 "no_fam" "1_no_fam" 1 29.3 1 65.5 4.18205014264121 62 62
"1244" "1867_1" "Sterna_hirundo" 9 -0.0213483750544927 -0.0256886378129667 0.0213483750544927 0.0256886378129667 "family" "2_family" 2 67.3 3 129.2 4.8613615913485 54.14139 54.14139
"1245" "1869_2" "Sterna_hirundo" 12 0.124627606416667 0.0418216320974933 0.124627606416667 0.0418216320974933 "family" "2_family" 2 67.3 3 129.2 4.8613615913485 54 54
"1246" "18695_1" "Alcedo_atthis" 29 0.1411827896183 0.0610951638453333 0.1411827896183 0.0610951638453333 "no_fam" "1_no_fam" 1 26.9 1 31.1 3.43720781918519 50.52528 50.52528
"1247" "18696_1" "Alectoris_rufa" 22 -0.0170982998693667 -0.00647520958106667 0.0170982998693667 0.00647520958106667 "family" "2_family" 2 25.8 1 527.9 6.26890687182957 50.52528 50.52528
"1248" "18697_1" "Calcarius_lapponicus" 20 -0.0306625607971733 -0.1271611056154 0.0306625607971733 0.1271611056154 "no_fam" "1_no_fam" 1 30.7 3 27.8 3.32503602069659 62.45 62.45
"1249" "18698_1" "Grus_grus" 36 0.00138064462789667 -0.00501392707925 0.00138064462789667 0.00501392707925 "family" "2_family" 2 43 3 5500 8.61250337122056 50.52528 50.52528
"1250" "18699_1" "Haematopus_ostralegus" 40 -0.0361867921995 -0.00651260090523333 0.0361867921995 0.00651260090523333 "no_fam" "1_no_fam" 1 51.2 1 526 6.26530121273771 50.52528 50.52528
"1251" "1870_1" "Sterna_hirundo" 23 -0.0004201426164 -0.0841282315916667 0.0004201426164 0.0841282315916667 "family" "2_family" 2 67.3 3 129.2 4.8613615913485 61.67583 61.67583
"1252" "18700_1" "Cecropis_daurica" 22 0.0158923545925 -0.0119652539733 0.0158923545925 0.0119652539733 "no_fam" "1_no_fam" 1 53.2 3 22.2 3.10009228887823 50.52528 50.52528
"1253" "18701_1" "Luscinia_svecica" 24 0.044817055618 0.00992199954216667 0.044817055618 0.00992199954216667 "no_fam" "1_no_fam" 1 21.3 3 17.2 2.84490938381941 65.66 65.66
"1254" "18702_1" "Lyrurus_tetrix" 24 -0.0370810012315 0.054759818133 0.0370810012315 0.054759818133 "family" "2_family" 2 36.8 1 1068.7 6.97419823553085 50.52528 50.52528
"1255" "18705_1" "Numenius_arquata" 40 -0.0170093292952867 -0.00243129682234667 0.0170093292952867 0.00243129682234667 "no_fam" "1_no_fam" 1 53.2 3 803 6.68835471394676 50.52528 50.52528
"1256" "18710_1" "Numenius_phaeopus" 36 -0.0285433610398917 -0.0237844783893667 0.0285433610398917 0.0237844783893667 "no_fam" "1_no_fam" 1 53.5 3 364.6 5.89880086224456 65.66 65.66
"1257" "18713_1" "Phasianus_colchicus" 40 -0.0202106986284 -0.00794339063044667 0.0202106986284 0.00794339063044667 "family" "2_family" 2 26.1 1 1120.3 7.02135178556468 50.52528 50.52528
"1258" "18715_1" "Pluvialis_apricaria" 39 -0.03010922345554 -0.00330610999506667 0.03010922345554 0.00330610999506667 NA "1_no_fam" 1 57.4 3 214 5.36597601502185 65.66 65.66
"1259" "18717_1" "Podiceps_cristatus" 30 -0.0267192093129333 0.0271612273346667 0.0267192093129333 0.0271612273346667 "family" "2_family" 2 42.9 1 731 6.59441345974978 50.52528 50.52528
"1260" "18718_1" "Tringa_erythropus" 14 -0.0038427807235 0.103274380929467 0.0038427807235 0.103274380929467 NA NA NA 50.8 3 158 5.06259503302697 67.05 67.05
"1261" "18719_1" "Tringa_nebularia" 22 0.0258670054037233 0.00849285710926667 0.0258670054037233 0.00849285710926667 NA NA NA 52.1 3 187 5.23110861685459 65.66 65.66
"1262" "1872_1" "Sterna_paradisaea" 9 0.0428699679451333 -0.0320085359182667 0.0428699679451333 0.0320085359182667 NA NA NA 69.1 3 110 4.70048036579242 54.14139 54.14139
"1263" "18720_1" "Turdus_torquatus" 22 0.0239262935244 -0.00193212830006667 0.0239262935244 0.00193212830006667 "no_fam" "1_no_fam" 1 31.6 3 109 4.69134788222914 50.52528 50.52528
"1264" "18746_1" "Tetrao_urogallus" 18 0.1811223443852 0.000414698547566667 0.1811223443852 0.000414698547566667 "family" "2_family" 2 33.2 1 2716.6 7.90713637738839 56.754904 56.754904
"1265" "18779_1" "Carduelis_citrinella" 18 -0.0212799149429647 0.0410832061629567 0.0212799149429647 0.0410832061629567 NA NA NA 30.3 1 12 2.484906649788 50.52528 50.52528
"1266" "1878_2" "Sterna_paradisaea" 12 0.0591861349628333 0.0140281667271 0.0591861349628333 0.0140281667271 NA NA NA 69.1 3 110 4.70048036579242 54 54
"1267" "18785_1" "Clamator_glandarius" 22 -0.02050868507544 0.0210227303267333 0.02050868507544 0.0210227303267333 "no_fam" "1_no_fam" 1 41.9 3 143 4.96284463025991 50.52528 50.52528
"1268" "18787_1" "Oenanthe_cypriaca" 14 -0.0232801201545667 -0.00483923433854667 0.0232801201545667 0.00483923433854667 NA NA NA 25.8 3 16.6 2.8094026953625 34.904572 34.904572
"1269" "18789_1" "Curruca_melanothorax" 14 0.0422897680216333 -0.0342645265124867 0.0422897680216333 0.0342645265124867 "no_fam" "1_no_fam" 1 18.9 3 11.4 2.43361335540045 34.904572 34.904572
"1270" "1879_2" "Sterna_paradisaea" 17 0.0767148709066667 -0.0315472925791667 0.0767148709066667 0.0315472925791667 NA NA NA 69.1 3 110 4.70048036579242 68.8 68.8
"1271" "1883_1" "Thalasseus_sandvicensis" 9 -0.021908030518 0.0550647604500333 0.021908030518 0.0550647604500333 "family" "2_family" 2 69.3 3 199.8 5.29731686621445 54.14139 54.14139
"1272" "18849_1" "Sagittarius_serpentarius" 13 -0.460010183222047 0.188943214755 0.460010183222047 0.188943214755 "no_fam" "1_no_fam" 1 40.6 2 4017 8.29829063435928 -25.414775 25.414775
"1273" "18852_1" "Melierax_canorus" 10 -0.008682191334 0.326482554894 0.008682191334 0.326482554894 "family" "2_family" 2 39.7 1 663.3 6.49722737653151 -25.414775 25.414775
"1274" "18853_1" "Gyps_africanus" 12 0.137451865646 0.275992545858667 0.137451865646 0.275992545858667 "no_fam" "1_no_fam" 1 39.2 1 5433 8.60024674655152 -25.414775 25.414775
"1275" "18855_1" "Falco_rupicoloides" 10 0.140124674320333 0.116111470113333 0.140124674320333 0.116111470113333 "no_fam" "1_no_fam" 1 50.5 1 261 5.56452040732269 -25.414775 25.414775
"1276" "18856_1" "Terathopius_ecaudatus" 13 0.0660853761647667 0.342140994823333 0.0660853761647667 0.342140994823333 "coop_families" "3_coop_families" 3 46.8 1 2200 7.69621263934641 -25.414775 25.414775
"1277" "18857_1" "Aquila_rapax" 13 0.104458754959 0.180110170594667 0.104458754959 0.180110170594667 "family" "2_family" 2 38.7 3 2236.1 7.7124885559941 -25.414775 25.414775
"1278" "18859_1" "Circaetus_pectoralis" 10 -0.194967461902333 3.38360921666667e-05 0.194967461902333 3.38360921666667e-05 "family" "2_family" 2 43 1 1500 7.3132203870903 -25.414775 25.414775
"1279" "18871_1" "Falco_biarmicus" 12 -0.0725136764701333 -0.236630312409667 0.0725136764701333 0.236630312409667 "no_fam" "1_no_fam" 1 50.6 2 606.1 6.40704498895724 -25.414775 25.414775
"1280" "1891_1" "Tadorna_tadorna" 22 0.211800204302 0.483088089313667 0.211800204302 0.483088089313667 "no_fam" "1_no_fam" 1 51.8 2 1146.8 7.04473073400921 56 56
"1281" "1892_1" "Tadorna_tadorna" 9 -0.244662628274667 -0.0109913374451333 0.244662628274667 0.0109913374451333 "no_fam" "1_no_fam" 1 51.8 2 1146.8 7.04473073400921 40.67389 40.67389
"1282" "1893_1" "Tadorna_tadorna" 28 -0.129087598171667 0.074925703133 0.129087598171667 0.074925703133 "no_fam" "1_no_fam" 1 51.8 2 1146.8 7.04473073400921 48.76972 48.76972
"1283" "1897_1" "Tadorna_tadorna" 28 0.122030272754667 0.0231714141004667 0.122030272754667 0.0231714141004667 "no_fam" "1_no_fam" 1 51.8 2 1146.8 7.04473073400921 51.79 51.79
"1284" "190_1" "Neophema_chrysogaster" 16 -0.0516982974107 0.110347018929 0.0516982974107 0.110347018929 "no_fam" "1_no_fam" 1 43.9 1 45.9 3.8264651170665 -37 37
"1285" "1900_1" "Tadorna_tadorna" 9 0.184169206067133 -0.135611910110033 0.184169206067133 0.135611910110033 "no_fam" "1_no_fam" 1 51.8 2 1146.8 7.04473073400921 39.82278 39.82278
"1286" "1910_4" "Uria_aalge" 10 0.0272863825294 -0.0417878220549333 0.0272863825294 0.0417878220549333 "no_fam" "1_no_fam" 1 57.5 3 991.9 6.89962229575195 68.81361 68.81361
"1287" "1910_5" "Uria_aalge" 21 0.159907654120333 -0.0828329838661667 0.159907654120333 0.0828329838661667 "no_fam" "1_no_fam" 1 57.5 3 991.9 6.89962229575195 68.81361 68.81361
"1288" "19104_1" "Poikilocarbo_gaimardi" 18 0.0349391170272333 -0.01068626801162 0.0349391170272333 0.01068626801162 NA "2_family" 2 30 1 1358.3 7.21398919682844 -44.433037 44.433037
"1289" "1911_1" "Uria_aalge" 18 0.000787026148296667 -0.0280197493686333 0.000787026148296667 0.0280197493686333 "no_fam" "1_no_fam" 1 57.5 3 991.9 6.89962229575195 54.51222 54.51222
"1290" "19121_1" "Pygoscelis_adeliae" 18 0.04581064758799 -0.00523168046145033 0.04581064758799 0.00523168046145033 "no_fam" "1_no_fam" 1 7.4 2 4847.7 8.48625964464631 -60.722361 60.722361
"1291" "19121_2" "Pygoscelis_adeliae" 11 -0.338332136247 -0.173568641748333 0.338332136247 0.173568641748333 "no_fam" "1_no_fam" 1 7.4 2 4847.7 8.48625964464631 -60.722361 60.722361
"1292" "19122_1" "Pygoscelis_antarcticus" 18 0.0693513146897667 0.0260603785325667 0.0693513146897667 0.0260603785325667 "no_fam" "1_no_fam" 1 4.8 2 4146.1 8.32992341233823 -60.722361 60.722361
"1293" "19122_2" "Pygoscelis_antarcticus" 11 -0.00379078333116667 -0.0164393503315 0.00379078333116667 0.0164393503315 "no_fam" "1_no_fam" 1 4.8 2 4146.1 8.32992341233823 -60.722361 60.722361
"1294" "19123_1" "Pygoscelis_papua" 18 -0.00182533731581 -0.0310790066372333 0.00182533731581 0.0310790066372333 "no_fam" "1_no_fam" 1 5 2 5933 8.68828526625864 -60.722361 60.722361
"1295" "19123_2" "Pygoscelis_papua" 11 -0.00781272424763333 -0.0355770935159 0.00781272424763333 0.0355770935159 "no_fam" "1_no_fam" 1 5 2 5933 8.68828526625864 -60.722361 60.722361
"1296" "1914_1" "Uria_aalge" 19 -0.00467729942006667 -0.0158373727834367 0.00467729942006667 0.0158373727834367 "no_fam" "1_no_fam" 1 57.5 3 991.9 6.89962229575195 58.381199 58.381199
"1297" "1916_2" "Uria_aalge" 25 -0.0647064219929333 -0.0414917826883333 0.0647064219929333 0.0414917826883333 "no_fam" "1_no_fam" 1 57.5 3 991.9 6.89962229575195 60.46667 60.46667
"1298" "1917_1" "Uria_aalge" 19 0.0461823918841 -0.0130333940874933 0.0461823918841 0.0130333940874933 "no_fam" "1_no_fam" 1 57.5 3 991.9 6.89962229575195 56.19389 56.19389
"1299" "1918_1" "Uria_aalge" 19 -0.025076842128 -0.02228148682084 0.025076842128 0.02228148682084 "no_fam" "1_no_fam" 1 57.5 3 991.9 6.89962229575195 60.33333 60.33333
"1300" "1928_4" "Uria_lomvia" 10 0.0063763691061 -0.0327069312302967 0.0063763691061 0.0327069312302967 "no_fam" "1_no_fam" 1 51.9 3 964 6.87109129461055 68.81361 68.81361
"1301" "1928_5" "Uria_lomvia" 15 -0.0561342710307667 -0.0428088903738 0.0561342710307667 0.0428088903738 "no_fam" "1_no_fam" 1 51.9 3 964 6.87109129461055 68.81361 68.81361
"1302" "19393_1" "Anthus_spinoletta" 16 -0.0198293929671333 -0.01606025464348 0.0198293929671333 0.01606025464348 NA "1_no_fam" 1 23.4 3 23.9 3.17387845893747 41.82046 41.82046
"1303" "19396_1" "Athene_noctua" 16 -0.153416811240667 0.0106649431216867 0.153416811240667 0.0106649431216867 "no_fam" "1_no_fam" 1 31.8 1 168.9 5.12930682381375 41.82046 41.82046
"1304" "19408_1" "Columba_livia" 16 0.0105377409307667 -0.00327194219251333 0.0105377409307667 0.00327194219251333 "no_fam" "1_no_fam" 1 45.1 1 354.2 5.86986172534873 41.82046 41.82046
"1305" "19411_1" "Coracias_garrulus" 16 -0.148550488418 -0.0217167672519333 0.148550488418 0.0217167672519333 NA NA NA 37.5 3 146 4.98360662170834 41.82046 41.82046
"1306" "19415_1" "Coturnix_coturnix" 16 0.0450002092687333 -0.0433058004570667 0.0450002092687333 0.0433058004570667 "family" "2_family" 2 41 3 96.3 4.56746831880408 41.82046 41.82046
"1307" "19420_1" "Dryobates_minor" 16 0.38239969338 -0.0145816714792 0.38239969338 0.0145816714792 "no_fam" "1_no_fam" 1 27.4 1 19.8 2.98568193770049 41.82046 41.82046
"1308" "19428_1" "Estrilda_astrild" 16 0.0274737862313333 -0.0553171665523333 0.0274737862313333 0.0553171665523333 "family" "2_family" 2 16.8 1 8.3 2.11625551480255 41.82046 41.82046
"1309" "19439_1" "Leiothrix_lutea" 16 0.188195626576667 -0.0120817846884333 0.188195626576667 0.0120817846884333 NA "1_no_fam" 1 12.8 1 21.4 3.06339092202781 41.82046 41.82046
"1310" "19442_1" "Loxia_curvirostra" 16 0.314024059715667 -0.0716663787149 0.314024059715667 0.0716663787149 "no_fam" "1_no_fam" 1 37.6 2 38.3 3.6454498961866 41.82046 41.82046
"1311" "19447_1" "Monticola_saxatilis" 16 -0.161205198578533 -0.0286576806218633 0.161205198578533 0.0286576806218633 "no_fam" "1_no_fam" 1 36.2 3 50.3 3.91800507710569 41.82046 41.82046
"1312" "19448_1" "Monticola_solitarius" 16 -0.10537103703399 0.0389081400144667 0.10537103703399 0.0389081400144667 NA "1_no_fam" 1 29.5 2 53.7 3.98341300151482 41.82046 41.82046
"1313" "19452_1" "Myiopsitta_monachus" 16 0.03356449760633 -0.0447671558409333 0.03356449760633 0.0447671558409333 "family" "2_family" 2 43.8 1 120 4.78749174278205 41.82046 41.82046
"1314" "19464_1" "Phylloscopus_collybita" 16 0.0217883496164833 0.0127923689601 0.0217883496164833 0.0127923689601 "no_fam" "1_no_fam" 1 18.4 3 8.3 2.11625551480255 41.82046 41.82046
"1315" "19467_1" "Poecile_palustris" 16 -0.0493058816884667 -0.115289772438 0.0493058816884667 0.115289772438 "no_fam" "1_no_fam" 1 17.9 1 11.1 2.40694510831829 41.82046 41.82046
"1316" "19469_1" "Psittacula_krameri" 16 0.028265470301 0.0231867973281 0.028265470301 0.0231867973281 "no_fam" "1_no_fam" 1 47.7 1 116.1 4.75445188870385 41.82046 41.82046
"1317" "19471_1" "Pyrrhocorax_graculus" 16 -0.00986321158063333 0.0809254038198667 0.00986321158063333 0.0809254038198667 NA "2_family" 2 36.7 2 211 5.35185813347607 41.82046 41.82046
"1318" "19476_1" "Remiz_pendulinus" 16 -0.0336665476169333 0.0712450050273333 0.0336665476169333 0.0712450050273333 "no_fam" "1_no_fam" 1 19.4 3 9.3 2.23001440015921 41.82046 41.82046
"1319" "19490_1" "Tachymarptis_melba" 16 -0.0695693236941667 0.00348739831777667 0.0695693236941667 0.00348739831777667 "no_fam" "1_no_fam" 1 72.5 3 100.4 4.60916220725763 41.82046 41.82046
"1320" "19695_1" "Epthianura_albifrons" 12 -0.235493681901733 0.121647185793133 0.235493681901733 0.121647185793133 NA "1_no_fam" 1 22.9 1 13.3 2.58776403522771 -33.82611 33.82611
"1321" "19719_1" "Gyps_coprotheres" 11 0.509589514614667 -0.112048811263333 0.509589514614667 0.112048811263333 "no_fam" "1_no_fam" 1 37.5 1 8177 9.00908061416198 -30.662119 30.662119
"1322" "198_1" "Loxioides_bailleui" 21 0.0534557655913333 -0.0383690230614333 0.0534557655913333 0.0383690230614333 "coop_families" "3_coop_families" 3 20.2 1 37.8 3.63230910262554 19.59278 19.59278
"1323" "19825_1" "Alauda_razae" 16 0.129935888158667 -0.089881713567 0.129935888158667 0.089881713567 NA "1_no_fam" 1 21.1 1 21.9 3.08648663682246 16.618369 16.618369
"1324" "199_1" "Telespiza_cantans" 12 -0.2605732881282 0.00761942784956667 0.2605732881282 0.00761942784956667 "no_fam" "1_no_fam" 1 19.8 1 33.3 3.5055573969864 25.77056 25.77056
"1325" "199_2" "Telespiza_cantans" 15 -0.17729544633164 -0.00545912564983 0.17729544633164 0.00545912564983 "no_fam" "1_no_fam" 1 19.8 1 33.3 3.5055573969864 25.77056 25.77056
"1326" "200620_1" "Amazona_brasiliensis" 11 -0.232858207511033 0.04147049381247 0.232858207511033 0.04147049381247 NA NA NA 25 1 430 6.06378520868761 -25.3547 25.3547
"1327" "200621_1" "Amazona_brasiliensis" 11 -0.219216118667 0.0544375087964667 0.219216118667 0.0544375087964667 NA NA NA 25 1 430 6.06378520868761 -25.344 25.344
"1328" "200622_1" "Amazona_brasiliensis" 11 -0.756610141458 0.0438848855965333 0.756610141458 0.0438848855965333 NA NA NA 25 1 430 6.06378520868761 -25.51308 25.51308
"1329" "200623_1" "Amazona_brasiliensis" 11 0.0713655767246667 -0.0895365836826 0.0713655767246667 0.0895365836826 NA NA NA 25 1 430 6.06378520868761 -25.52028 25.52028
"1330" "200624_1" "Amazona_brasiliensis" 11 0.0760006462192333 -0.01814678037928 0.0760006462192333 0.01814678037928 NA NA NA 25 1 430 6.06378520868761 -25.8634 25.8634
"1331" "210000_1" "Conopophaga_peruviana" 14 -0.0471666395105 0.00907034201293333 0.0471666395105 0.00907034201293333 "no_fam" "1_no_fam" 1 17.1 1 23 3.13549421592915 -0.616666667 0.616666667
"1332" "210001_1" "Conopophaga_peruviana" 16 0.668439019879167 -0.0902199065659333 0.668439019879167 0.0902199065659333 "no_fam" "1_no_fam" 1 17.1 1 23 3.13549421592915 -0.616666667 0.616666667
"1333" "210002_1" "Gymnopithys_leucaspis" 19 0.2038998848661 -0.0236928593789333 0.2038998848661 0.0236928593789333 "no_fam" "1_no_fam" 1 10.8 1 27.2 3.30321697330195 -0.616666667 0.616666667
"1334" "210003_1" "Gymnopithys_leucaspis" 19 0.150078997457333 -0.0480775275372467 0.150078997457333 0.0480775275372467 "no_fam" "1_no_fam" 1 10.8 1 27.2 3.30321697330195 -0.616666667 0.616666667
"1335" "210004_1" "Hafferia_fortis" 11 -0.873265402375333 0.0837198677883333 0.873265402375333 0.0837198677883333 "family" "2_family" 2 10.7 1 45.9 3.8264651170665 -0.616666667 0.616666667
"1336" "210006_1" "Hylophylax_naevius" 19 -0.632205290552667 0.00852117357557667 0.632205290552667 0.00852117357557667 "family" "2_family" 2 14.1 1 14.2 2.65324196460721 -0.616666667 0.616666667
"1337" "210007_1" "Hylophylax_naevius" 19 -0.278662205740333 0.0504694783670333 0.278662205740333 0.0504694783670333 "family" "2_family" 2 14.1 1 14.2 2.65324196460721 -0.616666667 0.616666667
"1338" "210008_1" "Isleria_hauxwelli" 19 0.0903808003183 0.0646482158090333 0.0903808003183 0.0646482158090333 NA "2_family" 2 15.6 1 10.7 2.37024374146786 -0.616666667 0.616666667
"1339" "210009_1" "Isleria_hauxwelli" 19 0.408669552047667 -0.214075430367333 0.408669552047667 0.214075430367333 NA "2_family" 2 15.6 1 10.7 2.37024374146786 -0.616666667 0.616666667
"1340" "210010_1" "Myrmoborus_myotherinus" 9 -0.658140257623667 -0.0902276939820667 0.658140257623667 0.0902276939820667 "family" "2_family" 2 14.8 1 18.8 2.9338568698359 -0.616666667 0.616666667
"1341" "210011_1" "Myrmoborus_myotherinus" 9 -0.097232224828 -0.0491098008689333 0.097232224828 0.0491098008689333 "family" "2_family" 2 14.8 1 18.8 2.9338568698359 -0.616666667 0.616666667
"1342" "210012_1" "Pithys_albifrons" 19 -0.306040225321333 -0.0385981244981667 0.306040225321333 0.0385981244981667 "family" "2_family" 2 15.6 1 19.5 2.9704144655697 -0.616666667 0.616666667
"1343" "210013_1" "Pithys_albifrons" 19 0.278881242620333 0.0120559679835333 0.278881242620333 0.0120559679835333 "family" "2_family" 2 15.6 1 19.5 2.9704144655697 -0.616666667 0.616666667
"1344" "210014_1" "Willisornis_poecilinotus" 19 0.288934231618867 0.02108395699855 0.288934231618867 0.02108395699855 "no_fam" "1_no_fam" 1 16.3 1 18.4 2.91235066461494 -0.616666667 0.616666667
"1345" "210015_1" "Willisornis_poecilinotus" 19 -0.548602003500333 0.0301525580051667 0.548602003500333 0.0301525580051667 "no_fam" "1_no_fam" 1 16.3 1 18.4 2.91235066461494 -0.616666667 0.616666667
"1346" "21271_1" "Gyps_bengalensis" 12 -0.0017341590545 -0.00323064398266667 0.0017341590545 0.00323064398266667 NA NA NA 38.8 1 4385 8.38594490480628 13.936419 13.936419
"1347" "21272_1" "Gyps_bengalensis" 10 -0.0128582443619333 0.0183472968914333 0.0128582443619333 0.0183472968914333 NA NA NA 38.8 1 4385 8.38594490480628 13.402765 13.402765
"1348" "21273_1" "Gyps_bengalensis" 12 -0.00466660108878 0.00115161915477333 0.00466660108878 0.00115161915477333 NA NA NA 38.8 1 4385 8.38594490480628 14.120054 14.120054
"1349" "21274_1" "Gyps_bengalensis" 12 0.006297108118 0.00814231020308 0.006297108118 0.00814231020308 NA NA NA 38.8 1 4385 8.38594490480628 13.505754 13.505754
"1350" "21275_1" "Gyps_bengalensis" 11 -0.0365679920507667 0.0095303729651 0.0365679920507667 0.0095303729651 NA NA NA 38.8 1 4385 8.38594490480628 12.754032 12.754032
"1351" "21276_1" "Gyps_tenuirostris" 12 0.0114103830271333 -0.000512693670921633 0.0114103830271333 0.000512693670921633 NA NA NA 37.2 1 5515 8.6152269316876 14.003241 14.003241
"1352" "21277_1" "Gyps_tenuirostris" 12 -0.0480852480072 0.00432813510673 0.0480852480072 0.00432813510673 NA NA NA 37.2 1 5515 8.6152269316876 13.441567 13.441567
"1353" "21278_1" "Gyps_tenuirostris" 12 0.00326118257214 0.000600455942623333 0.00326118257214 0.000600455942623333 NA NA NA 37.2 1 5515 8.6152269316876 14.169092 14.169092
"1354" "21279_1" "Gyps_tenuirostris" 12 -0.00707195040806667 0.00630632366557333 0.00707195040806667 0.00630632366557333 NA NA NA 37.2 1 5515 8.6152269316876 13.517126 13.517126
"1355" "21280_1" "Gyps_tenuirostris" 12 0.00649373527993333 0.00844984393892 0.00649373527993333 0.00844984393892 NA NA NA 37.2 1 5515 8.6152269316876 12.809974 12.809974
"1356" "21281_1" "Sarcogyps_calvus" 12 0.0089638344758 -0.00201134141738 0.0089638344758 0.00201134141738 NA NA NA 44 1 4469.9 8.40512131599272 13.923863 13.923863
"1357" "21282_1" "Sarcogyps_calvus" 12 -0.0254428641262287 0.00067133335427 0.0254428641262287 0.00067133335427 NA NA NA 44 1 4469.9 8.40512131599272 13.411494 13.411494
"1358" "21283_1" "Sarcogyps_calvus" 12 -0.0685823694781967 0.00643764249731 0.0685823694781967 0.00643764249731 NA NA NA 44 1 4469.9 8.40512131599272 14.17496 14.17496
"1359" "21284_1" "Sarcogyps_calvus" 12 -0.0413084341077333 0.000131122206183333 0.0413084341077333 0.000131122206183333 NA NA NA 44 1 4469.9 8.40512131599272 13.508381 13.508381
"1360" "21285_1" "Sarcogyps_calvus" 12 -0.0374861013433 0.00312676478831667 0.0374861013433 0.00312676478831667 NA NA NA 44 1 4469.9 8.40512131599272 12.81767 12.81767
"1361" "21317_1" "Phalacrocorax_nigrogularis" 10 0.381280268640367 0.515795156452 0.381280268640367 0.515795156452 "no_fam" "1_no_fam" 1 42.2 1 1560 7.35244110024358 24.156466 24.156466
"1362" "2161_5" "Spheniscus_mendiculus" 10 0.0547905604103333 -0.0199684641480333 0.0547905604103333 0.0199684641480333 "no_fam" "1_no_fam" 1 4.8 2 1921.9 7.56106955904036 0 0
"1363" "2162_1" "Sternula_albifrons" 25 -0.00210831716033333 0.089036769472 0.00210831716033333 0.089036769472 NA NA NA 69.8 3 57 4.04305126783455 -38 38
"1364" "2172_1" "Uria_aalge" 16 0.0173357595567333 -0.0151892186069 0.0173357595567333 0.0151892186069 "no_fam" "1_no_fam" 1 57.5 3 991.9 6.89962229575195 58.65 58.65
"1365" "2283_1" "Aptenodytes_patagonicus" 10 1.430904752128e-06 3.90342756299667e-07 1.430904752128e-06 3.90342756299667e-07 "no_fam" "1_no_fam" 1 3.7 2 11731.1 9.36999871389186 -54.61667 54.61667
"1366" "22867_2" "Phoebetria_fusca" 11 0.374830473369 -0.163053701513 0.374830473369 0.163053701513 "no_fam" "1_no_fam" 1 68.3 2 2553.7 7.84529856688974 -46.916667 46.916667
"1367" "22903_1" "Rissa_brevirostris" 28 0.0281986555586 -0.00730336092233667 0.0281986555586 0.00730336092233667 NA NA NA 62.2 2 377 5.93224518744801 55 55
"1368" "22908_1" "Phoenicopterus_roseus" 12 1.08737864771 0.592618275233333 1.08737864771 0.592618275233333 NA NA NA 41.6 2 3031.6 8.01684581193787 38.59591 38.59591
"1369" "22919_1" "Phalacrocorax_carbo" 17 -0.0431779242922667 0.0276777692878933 0.0431779242922667 0.0276777692878933 "no_fam" "1_no_fam" 1 37.1 2 2529 7.83557924666997 41.935725 41.935725
"1370" "2292_3" "Diomedea_exulans" 26 0.0418837435900667 -0.00481404326081667 0.0418837435900667 0.00481404326081667 "no_fam" "1_no_fam" 1 56.4 2 6961.3 8.84812151749615 -54.00444 54.00444
"1371" "22955_1" "Anas_platyrhynchos" 9 0.349862121534667 0.0113725937863 0.349862121534667 0.0113725937863 "no_fam" "1_no_fam" 1 50.7 2 843.4 6.73744134131246 34.230328 34.230328
"1372" "22956_1" "Aythya_ferina" 9 -0.0411450277833333 0.0855905452393167 0.0411450277833333 0.0855905452393167 "no_fam" "1_no_fam" 1 50.1 1 823 6.71295620067707 34.230328 34.230328
"1373" "22958_1" "Mareca_strepera" 9 0.3782268333288 0.0481291135522 0.3782268333288 0.0481291135522 "no_fam" "1_no_fam" 1 54.8 2 915.6 6.81957958807841 34.230328 34.230328
"1374" "22959_1" "Netta_rufina" 9 -0.0025082513466 -0.1063956518558 0.0025082513466 0.1063956518558 "no_fam" "1_no_fam" 1 47.5 2 1118 7.01929665371504 34.230328 34.230328
"1375" "22960_1" "Marmaronetta_angustirostris" 9 0.790438690846667 0.0618953722555 0.790438690846667 0.0618953722555 NA NA NA 47.7 2 477 6.16751649088834 34.230328 34.230328
"1376" "22977_1" "Pelecanus_crispus" 21 0.0606125958134333 -0.0323264101283933 0.0606125958134333 0.0323264101283933 NA "1_no_fam" 1 43.3 2 9512.1 9.16031995135152 44.11384 44.11384
"1377" "22977_3" "Pelecanus_crispus" 15 0.0153949094527 -0.0302595225306233 0.0153949094527 0.0302595225306233 NA "1_no_fam" 1 43.3 2 9512.1 9.16031995135152 44.11384 44.11384
"1378" "22979_1" "Pelecanus_onocrotalus" 15 0.0291312989386667 0.0512478403768333 0.0291312989386667 0.0512478403768333 NA "1_no_fam" 1 42.1 2 9322.3 9.14016465835007 40.759002 40.759002
"1379" "22980_1" "Pelecanus_crispus" 15 0.0427928442334667 0.0395754404413333 0.0427928442334667 0.0395754404413333 NA "1_no_fam" 1 43.3 2 9512.1 9.16031995135152 40.759002 40.759002
"1380" "22997_1" "Tringa_glareola" 9 -0.244723841573333 -0.00529827095393333 0.244723841573333 0.00529827095393333 "no_fam" "1_no_fam" 1 48.4 3 62.1 4.12874598893943 42.577798 42.577798
"1381" "2300_1" "Megadyptes_antipodes" 29 -0.112495535377333 -0.0435245514825667 0.112495535377333 0.0435245514825667 "no_fam" "1_no_fam" 1 7.1 1 5326.2 8.58039331730233 -45.866667 45.866667
"1382" "23003_1" "Aquila_fasciata" 15 0.0052639042866 0.00453824842677033 0.0052639042866 0.00453824842677033 "family" "2_family" 2 37.3 2 1936.5 7.56863749895481 43.63841 43.63841
"1383" "23004_1" "Chlidonias_hybrida" 15 -0.0030257919823 -0.0170697589386933 0.0030257919823 0.0170697589386933 NA "1_no_fam" 1 63.6 3 83.7 4.42723897749543 46.387582 46.387582
"1384" "23005_1" "Chlidonias_niger" 15 -0.0144627259149667 -0.0318871389703333 0.0144627259149667 0.0318871389703333 NA NA NA 62.1 3 65.3 4.17899203628239 46.387582 46.387582
"1385" "23006_1" "Fratercula_arctica" 15 -0.118028813521933 0.0029254487089 0.118028813521933 0.0029254487089 "no_fam" "1_no_fam" 1 51.6 3 593 6.38519439899773 48.26541 48.26541
"1386" "23007_2" "Gelochelidon_nilotica" 9 0.264953135159667 0.0560376900150667 0.264953135159667 0.0560376900150667 "no_fam" "1_no_fam" 1 65.8 3 218.3 5.3858702635559 46.086916 46.086916
"1387" "23011_1" "Neophron_percnopterus" 12 -0.04165438003538 -0.000320209846303333 0.04165438003538 0.000320209846303333 "family" "2_family" 2 48 3 2082 7.64108424917491 43.63841 43.63841
"1388" "23012_1" "Oxyura_jamaicensis" 11 0.620146162496333 -0.231182671994333 0.620146162496333 0.231182671994333 "no_fam" "1_no_fam" 1 41.9 1 608.2 6.41050377524326 46.387582 46.387582
"1389" "23013_1" "Thalasseus_sandvicensis" 12 -0.04305249325509 0.0276947686481667 0.04305249325509 0.0276947686481667 "family" "2_family" 2 69.3 3 199.8 5.29731686621445 46.387582 46.387582
"1390" "23014_1" "Uria_aalge" 15 -0.0551102766096433 -0.0146295607634667 0.0551102766096433 0.0146295607634667 "no_fam" "1_no_fam" 1 57.5 3 991.9 6.89962229575195 48.26541 48.26541
"1391" "23016_1" "Anser_anser" 12 0.0494820361536 -0.0347075395440467 0.0494820361536 0.0347075395440467 "family" "2_family" 2 47.2 3 3302.4 8.10240475584719 46.387582 46.387582
"1392" "23017_1" "Ciconia_nigra" 12 -0.010005648804 0.0455947909181667 0.010005648804 0.0455947909181667 NA "1_no_fam" 1 43.1 3 2926 7.98139158158007 46.387582 46.387582
"1393" "23018_1" "Falco_naumanni" 15 0.07151034031635 -0.0285810320316333 0.07151034031635 0.0285810320316333 "no_fam" "1_no_fam" 1 53.9 3 152.1 5.02453819926525 46.086916 46.086916
"1394" "23019_1" "Gypaetus_barbatus" 15 -0.0025984119804 0.00481446417009667 0.0025984119804 0.00481446417009667 "family" "2_family" 2 49.5 2 5695 8.64734387588128 43.569587 43.569587
"1395" "23021_2" "Ichthyaetus_melanocephalus" 12 0.169321124226 -0.090679148604 0.169321124226 0.090679148604 NA NA NA 57.1 2 256 5.54517744447956 46.387582 46.387582
"1396" "23022_1" "Morus_bassanus" 15 0.051007191579 -0.00310987020454 0.051007191579 0.00310987020454 "no_fam" "1_no_fam" 1 62.1 2 2998.7 8.00593414040089 47.727404 47.727404
"1397" "23024_1" "Phoenicopterus_roseus" 15 -0.118657448323667 0.0345739482966333 0.118657448323667 0.0345739482966333 NA NA NA 41.6 2 3031.6 8.01684581193787 46.086916 46.086916
"1398" "23025_1" "Platalea_leucorodia" 15 0.0480887771214 0.0379033385269333 0.0480887771214 0.0379033385269333 "no_fam" "1_no_fam" 1 40.4 2 1868 7.53262361878879 46.086916 46.086916
"1399" "23026_1" "Puffinus_puffinus" 15 0.1286577927233 -0.01753350016064 0.1286577927233 0.01753350016064 "no_fam" "1_no_fam" 1 61.6 3 453.3 6.1165541579468 47.727404 47.727404
"1400" "23027_1" "Sterna_dougallii" 15 -0.600091374653333 0.0864356627407333 0.600091374653333 0.0864356627407333 "family" "2_family" 2 69.1 3 112 4.71849887129509 48.26541 48.26541
"1401" "23055_3" "Marmaronetta_angustirostris" 12 -0.2380196805359 0.7002482471 0.2380196805359 0.7002482471 NA NA NA 47.7 2 477 6.16751649088834 30.075743 30.075743
"1402" "23058_1" "Marmaronetta_angustirostris" 9 1.28684477059667 -0.228140699714667 1.28684477059667 0.228140699714667 NA NA NA 47.7 2 477 6.16751649088834 34.235493 34.235493
"1403" "23058_2" "Marmaronetta_angustirostris" 15 -1.12466957533567 -0.280392511943167 1.12466957533567 0.280392511943167 NA NA NA 47.7 2 477 6.16751649088834 34.235493 34.235493
"1404" "23077_1" "Egretta_garzetta" 13 -0.181208266729233 0.0942285425043 0.181208266729233 0.0942285425043 "no_fam" "1_no_fam" 1 33.1 2 312 5.74300318780948 43.424898 43.424898
"1405" "23080_3" "Phalacrocorax_carbo" 16 -0.151131734108033 0.0105115608279667 0.151131734108033 0.0105115608279667 "no_fam" "1_no_fam" 1 37.1 2 2529 7.83557924666997 41.20571 41.20571
"1406" "23081_1" "Phalacrocorax_carbo" 9 0.185999991056667 -0.223588564783 0.185999991056667 0.223588564783 "no_fam" "1_no_fam" 1 37.1 2 2529 7.83557924666997 40.760389 40.760389
"1407" "23083_1" "Grus_grus" 9 0.275119080289667 -0.069520693276 0.275119080289667 0.069520693276 "family" "2_family" 2 43 3 5500 8.61250337122056 35.421848 35.421848
"1408" "23084_1" "Grus_grus" 9 0.392828359064 0.0603673648818667 0.392828359064 0.0603673648818667 "family" "2_family" 2 43 3 5500 8.61250337122056 35.563599 35.563599
"1409" "23086_1" "Grus_grus" 9 0.109370162064667 -0.0731238793003333 0.109370162064667 0.0731238793003333 "family" "2_family" 2 43 3 5500 8.61250337122056 35.943195 35.943195
"1410" "23125_1" "Sternula_albifrons" 11 -0.956041322551667 -0.122621869472 0.956041322551667 0.122621869472 NA NA NA 69.8 3 57 4.04305126783455 42.501346 42.501346
"1411" "23172_1" "Riparia_riparia" 14 0.0560067116426667 -0.0225111440892 0.0560067116426667 0.0225111440892 "no_fam" "1_no_fam" 1 53 3 12.7 2.54160199346455 44.895824 44.895824
"1412" "23175_1" "Erithacus_rubecula" 10 -0.350483326271 0.11341505487 0.350483326271 0.11341505487 "no_fam" "1_no_fam" 1 19.9 3 17.7 2.87356463957978 43.141344 43.141344
"1413" "23176_1" "Emberiza_schoeniclus" 10 -0.198590218574333 0.04185644362071 0.198590218574333 0.04185644362071 NA "1_no_fam" 1 21.1 2 18.4 2.91235066461494 43.141344 43.141344
"1414" "23179_1" "Remiz_pendulinus" 10 -0.0565311918121 0.0235674162237667 0.0565311918121 0.0235674162237667 "no_fam" "1_no_fam" 1 19.4 3 9.3 2.23001440015921 43.141344 43.141344
"1415" "23182_2" "Pelecanus_crispus" 9 0.262119556715333 0.159281942325 0.262119556715333 0.159281942325 NA "1_no_fam" 1 43.3 2 9512.1 9.16031995135152 37.490306 37.490306
"1416" "23184_3" "Pelecanus_crispus" 16 -0.0193884480966667 -0.0050580751786 0.0193884480966667 0.0050580751786 NA "1_no_fam" 1 43.3 2 9512.1 9.16031995135152 38.602817 38.602817
"1417" "23193_3" "Ciconia_ciconia" 18 0.120463578173467 -0.0474273086155 0.120463578173467 0.0474273086155 NA NA NA 45.9 3 3445.8 8.14491137709831 39.238885 39.238885
"1418" "23216_1" "Ardea_ibis" 26 0.138490506637667 0.215445508222367 0.138490506637667 0.215445508222367 "no_fam" "1_no_fam" 1 29.9 2 366 5.90263333340137 36.991758 36.991758
"1419" "23217_1" "Egretta_garzetta" 9 -0.478828609655333 -0.2753527024255 0.478828609655333 0.2753527024255 "no_fam" "1_no_fam" 1 33.1 2 312 5.74300318780948 36.991758 36.991758
"1420" "23217_2" "Egretta_garzetta" 15 0.331127841259333 0.231217655457 0.331127841259333 0.231217655457 "no_fam" "1_no_fam" 1 33.1 2 312 5.74300318780948 36.991758 36.991758
"1421" "23219_1" "Anas_acuta" 27 0.109958655473333 0.0814768762314667 0.109958655473333 0.0814768762314667 "no_fam" "1_no_fam" 1 57.8 3 944.6 6.85076155746202 36.991758 36.991758
"1422" "23222_1" "Anser_anser" 27 0.00596514980643333 0.000437521778666667 0.00596514980643333 0.000437521778666667 "family" "2_family" 2 47.2 3 3302.4 8.10240475584719 36.991758 36.991758
"1423" "23225_1" "Himantopus_himantopus" 27 -0.437221140301667 -0.0528223271799333 0.437221140301667 0.0528223271799333 "family" "2_family" 2 52.2 2 176.8 5.17501915020354 36.991758 36.991758
"1424" "23226_1" "Larus_fuscus" 27 -0.000313626272666667 0.0641517992946 0.000313626272666667 0.0641517992946 NA NA NA 57.4 2 762.4 6.63647135233999 36.991758 36.991758
"1425" "23233_1" "Phoenicopterus_roseus" 27 -0.150137764681667 0.0155608754063 0.150137764681667 0.0155608754063 NA NA NA 41.6 2 3031.6 8.01684581193787 36.991758 36.991758
"1426" "23242_1" "Chroicocephalus_genei" 18 0.207293785066067 -0.279542371376667 0.207293785066067 0.279542371376667 NA NA NA 56.9 2 281 5.63835466933375 37.92 37.92
"1427" "23243_1" "Chroicocephalus_genei" 29 -0.293480308483333 0.0382505919775667 0.293480308483333 0.0382505919775667 NA NA NA 56.9 2 281 5.63835466933375 36.961413 36.961413
"1428" "23280_1" "Tringa_ochropus" 38 0.457190738583333 0.189960754638 0.457190738583333 0.189960754638 NA NA NA 45.8 3 71.4 4.26829786934554 47.902497 47.902497
"1429" "23281_1" "Calidris_alba" 39 -0.0347718741626 1.05597198333333e-05 0.0347718741626 1.05597198333333e-05 "no_fam" "1_no_fam" 1 52.3 3 51.7 3.94545778151438 47.902497 47.902497
"1430" "23282_2" "Calidris_maritima" 35 0.115892103592667 0.0855112793664 0.115892103592667 0.0855112793664 "no_fam" "1_no_fam" 1 50.5 3 65.1 4.17592454921452 47.902497 47.902497
"1431" "23283_1" "Tringa_erythropus" 39 0.184444918865667 0.0280383240242667 0.184444918865667 0.0280383240242667 NA NA NA 50.8 3 158 5.06259503302697 47.902497 47.902497
"1432" "23284_1" "Recurvirostra_avosetta" 39 0.0378067897137333 0.0124898124977333 0.0378067897137333 0.0124898124977333 "family" "2_family" 2 49.7 2 304 5.71702770140622 47.902497 47.902497
"1433" "23286_1" "Pluvialis_squatarola" 39 0.0481798836113333 -0.00688734347175333 0.0481798836113333 0.00688734347175333 "no_fam" "1_no_fam" 1 60.1 3 250 5.52146091786225 47.902497 47.902497
"1434" "23287_2" "Calidris_minuta" 35 0.117200690029667 0.166738978976567 0.117200690029667 0.166738978976567 "no_fam" "1_no_fam" 1 50.6 3 21.1 3.04927304048202 47.902497 47.902497
"1435" "23288_1" "Actitis_hypoleucos" 39 0.154866328868533 0.0529091532233333 0.154866328868533 0.0529091532233333 "no_fam" "1_no_fam" 1 48 3 48 3.87120101090789 47.902497 47.902497
"1436" "23289_1" "Arenaria_interpres" 39 -0.023094208697 0.02159841244457 0.023094208697 0.02159841244457 "no_fam" "1_no_fam" 1 55.6 3 136 4.91265488573605 47.902497 47.902497
"1437" "23290_1" "Calidris_canutus" 39 0.0053486887933 0.0439138222483 0.0053486887933 0.0439138222483 "no_fam" "1_no_fam" 1 57.9 3 141.9 4.955122584166 47.902497 47.902497
"1438" "23291_1" "Calidris_pugnax" 37 0.0776564859533333 -0.101685821298333 0.0776564859533333 0.101685821298333 "no_fam" "1_no_fam" 1 51 3 131.7 4.88052660874924 47.902497 47.902497
"1439" "23294_1" "Calidris_alpina" 39 0.0234454289296 -0.0111447832445933 0.0234454289296 0.0111447832445933 "no_fam" "1_no_fam" 1 53.4 3 51.9 3.94931879017184 47.902497 47.902497
"1440" "23295_1" "Anarhynchus_alexandrinus" 39 0.0145261936564667 -0.0106567989958667 0.0145261936564667 0.0106567989958667 "no_fam" "1_no_fam" 1 55 2 42.3 3.74478708605223 47.902497 47.902497
"1441" "23296_1" "Charadrius_hiaticula" 39 0.079183706015 0.00735730870797667 0.079183706015 0.00735730870797667 "no_fam" "1_no_fam" 1 53.5 2 64 4.15888308335967 47.902497 47.902497
"1442" "23297_1" "Haematopus_ostralegus" 39 -0.0339022607599333 -0.0394425045344667 0.0339022607599333 0.0394425045344667 "no_fam" "1_no_fam" 1 51.2 1 526 6.26530121273771 47.902497 47.902497
"1443" "23298_2" "Himantopus_himantopus" 36 0.373235477235333 0.145518812420533 0.373235477235333 0.145518812420533 "family" "2_family" 2 52.2 2 176.8 5.17501915020354 47.902497 47.902497
"1444" "23299_4" "Numenius_phaeopus" 28 0.176853219726333 -0.271279490636 0.176853219726333 0.271279490636 "no_fam" "1_no_fam" 1 53.5 3 364.6 5.89880086224456 47.902497 47.902497
"1445" "23300_1" "Tringa_nebularia" 39 -0.122688919502667 0.0106649668625333 0.122688919502667 0.0106649668625333 NA NA NA 52.1 3 187 5.23110861685459 47.902497 47.902497
"1446" "23369_4" "Nannopterum_auritum" 11 0.145391200416567 -0.02145472982582 0.145391200416567 0.02145472982582 NA "1_no_fam" 1 40.8 2 1806.5 7.4991465505877 41.090405 41.090405
"1447" "23370_4" "Nannopterum_auritum" 11 -0.266508289969 0.0987563197766667 0.266508289969 0.0987563197766667 NA "1_no_fam" 1 40.8 2 1806.5 7.4991465505877 40.851922 40.851922
"1448" "23371_2" "Nannopterum_auritum" 11 0.0903605294976667 -0.0459287520342 0.0903605294976667 0.0459287520342 NA "1_no_fam" 1 40.8 2 1806.5 7.4991465505877 40.700193 40.700193
"1449" "23372_4" "Nannopterum_auritum" 11 0.0619620893331333 -0.0388520314057667 0.0619620893331333 0.0388520314057667 NA "1_no_fam" 1 40.8 2 1806.5 7.4991465505877 40.431409 40.431409
"1450" "23374_1" "Larus_glaucescens" 60 -0.001193622829744 8.102469862e-05 0.001193622829744 8.102469862e-05 NA NA NA 53 3 1056.5 6.96271683705611 48.935907 48.935907
"1451" "23375_1" "Stercorarius_skua" 23 0.243446412067333 0.00534251710778667 0.243446412067333 0.00534251710778667 "no_fam" "1_no_fam" 1 53.3 3 1338.2 7.19908070634872 58.939048 58.939048
"1452" "2480_1" "Anas_crecca" 9 -0.184812757634177 0.306224879521667 0.184812757634177 0.306224879521667 NA "1_no_fam" 1 53.1 2 341.9 5.83451829664526 69.14694 69.14694
"1453" "2498_1" "Calidris_alpina" 12 -0.367579519450433 -0.0425779604212333 0.367579519450433 0.0425779604212333 "no_fam" "1_no_fam" 1 53.4 3 51.9 3.94931879017184 63.45 63.45
"1454" "25_1" "Psittacula_eques" 10 0.15251334476114 0.0371424132257733 0.15251334476114 0.0371424132257733 NA "3_coop_families" 3 41.2 1 163 5.09375020080676 -20.40444 20.40444
"1455" "2502_1" "Cinclus_cinclus" 31 0.137707423650367 0.0268677768259667 0.137707423650367 0.0268677768259667 "no_fam" "1_no_fam" 1 27.6 1 61.5 4.11903717481247 58.83333 58.83333
"1456" "2507_1" "Gavia_arctica" 9 0.0113499736689 0.446999011142667 0.0113499736689 0.446999011142667 "no_fam" "1_no_fam" 1 50.8 3 2251.1 7.71917426462012 69.14694 69.14694
"1457" "2508_1" "Melanitta_nigra" 9 0.59851595794 0.514154756622333 0.59851595794 0.514154756622333 "no_fam" "1_no_fam" 1 45.7 3 1050 6.95654544315157 69.14694 69.14694
"1458" "2509_1" "Mergellus_albellus" 9 -0.343619891627333 0.211725565404433 0.343619891627333 0.211725565404433 NA NA NA 53.8 3 608.6 6.41116123746287 69.14694 69.14694
"1459" "2513_1" "Motacilla_cinerea" 24 0.114822805031333 0.00160578151 0.114822805031333 0.00160578151 "no_fam" "1_no_fam" 1 34.6 2 17.2 2.84490938381941 58.96972 58.96972
"1460" "2516_1" "Calidris_pugnax" 12 0.440738677013 0.169879422917 0.440738677013 0.169879422917 "no_fam" "1_no_fam" 1 51 3 131.7 4.88052660874924 63.45 63.45
"1461" "2517_2" "Calidris_pugnax" 14 0.0202790240085067 0.5816429966604 0.0202790240085067 0.5816429966604 "no_fam" "1_no_fam" 1 51 3 131.7 4.88052660874924 60.77944 60.77944
"1462" "2518_1" "Riparia_riparia" 12 -0.0262805111656667 -0.197832822914367 0.0262805111656667 0.197832822914367 "no_fam" "1_no_fam" 1 53 3 12.7 2.54160199346455 59.06667 59.06667
"1463" "2520_1" "Sterna_paradisaea" 9 -0.348004233662667 0.309098484002333 0.348004233662667 0.309098484002333 NA NA NA 69.1 3 110 4.70048036579242 69.14694 69.14694
"1464" "2523_2" "Tringa_glareola" 14 -0.262547445255667 0.292527264258333 0.262547445255667 0.292527264258333 "no_fam" "1_no_fam" 1 48.4 3 62.1 4.12874598893943 60.77944 60.77944
"1465" "2525_2" "Tringa_nebularia" 14 -0.122223256072 0.636990200213333 0.122223256072 0.636990200213333 NA NA NA 52.1 3 187 5.23110861685459 60.77944 60.77944
"1466" "2526_2" "Tringa_ochropus" 14 0.197166283319 -0.0481001355978667 0.197166283319 0.0481001355978667 NA NA NA 45.8 3 71.4 4.26829786934554 60.77944 60.77944
"1467" "25331_1" "Phalacrocorax_carbo" 19 0.48836551515 0.00469629074874667 0.48836551515 0.00469629074874667 "no_fam" "1_no_fam" 1 37.1 2 2529 7.83557924666997 -33.834804 33.834804
"1468" "25339_2" "Larus_dominicanus" 25 0.00721171331973333 -0.0216901651875667 0.00721171331973333 0.0216901651875667 "family" "2_family" 2 55.6 1 952.4 6.85898511461271 -33.834804 33.834804
"1469" "25340_1" "Egretta_gularis" 9 0.017588032407 0.0154036460472333 0.017588032407 0.0154036460472333 NA NA NA 34.1 2 312 5.74300318780948 27.816667 27.816667
"1470" "25343_1" "Hydroprogne_caspia" 12 -0.101792965325433 0.107936706872 0.101792965325433 0.107936706872 "family" "2_family" 2 65.1 3 655 6.48463523563525 -33.834804 33.834804
"1471" "25345_1" "Sterna_repressa" 9 0.392831862123333 -0.0482365279361333 0.392831862123333 0.0482365279361333 NA NA NA 69 2 90 4.49980967033027 27.816667 27.816667
"1472" "25364_3" "Leucogeranus_leucogeranus" 15 -0.415388820748 0.0129428024605333 0.415388820748 0.0129428024605333 NA "2_family" 2 44.2 3 5913.4 8.68497624108907 29.125982 29.125982
"1473" "2545_1" "Alca_torda" 12 0.372797369063 -0.0123971025971 0.372797369063 0.0123971025971 "no_fam" "1_no_fam" 1 56.8 3 726 6.5875500148248 70.91667 70.91667
"1474" "2546_2" "Alca_torda" 16 -0.257912522046267 -0.152805305926667 0.257912522046267 0.152805305926667 "no_fam" "1_no_fam" 1 56.8 3 726 6.5875500148248 64.9 64.9
"1475" "2549_1" "Anthus_spinoletta" 13 -0.1992647661678 -0.0483814406518 0.1992647661678 0.0483814406518 NA "1_no_fam" 1 23.4 3 23.9 3.17387845893747 58.08333 58.08333
"1476" "2551_1" "Charadrius_hiaticula" 12 -0.0183265473996667 0.0449996891273 0.0183265473996667 0.0449996891273 "no_fam" "1_no_fam" 1 53.5 2 64 4.15888308335967 63.45 63.45
"1477" "2553_2" "Fratercula_arctica" 15 0.0685171845986667 0.00438789652411833 0.0685171845986667 0.00438789652411833 "no_fam" "1_no_fam" 1 51.6 3 593 6.38519439899773 62.35 62.35
"1478" "2554_1" "Fratercula_arctica" 23 -0.0309072329576667 0.0040121331548 0.0309072329576667 0.0040121331548 "no_fam" "1_no_fam" 1 51.6 3 593 6.38519439899773 64.9 64.9
"1479" "2555_4" "Fratercula_arctica" 18 -0.0105147957466 -0.0911139412146667 0.0105147957466 0.0911139412146667 "no_fam" "1_no_fam" 1 51.6 3 593 6.38519439899773 70.38333 70.38333
"1480" "2556_1" "Fratercula_arctica" 25 0.00975267291933333 0.0088335126415 0.00975267291933333 0.0088335126415 "no_fam" "1_no_fam" 1 51.6 3 593 6.38519439899773 67.426421 67.426421
"1481" "2563_1" "Larus_argentatus" 30 0.0346840804104667 0.0167861423806 0.0346840804104667 0.0167861423806 "family" "2_family" 2 54.9 2 1091 6.99484998583307 59.2 59.2
"1482" "2564_1" "Larus_argentatus" 30 0.187214234974333 0.0327738234048967 0.187214234974333 0.0327738234048967 "family" "2_family" 2 54.9 2 1091 6.99484998583307 59.11667 59.11667
"1483" "2566_1" "Larus_argentatus" 30 0.09734123064331 0.00459336427368667 0.09734123064331 0.00459336427368667 "family" "2_family" 2 54.9 2 1091 6.99484998583307 59.11667 59.11667
"1484" "2568_1" "Larus_argentatus" 30 0.00295107059368333 -9.89654629863333e-05 0.00295107059368333 9.89654629863333e-05 "family" "2_family" 2 54.9 2 1091 6.99484998583307 59.11667 59.11667
"1485" "2569_1" "Larus_argentatus" 29 0.0202794726259 0.00348572183940667 0.0202794726259 0.00348572183940667 "family" "2_family" 2 54.9 2 1091 6.99484998583307 59.11667 59.11667
"1486" "2570_1" "Larus_argentatus" 30 -0.0165460593792233 0.00246792307983067 0.0165460593792233 0.00246792307983067 "family" "2_family" 2 54.9 2 1091 6.99484998583307 59.11667 59.11667
"1487" "2571_1" "Larus_argentatus" 27 -0.00454403969366667 -0.00216579438458067 0.00454403969366667 0.00216579438458067 "family" "2_family" 2 54.9 2 1091 6.99484998583307 59.11667 59.11667
"1488" "2572_1" "Larus_argentatus" 29 -5.95212578563333e-05 0.001083025163742 5.95212578563333e-05 0.001083025163742 "family" "2_family" 2 54.9 2 1091 6.99484998583307 59.11667 59.11667
"1489" "2575_1" "Larus_argentatus" 21 0.0192520572157167 0.00232588020414333 0.0192520572157167 0.00232588020414333 "family" "2_family" 2 54.9 2 1091 6.99484998583307 59.13333 59.13333
"1490" "2576_1" "Larus_argentatus" 30 0.00533582409633333 -0.01146645589895 0.00533582409633333 0.01146645589895 "family" "2_family" 2 54.9 2 1091 6.99484998583307 59.17222 59.17222
"1491" "2578_1" "Larus_argentatus" 29 -0.0613828968789 0.0155307794210267 0.0613828968789 0.0155307794210267 "family" "2_family" 2 54.9 2 1091 6.99484998583307 59.11667 59.11667
"1492" "2579_1" "Larus_argentatus" 20 9.46844959993333e-05 -1.69948878232333e-05 9.46844959993333e-05 1.69948878232333e-05 "family" "2_family" 2 54.9 2 1091 6.99484998583307 59.23111 59.23111
"1493" "2580_1" "Larus_argentatus" 10 -0.00949831164416667 0.0591484314168 0.00949831164416667 0.0591484314168 "family" "2_family" 2 54.9 2 1091 6.99484998583307 58.46806 58.46806
"1494" "2581_1" "Larus_argentatus" 30 -0.0173816510488333 -0.00854636831217333 0.0173816510488333 0.00854636831217333 "family" "2_family" 2 54.9 2 1091 6.99484998583307 58.88278 58.88278
"1495" "2582_1" "Larus_argentatus" 16 -0.00143244198256667 -0.01139341389366 0.00143244198256667 0.01139341389366 "family" "2_family" 2 54.9 2 1091 6.99484998583307 58.03278 58.03278
"1496" "2584_1" "Larus_argentatus" 9 -0.262468135628 0.0108133176995 0.262468135628 0.0108133176995 "family" "2_family" 2 54.9 2 1091 6.99484998583307 69.7 69.7
"1497" "2585_1" "Larus_argentatus" 12 -0.135479775036233 -0.283130019849667 0.135479775036233 0.283130019849667 "family" "2_family" 2 54.9 2 1091 6.99484998583307 63.45 63.45
"1498" "2586_1" "Larus_canus" 29 2.81759810469667e-05 -2.59044972803333e-06 2.81759810469667e-05 2.59044972803333e-06 "no_fam" "1_no_fam" 1 58.6 3 412.5 6.02223620577474 59.2 59.2
"1499" "2589_1" "Larus_canus" 13 0.000663932707562 0.000557675871581667 0.000663932707562 0.000557675871581667 "no_fam" "1_no_fam" 1 58.6 3 412.5 6.02223620577474 59.38278 59.38278
"1500" "2591_1" "Larus_canus" 30 0.01353708305277 0.0267718768433333 0.01353708305277 0.0267718768433333 "no_fam" "1_no_fam" 1 58.6 3 412.5 6.02223620577474 59.08278 59.08278
"1501" "2592_1" "Larus_canus" 30 0.0669068886682 -0.0377130126016 0.0669068886682 0.0377130126016 "no_fam" "1_no_fam" 1 58.6 3 412.5 6.02223620577474 59.11667 59.11667
"1502" "2593_1" "Larus_canus" 10 -0.02594233327064 -0.0418355815579667 0.02594233327064 0.0418355815579667 "no_fam" "1_no_fam" 1 58.6 3 412.5 6.02223620577474 59.08278 59.08278
"1503" "2595_1" "Larus_canus" 29 0.0963236969956333 0.02205699325099 0.0963236969956333 0.02205699325099 "no_fam" "1_no_fam" 1 58.6 3 412.5 6.02223620577474 59.11667 59.11667
"1504" "2597_1" "Larus_canus" 30 0.133926614148333 0.00938152162183333 0.133926614148333 0.00938152162183333 "no_fam" "1_no_fam" 1 58.6 3 412.5 6.02223620577474 59.11667 59.11667
"1505" "2598_1" "Larus_canus" 30 0.0114996932059767 0.00319816865489667 0.0114996932059767 0.00319816865489667 "no_fam" "1_no_fam" 1 58.6 3 412.5 6.02223620577474 59.11667 59.11667
"1506" "2599_1" "Larus_canus" 25 0.00281272641974333 -0.00269603661418 0.00281272641974333 0.00269603661418 "no_fam" "1_no_fam" 1 58.6 3 412.5 6.02223620577474 59.49 59.49
"1507" "2600_1" "Larus_canus" 29 -0.245006792195667 0.0784222203683667 0.245006792195667 0.0784222203683667 "no_fam" "1_no_fam" 1 58.6 3 412.5 6.02223620577474 59.11667 59.11667
"1508" "2601_1" "Larus_canus" 27 -0.00597090261549 -0.00237897867705333 0.00597090261549 0.00237897867705333 "no_fam" "1_no_fam" 1 58.6 3 412.5 6.02223620577474 59.17611 59.17611
"1509" "2602_1" "Larus_canus" 14 3.6314286494e-05 -3.165243686832e-05 3.6314286494e-05 3.165243686832e-05 "no_fam" "1_no_fam" 1 58.6 3 412.5 6.02223620577474 59.08306 59.08306
"1510" "2603_1" "Larus_canus" 29 0.00038471130878 -0.00084103026788 0.00038471130878 0.00084103026788 "no_fam" "1_no_fam" 1 58.6 3 412.5 6.02223620577474 59.11667 59.11667
"1511" "2604_1" "Larus_canus" 29 0.001183830273325 0.000226099915906333 0.001183830273325 0.000226099915906333 "no_fam" "1_no_fam" 1 58.6 3 412.5 6.02223620577474 59.08278 59.08278
"1512" "2605_1" "Larus_canus" 29 -0.0435747506598 -0.0207354736852 0.0435747506598 0.0207354736852 "no_fam" "1_no_fam" 1 58.6 3 412.5 6.02223620577474 59.15694 59.15694
"1513" "2606_1" "Larus_canus" 9 0.00934984057493333 -0.0116003213886267 0.00934984057493333 0.0116003213886267 "no_fam" "1_no_fam" 1 58.6 3 412.5 6.02223620577474 59.11667 59.11667
"1514" "2607_1" "Larus_canus" 29 -0.0264275853220667 -0.02303714422944 0.0264275853220667 0.02303714422944 "no_fam" "1_no_fam" 1 58.6 3 412.5 6.02223620577474 59.2 59.2
"1515" "2609_1" "Larus_canus" 21 -0.170721989367333 -0.0365746756112667 0.170721989367333 0.0365746756112667 "no_fam" "1_no_fam" 1 58.6 3 412.5 6.02223620577474 59.13333 59.13333
"1516" "2610_1" "Larus_canus" 29 0.00168897910543333 0.00182519805013333 0.00168897910543333 0.00182519805013333 "no_fam" "1_no_fam" 1 58.6 3 412.5 6.02223620577474 59.17222 59.17222
"1517" "2612_1" "Larus_canus" 10 0.0181833814437333 0.0480794698432 0.0181833814437333 0.0480794698432 "no_fam" "1_no_fam" 1 58.6 3 412.5 6.02223620577474 59.11667 59.11667
"1518" "2614_1" "Larus_canus" 30 0.102687643169867 0.0389863730842933 0.102687643169867 0.0389863730842933 "no_fam" "1_no_fam" 1 58.6 3 412.5 6.02223620577474 59.2 59.2
"1519" "2616_1" "Larus_canus" 20 -2.33547937832033e-05 7.31870310013467e-05 2.33547937832033e-05 7.31870310013467e-05 "no_fam" "1_no_fam" 1 58.6 3 412.5 6.02223620577474 59.23111 59.23111
"1520" "2618_1" "Larus_canus" 10 -0.166370227132 -0.0543965342079 0.166370227132 0.0543965342079 "no_fam" "1_no_fam" 1 58.6 3 412.5 6.02223620577474 59.46806 59.46806
"1521" "2620_1" "Larus_canus" 12 0.281588138982667 0.340782194040667 0.281588138982667 0.340782194040667 "no_fam" "1_no_fam" 1 58.6 3 412.5 6.02223620577474 63.45 63.45
"1522" "2621_1" "Larus_fuscus" 26 -0.0843791092350667 -0.0372541672931667 0.0843791092350667 0.0372541672931667 NA NA NA 57.4 2 762.4 6.63647135233999 59.11667 59.11667
"1523" "2622_1" "Larus_fuscus" 30 0.0601120066910667 -0.00486247136694 0.0601120066910667 0.00486247136694 NA NA NA 57.4 2 762.4 6.63647135233999 59.11667 59.11667
"1524" "2624_1" "Larus_fuscus" 28 -0.000650470223671333 0.000288390754133 0.000650470223671333 0.000288390754133 NA NA NA 57.4 2 762.4 6.63647135233999 59.11667 59.11667
"1525" "2625_1" "Larus_fuscus" 23 0.03213118814962 -0.00189749350756667 0.03213118814962 0.00189749350756667 NA NA NA 57.4 2 762.4 6.63647135233999 59.11667 59.11667
"1526" "2626_1" "Larus_fuscus" 30 -0.0567249952230333 -0.0214180249722 0.0567249952230333 0.0214180249722 NA NA NA 57.4 2 762.4 6.63647135233999 59.11667 59.11667
"1527" "2627_1" "Larus_fuscus" 27 0.00177380999082333 0.000888823234868 0.00177380999082333 0.000888823234868 NA NA NA 57.4 2 762.4 6.63647135233999 59.17611 59.17611
"1528" "2629_1" "Larus_fuscus" 21 -0.0229905588077167 -0.0026937211426 0.0229905588077167 0.0026937211426 NA NA NA 57.4 2 762.4 6.63647135233999 59.13333 59.13333
"1529" "2630_1" "Larus_fuscus" 30 -0.0213817053871933 0.00366675354319333 0.0213817053871933 0.00366675354319333 NA NA NA 57.4 2 762.4 6.63647135233999 59.17222 59.17222
"1530" "2632_1" "Larus_fuscus" 30 0.000189403866898 2.39646786871e-05 0.000189403866898 2.39646786871e-05 NA NA NA 57.4 2 762.4 6.63647135233999 59.2 59.2
"1531" "2633_1" "Larus_fuscus" 20 -4.22186694974e-05 1.568710838731e-06 4.22186694974e-05 1.568710838731e-06 NA NA NA 57.4 2 762.4 6.63647135233999 59.06667 59.06667
"1532" "2634_1" "Larus_fuscus" 30 0.164967934273333 0.01438654883789 0.164967934273333 0.01438654883789 NA NA NA 57.4 2 762.4 6.63647135233999 58.88278 58.88278
"1533" "2635_2" "Larus_fuscus" 19 0.00298448674196667 0.0156631535045333 0.00298448674196667 0.0156631535045333 NA NA NA 57.4 2 762.4 6.63647135233999 58.03278 58.03278
"1534" "2638_1" "Larus_fuscus" 10 -0.0639929317788 -0.00650215255132 0.0639929317788 0.00650215255132 NA NA NA 57.4 2 762.4 6.63647135233999 58.46806 58.46806
"1535" "2639_2" "Larus_marinus" 14 -0.1913971875896 0.024238868219 0.1913971875896 0.024238868219 NA NA NA 52.3 2 1649.7 7.40834873218188 59.11667 59.11667
"1536" "2646_1" "Larus_marinus" 10 -0.0739750712484 0.00260151069997 0.0739750712484 0.00260151069997 NA NA NA 52.3 2 1649.7 7.40834873218188 59.46806 59.46806
"1537" "2647_1" "Larus_marinus" 30 -0.00651881515539333 0.00251386202492 0.00651881515539333 0.00251386202492 NA NA NA 52.3 2 1649.7 7.40834873218188 58.88278 58.88278
"1538" "2648_1" "Larus_marinus" 20 0.372400067738667 -0.0218380820952667 0.372400067738667 0.0218380820952667 NA NA NA 52.3 2 1649.7 7.40834873218188 58.03278 58.03278
"1539" "2650_1" "Larus_marinus" 9 0.0725584730155347 -0.14196667744 0.0725584730155347 0.14196667744 NA NA NA 52.3 2 1649.7 7.40834873218188 68.7 68.7
"1540" "2651_1" "Larus_marinus" 12 0.173109588793 -0.282950092007333 0.173109588793 0.282950092007333 NA NA NA 52.3 2 1649.7 7.40834873218188 63.45 63.45
"1541" "2659_1" "Chroicocephalus_ridibundus" 24 0.0690124404236667 -0.0268755840909333 0.0690124404236667 0.0268755840909333 NA NA NA 58.6 2 284 5.64897423816121 63.75 63.75
"1542" "2660_1" "Chroicocephalus_ridibundus" 14 -0.067334073251 0.326857692202667 0.067334073251 0.326857692202667 NA NA NA 58.6 2 284 5.64897423816121 60.77944 60.77944
"1543" "2666_2" "Rissa_tridactyla" 16 0.07395260905 -0.00277446820627667 0.07395260905 0.00277446820627667 "no_fam" "1_no_fam" 1 59.4 2 416 6.03068526026126 62.4 62.4
"1544" "2667_2" "Rissa_tridactyla" 21 -0.1252637262444 0.01734750476547 0.1252637262444 0.01734750476547 "no_fam" "1_no_fam" 1 59.4 2 416 6.03068526026126 64.73278 64.73278
"1545" "2668_2" "Rissa_tridactyla" 20 0.0706725094636667 -0.0180647615123805 0.0706725094636667 0.0180647615123805 "no_fam" "1_no_fam" 1 59.4 2 416 6.03068526026126 67.51667 67.51667
"1546" "2669_1" "Rissa_tridactyla" 17 0.112105232058067 -0.0470681889623667 0.112105232058067 0.0470681889623667 "no_fam" "1_no_fam" 1 59.4 2 416 6.03068526026126 70.91667 70.91667
"1547" "2670_3" "Rissa_tridactyla" 21 0.0108165461977133 -0.0313128492919933 0.0108165461977133 0.0313128492919933 "no_fam" "1_no_fam" 1 59.4 2 416 6.03068526026126 70.38333 70.38333
"1548" "2671_1" "Rissa_tridactyla" 13 0.000136861277 0.00380602061906333 0.000136861277 0.00380602061906333 "no_fam" "1_no_fam" 1 59.4 2 416 6.03068526026126 69.50417 69.50417
"1549" "268_1" "Alauda_arvensis" 17 -0.118438316328733 0.0371194249269 0.118438316328733 0.0371194249269 "no_fam" "1_no_fam" 1 33.6 2 37.3 3.61899332664977 63 63
"1550" "2686_1" "Sterna_hirundo" 30 0.178821779805333 -0.0127200958947 0.178821779805333 0.0127200958947 "family" "2_family" 2 67.3 3 129.2 4.8613615913485 59.11667 59.11667
"1551" "2689_1" "Sterna_hirundo" 27 -0.00223105342883333 -0.000923084914072667 0.00223105342883333 0.000923084914072667 "family" "2_family" 2 67.3 3 129.2 4.8613615913485 59.17611 59.17611
"1552" "269_1" "Alauda_arvensis" 12 0.0508554553821233 -0.00139293019193333 0.0508554553821233 0.00139293019193333 "no_fam" "1_no_fam" 1 33.6 2 37.3 3.61899332664977 51.698949 51.698949
"1553" "2691_1" "Sterna_hirundo" 29 -0.126153199777333 -0.0434886226739667 0.126153199777333 0.0434886226739667 "family" "2_family" 2 67.3 3 129.2 4.8613615913485 59.2 59.2
"1554" "2692_1" "Sterna_hirundo" 29 -0.0247978024546 -0.00448968783916667 0.0247978024546 0.00448968783916667 "family" "2_family" 2 67.3 3 129.2 4.8613615913485 59.17222 59.17222
"1555" "2693_1" "Sterna_hirundo" 10 0.0226671893570467 0.0526242037314 0.0226671893570467 0.0526242037314 "family" "2_family" 2 67.3 3 129.2 4.8613615913485 59.11667 59.11667
"1556" "2695_1" "Sterna_hirundo" 10 0.0203380978809667 0.0417536151399567 0.0203380978809667 0.0417536151399567 "family" "2_family" 2 67.3 3 129.2 4.8613615913485 59.46806 59.46806
"1557" "2696_1" "Sterna_hirundo" 30 0.0677826821043667 0.0281789035766333 0.0677826821043667 0.0281789035766333 "family" "2_family" 2 67.3 3 129.2 4.8613615913485 58.88278 58.88278
"1558" "2697_2" "Sterna_hirundo" 12 0.0297682355129 -0.0270566034679 0.0297682355129 0.0270566034679 "family" "2_family" 2 67.3 3 129.2 4.8613615913485 58.03306 58.03306
"1559" "2701_2" "Uria_aalge" 16 0.196297205761667 -0.00342443805376 0.196297205761667 0.00342443805376 "no_fam" "1_no_fam" 1 57.5 3 991.9 6.89962229575195 62.35 62.35
"1560" "2702_2" "Uria_aalge" 20 0.0960813996045667 0.0992469835926667 0.0960813996045667 0.0992469835926667 "no_fam" "1_no_fam" 1 57.5 3 991.9 6.89962229575195 69.67583 69.67583
"1561" "2703_1" "Uria_aalge" 24 0.3377886781713 -0.00723524668766667 0.3377886781713 0.00723524668766667 "no_fam" "1_no_fam" 1 57.5 3 991.9 6.89962229575195 70.91667 70.91667
"1562" "2704_3" "Uria_aalge" 21 -0.00573724977183333 0.00133702914799 0.00573724977183333 0.00133702914799 "no_fam" "1_no_fam" 1 57.5 3 991.9 6.89962229575195 70.38333 70.38333
"1563" "2705_2" "Uria_aalge" 16 0.0598608162920367 -0.0359650094059733 0.0598608162920367 0.0359650094059733 "no_fam" "1_no_fam" 1 57.5 3 991.9 6.89962229575195 64.86667 64.86667
"1564" "2706_1" "Astur_gentilis" 22 0.210016698101933 -0.115685458511067 0.210016698101933 0.115685458511067 "no_fam" "1_no_fam" 1 36.3 2 866 6.76388490856244 59.06667 59.06667
"1565" "2708_1" "Anser_brachyrhynchus" 33 -0.0151445178855333 -0.00669558054511 0.0151445178855333 0.00669558054511 "family" "2_family" 2 49.3 3 2642 7.87929148508227 68.73139 68.73139
"1566" "2712_1" "Buteo_lagopus" 22 0.085587699828 0.265080342208333 0.085587699828 0.265080342208333 "no_fam" "1_no_fam" 1 42.1 3 949.8 6.85625143611502 59.06667 59.06667
"1567" "2713_2" "Linaria_flavirostris" 13 0.2033207340903 0.233069789273333 0.2033207340903 0.233069789273333 NA "1_no_fam" 1 31.9 3 15.4 2.73436750941958 59.06667 59.06667
"1568" "2715_1" "Columba_oenas" 12 0.182862718708893 0.381281650346667 0.182862718708893 0.381281650346667 NA "1_no_fam" 1 42.5 1 290.8 5.67263574565936 59.06667 59.06667
"1569" "2721_1" "Falco_columbarius" 22 -0.0334597644131 0.121042495977267 0.0334597644131 0.121042495977267 "no_fam" "1_no_fam" 1 48.9 3 188.5 5.23909800688807 59.06667 59.06667
"1570" "2722_1" "Falco_peregrinus" 18 0.450434470650333 -0.0117904194468667 0.450434470650333 0.0117904194468667 "family" "2_family" 2 52.2 2 760 6.63331843328038 59.06667 59.06667
"1571" "2724_1" "Falco_rusticolus" 12 0.116279127935 0.0943260993154333 0.116279127935 0.0943260993154333 "no_fam" "1_no_fam" 1 47.5 3 1431.7 7.26661782836628 63.16778 63.16778
"1572" "2726_1" "Lagopus_lagopus" 12 0.503222185224333 0.0574664752647667 0.503222185224333 0.0574664752647667 "family" "2_family" 2 39 1 566.9 6.34018292133026 68.83333 68.83333
"1573" "2727_1" "Lagopus_lagopus" 13 -0.0359579936923333 0.122636376706667 0.0359579936923333 0.122636376706667 "family" "2_family" 2 39 1 566.9 6.34018292133026 65.11667 65.11667
"1574" "2728_1" "Lagopus_lagopus" 12 0.253923284430333 -0.0208116680406667 0.253923284430333 0.0208116680406667 "family" "2_family" 2 39 1 566.9 6.34018292133026 63.16778 63.16778
"1575" "2729_1" "Lagopus_lagopus" 10 -0.192829554221333 -0.161225079024667 0.192829554221333 0.161225079024667 "family" "2_family" 2 39 1 566.9 6.34018292133026 61.5 61.5
"1576" "2730_1" "Lagopus_lagopus" 11 -0.265648425348767 -0.121234366566333 0.265648425348767 0.121234366566333 "family" "2_family" 2 39 1 566.9 6.34018292133026 59.95788 59.95788
"1577" "2731_1" "Lagopus_lagopus" 12 -0.239613706238293 -0.0817279635239333 0.239613706238293 0.0817279635239333 "family" "2_family" 2 39 1 566.9 6.34018292133026 58.46667 58.46667
"1578" "2735_1" "Pernis_apivorus" 18 0.322087127055333 0.392612585316667 0.322087127055333 0.392612585316667 "no_fam" "1_no_fam" 1 37.9 3 754.4 6.62592273131925 59.06667 59.06667
"1579" "2757_1" "Buteo_buteo" 22 0.196506604889333 0.331704171948 0.196506604889333 0.331704171948 "family" "2_family" 2 38.3 2 759.1 6.63213352102272 59.06667 59.06667
"1580" "2758_1" "Linaria_cannabina" 12 0.331377325817667 -0.31085080204 0.331377325817667 0.31085080204 "no_fam" "1_no_fam" 1 34.4 1 19.5 2.9704144655697 59.06667 59.06667
"1581" "2759_1" "Linaria_cannabina" 13 0.05161147720729 -0.0257234721918 0.05161147720729 0.0257234721918 "no_fam" "1_no_fam" 1 34.4 1 19.5 2.9704144655697 58.08333 58.08333
"1582" "276_1" "Anser_albifrons" 12 0.0207422707862 -0.263051535293667 0.0207422707862 0.263051535293667 "family" "2_family" 2 52.6 3 2506.4 7.82660273963798 51.5 51.5
"1583" "2784_1" "Falco_tinnunculus" 18 0.481196607703333 0.402323861053333 0.481196607703333 0.402323861053333 "no_fam" "1_no_fam" 1 51 3 183.2 5.21057845224003 59.06667 59.06667
"1584" "281_1" "Anser_fabalis" 12 0.00133106338793333 -0.0226991855530667 0.00133106338793333 0.0226991855530667 "family" "2_family" 2 50.1 3 2754.7 7.92106382273579 51.5 51.5
"1585" "28167_1" "Neophron_percnopterus" 12 0.273454921777333 -0.2660676755 0.273454921777333 0.2660676755 "family" "2_family" 2 48 3 2082 7.64108424917491 24.085278 24.085278
"1586" "282_1" "Anthus_trivialis" 17 -0.0924580773687333 0.0307317464676667 0.0924580773687333 0.0307317464676667 "no_fam" "1_no_fam" 1 29.3 3 23.3 3.14845336057165 62 62
"1587" "28465_4" "Mergus_squamatus" 9 -0.0403010831134333 0.00048527651685 0.0403010831134333 0.00048527651685 NA NA NA 48.6 3 1234 7.11801620446533 43.5 43.5
"1588" "28467_1" "Ciconia_boyciana" 16 0.1060694876101 0.0144673140324 0.1060694876101 0.0144673140324 NA NA NA 44.6 3 4847.7 8.48625964464631 45 45
"1589" "2872_1" "Butorides_striata" 54 -0.0004161339616262 0.001089118937638 0.0004161339616262 0.001089118937638 NA "2_family" 2 28.7 1 201.5 5.30578938138674 48.99722 48.99722
"1590" "288_2" "Branta_bernicla" 15 -0.1150818602666 -0.056033353261 0.1150818602666 0.056033353261 "family" "2_family" 2 52.3 3 1277.9 7.15297338461466 54.25 54.25
"1591" "29187_1" "Iduna_pallida" 15 0.0274038655443333 -0.0441381628237333 0.0274038655443333 0.0441381628237333 NA NA NA 22.6 3 9 2.19722457733622 39 39
"1592" "293_1" "Branta_canadensis" 34 -0.0606699465280333 -0.00124241544836667 0.0606699465280333 0.00124241544836667 "family" "2_family" 2 49.4 3 2811.7 7.94154456160624 52.2 52.2
"1593" "2935_1" "Rallus_longirostris" 49 -0.00204649446548733 -0.00500282047965667 0.00204649446548733 0.00500282047965667 "no_fam" "1_no_fam" 1 18.1 2 259.4 5.55837127188234 48.99722 48.99722
"1594" "303_3" "Burhinus_oedicnemus" 9 0.042658385225 0.0155339882019133 0.042658385225 0.0155339882019133 NA "1_no_fam" 1 47.7 3 459 6.12905021006055 54 54
"1595" "3090_1" "Troglodytes_troglodytes" 49 0.0115408587078 -0.01088394556819 0.0115408587078 0.01088394556819 "no_fam" "1_no_fam" 1 15.7 3 9.7 2.27212588550934 48.99722 48.99722
"1596" "317_1" "Circus_aeruginosus" 24 0.0455981633303 -0.00308318219883333 0.0455981633303 0.00308318219883333 "no_fam" "1_no_fam" 1 45.6 2 704.1 6.55692039152509 54 54
"1597" "318_1" "Columba_livia" 23 0.0332285010962 -0.03768147211 0.0332285010962 0.03768147211 "no_fam" "1_no_fam" 1 45.1 1 354.2 5.86986172534873 62 62
"1598" "3195_1" "Ammospiza_leconteii" 54 0.0166976748173333 0.00022263947036 0.0166976748173333 0.00022263947036 "no_fam" "1_no_fam" 1 18.8 3 13 2.56494935746154 48.99722 48.99722
"1599" "3252_1" "Anser_albifrons" 24 -0.1049751396123 0.01068953462239 0.1049751396123 0.01068953462239 "family" "2_family" 2 52.6 3 2506.4 7.82660273963798 20 20
"1600" "3255_1" "Anser_canagicus" 14 -0.0362363820392 -0.0321668603646333 0.0362363820392 0.0321668603646333 "family" "2_family" 2 49.4 3 2136.5 7.66692425508408 60.86972 60.86972
"1601" "3260_1" "Branta_bernicla" 29 0.008656660991844 -0.0406974263368633 0.008656660991844 0.0406974263368633 "family" "2_family" 2 52.3 3 1277.9 7.15297338461466 60.86972 60.86972
"1602" "3263_1" "Branta_canadensis" 24 -0.0714738563613333 -0.0388412902721667 0.0714738563613333 0.0388412902721667 "family" "2_family" 2 49.4 3 2811.7 7.94154456160624 20 20
"1603" "3307_3" "Setophaga_kirtlandii" 34 0.0274797729874233 0.0442806463642333 0.0274797729874233 0.0442806463642333 "no_fam" "1_no_fam" 1 20.5 3 13.9 2.63188884013665 44.85 44.85
"1604" "332_1" "Crex_crex" 9 -0.1156668988966 0.127532144442 0.1156668988966 0.127532144442 NA NA NA 34.1 3 154.9 5.04277974742282 47.667 47.667
"1605" "345_2" "Emberiza_cirlus" 17 -0.00564162773811333 0.0155631535813333 0.00564162773811333 0.0155631535813333 NA "1_no_fam" 1 20.2 2 25.6 3.24259235148552 54 54
"1606" "3512_1" "Accipiter_nisus" 40 0.0674311795016 -0.0343948409916333 0.0674311795016 0.0343948409916333 "no_fam" "1_no_fam" 1 35.5 2 220.8 5.39725731440294 50.52528 50.52528
"1607" "3513_1" "Buteo_buteo" 40 0.0045544521675 -0.0293148507525667 0.0045544521675 0.0293148507525667 "family" "2_family" 2 38.3 2 759.1 6.63213352102272 50.52528 50.52528
"1608" "3514_1" "Falco_tinnunculus" 40 -0.00631773434713167 -0.0104918671421067 0.00631773434713167 0.0104918671421067 "no_fam" "1_no_fam" 1 51 3 183.2 5.21057845224003 50.52528 50.52528
"1609" "3515_1" "Tetrastes_bonasia" 40 -0.03345565812568 -0.0222459909091 0.03345565812568 0.0222459909091 "family" "2_family" 2 33 1 429 6.06145691892802 50.52528 50.52528
"1610" "3516_1" "Burhinus_oedicnemus" 22 0.05551934652961 -0.0280420930360667 0.05551934652961 0.0280420930360667 NA "1_no_fam" 1 47.7 3 459 6.12905021006055 50.52528 50.52528
"1611" "3517_1" "Vanellus_vanellus" 40 0.068786565054 -0.0250116501618333 0.068786565054 0.0250116501618333 "no_fam" "1_no_fam" 1 40.2 2 218.4 5.38632824387075 50.52528 50.52528
"1612" "3518_1" "Limosa_limosa" 36 0.00427121724186067 -0.00762310581773333 0.00427121724186067 0.00762310581773333 "no_fam" "1_no_fam" 1 51.5 3 288.4 5.66434840541079 50.52528 50.52528
"1613" "3519_1" "Columba_palumbus" 40 -0.0216925118477933 -0.00167093590349133 0.0216925118477933 0.00167093590349133 "family" "2_family" 2 41.2 1 490 6.19440539110467 50.52528 50.52528
"1614" "352_1" "Falco_subbuteo" 28 0.00748287661743333 -0.00888170441166667 0.00748287661743333 0.00888170441166667 NA NA NA 57.8 3 208.2 5.33849915618087 54 54
"1615" "3520_1" "Streptopelia_turtur" 40 0.0119517264775433 0.0325652565829333 0.0119517264775433 0.0325652565829333 "no_fam" "1_no_fam" 1 43.5 3 132 4.88280192258637 50.52528 50.52528
"1616" "3521_1" "Cuculus_canorus" 40 -0.00728912496058333 -0.0038996668163 0.00728912496058333 0.0038996668163 "no_fam" "1_no_fam" 1 43.9 3 111.4 4.71312732749318 50.52528 50.52528
"1617" "3522_1" "Upupa_epops" 31 -0.0625377117275 0.0143245089740733 0.0625377117275 0.0143245089740733 "family" "2_family" 2 21.4 3 66.9 4.20319896713418 50.52528 50.52528
"1618" "3523_1" "Jynx_torquilla" 40 -0.0810619807946667 0.0522295467371667 0.0810619807946667 0.0522295467371667 "no_fam" "1_no_fam" 1 27.1 3 35 3.55534806148941 50.52528 50.52528
"1619" "3524_1" "Picus_canus" 31 -0.0510296204495667 -0.0286996300820333 0.0510296204495667 0.0286996300820333 "family" "2_family" 2 23.4 1 137 4.91998092582813 50.52528 50.52528
"1620" "3525_1" "Picus_viridis" 39 0.01942121978652 0.0186210306045667 0.01942121978652 0.0186210306045667 "family" "2_family" 2 24.7 1 176 5.17048399503815 50.52528 50.52528
"1621" "3526_1" "Dryocopus_martius" 40 -0.0410494046083667 0.0210277190824333 0.0410494046083667 0.0210277190824333 NA NA NA 26.4 1 321 5.77144112313002 50.52528 50.52528
"1622" "3527_1" "Dendrocopos_major" 40 -0.0137728843202367 0.00677113956156333 0.0137728843202367 0.00677113956156333 NA NA NA 29.3 1 74.9 4.31615389052317 50.52528 50.52528
"1623" "3528_1" "Dryobates_minor" 40 0.162195024661467 -0.0852788618446 0.162195024661467 0.0852788618446 "no_fam" "1_no_fam" 1 27.4 1 19.8 2.98568193770049 50.52528 50.52528
"1624" "3529_1" "Galerida_cristata" 38 -0.0301605815913 -0.00863874552736667 0.0301605815913 0.00863874552736667 NA "1_no_fam" 1 26.7 1 42.7 3.75419892023458 50.52528 50.52528
"1625" "3530_1" "Lullula_arborea" 40 -0.0907623550094 0.189719702053333 0.0907623550094 0.189719702053333 "no_fam" "1_no_fam" 1 27.7 2 26.9 3.29212628660779 50.52528 50.52528
"1626" "3531_1" "Alauda_arvensis" 40 -0.00141770207338867 0.0170851484849933 0.00141770207338867 0.0170851484849933 "no_fam" "1_no_fam" 1 33.6 2 37.3 3.61899332664977 50.52528 50.52528
"1627" "3532_1" "Hirundo_rustica" 40 0.0122841951592 0.0199570161913333 0.0122841951592 0.0199570161913333 "no_fam" "1_no_fam" 1 52.6 3 17.9 2.88480071284671 50.52528 50.52528
"1628" "3533_1" "Anthus_trivialis" 40 -0.0208645648963667 0.0119288629107033 0.0208645648963667 0.0119288629107033 "no_fam" "1_no_fam" 1 29.3 3 23.3 3.14845336057165 50.52528 50.52528
"1629" "3534_1" "Motacilla_flava" 40 -0.00901485251193333 -0.00680449184526667 0.00901485251193333 0.00680449184526667 "no_fam" "1_no_fam" 1 31.1 3 17.7 2.87356463957978 50.52528 50.52528
"1630" "3535_1" "Motacilla_alba" 40 -0.00749722427799667 0.00860763343786667 0.00749722427799667 0.00860763343786667 "no_fam" "1_no_fam" 1 31.4 3 23.9 3.17387845893747 50.52528 50.52528
"1631" "3536_1" "Troglodytes_troglodytes" 40 0.0651100624882667 0.0558198700207 0.0651100624882667 0.0558198700207 "no_fam" "1_no_fam" 1 15.7 3 9.7 2.27212588550934 50.52528 50.52528
"1632" "3537_1" "Prunella_modularis" 40 0.00431708466536667 0.00726703613185 0.00431708466536667 0.00726703613185 "no_fam" "1_no_fam" 1 21.2 1 20.2 3.00568260440716 50.52528 50.52528
"1633" "3538_1" "Erithacus_rubecula" 40 0.01536654100715 0.0204498190557667 0.01536654100715 0.0204498190557667 "no_fam" "1_no_fam" 1 19.9 3 17.7 2.87356463957978 50.52528 50.52528
"1634" "3539_1" "Luscinia_megarhynchos" 40 0.0364548304469133 -0.01960150577505 0.0364548304469133 0.01960150577505 "no_fam" "1_no_fam" 1 27.6 3 19.6 2.97552956623647 50.52528 50.52528
"1635" "3540_1" "Phoenicurus_phoenicurus" 40 -0.0357492968356833 0.0297029274492 0.0357492968356833 0.0297029274492 "no_fam" "1_no_fam" 1 25.8 3 14.6 2.68102152871429 50.52528 50.52528
"1636" "3541_1" "Saxicola_rubetra" 40 -0.0606364314193333 0.0407442368916667 0.0606364314193333 0.0407442368916667 "no_fam" "1_no_fam" 1 26.7 3 16.6 2.8094026953625 50.52528 50.52528
"1637" "3542_1" "Turdus_merula" 40 0.00368522510834 0.00493446160384313 0.00368522510834 0.00493446160384313 "no_fam" "1_no_fam" 1 23.1 1 102.7 4.63181211693451 50.52528 50.52528
"1638" "3543_1" "Turdus_philomelos" 40 -0.00789103970436 0.00957100172496667 0.00789103970436 0.00957100172496667 "no_fam" "1_no_fam" 1 30.7 3 67.7 4.21508617991823 50.52528 50.52528
"1639" "3544_1" "Turdus_viscivorus" 40 0.00241170300101333 0.00559469952312333 0.00241170300101333 0.00559469952312333 NA "1_no_fam" 1 35.1 1 117.4 4.765586907394 50.52528 50.52528
"1640" "3545_1" "Cettia_cetti" 31 -0.0707887714028667 0.00274169308271 0.0707887714028667 0.00274169308271 "no_fam" "1_no_fam" 1 14.3 1 13.2 2.58021682959233 50.52528 50.52528
"1641" "3546_1" "Cisticola_juncidis" 22 -0.06945051510671 0.0499275779412667 0.06945051510671 0.0499275779412667 "no_fam" "1_no_fam" 1 13.5 3 6.8 1.91692261218206 50.52528 50.52528
"1642" "3547_1" "Hippolais_icterina" 40 -0.0216181697433433 0.00100331936603333 0.0216181697433433 0.00100331936603333 "no_fam" "1_no_fam" 1 30.8 3 13.2 2.58021682959233 50.52528 50.52528
"1643" "3548_1" "Curruca_melanocephala" 31 0.00598314681588 0.0139863281226667 0.00598314681588 0.0139863281226667 "no_fam" "1_no_fam" 1 18 2 11.7 2.45958884180371 50.52528 50.52528
"1644" "3549_1" "Curruca_communis" 40 0.0308556835334 -0.0114422175752233 0.0308556835334 0.0114422175752233 NA NA NA 24.2 3 15.1 2.71469474382088 50.52528 50.52528
"1645" "355_1" "Ficedula_hypoleuca" 15 -0.0166627684295233 -0.0636514391701667 0.0166627684295233 0.0636514391701667 "no_fam" "1_no_fam" 1 30.9 3 13.8 2.62466859216316 64 64
"1646" "3550_1" "Sylvia_borin" 40 0.045803533547 -0.00230937060197 0.045803533547 0.00230937060197 "no_fam" "1_no_fam" 1 30 3 18.2 2.90142159408275 50.52528 50.52528
"1647" "3551_1" "Sylvia_atricapilla" 40 0.0601597367 0.00308455091239 0.0601597367 0.00308455091239 "no_fam" "1_no_fam" 1 27 3 16.7 2.81540871942271 50.52528 50.52528
"1648" "3552_1" "Phylloscopus_sibilatrix" 40 -0.00494532728987333 0.0249368486113333 0.00494532728987333 0.0249368486113333 "no_fam" "1_no_fam" 1 30.9 3 9.2 2.21920348405499 50.52528 50.52528
"1649" "3553_1" "Phylloscopus_collybita" 40 0.0028968993622 0.0198060469674767 0.0028968993622 0.0198060469674767 "no_fam" "1_no_fam" 1 18.4 3 8.3 2.11625551480255 50.52528 50.52528
"1650" "3554_1" "Phylloscopus_trochilus" 40 0.00814143351788333 -0.00561629969511333 0.00814143351788333 0.00561629969511333 "no_fam" "1_no_fam" 1 25.9 3 8.7 2.16332302566054 50.52528 50.52528
"1651" "3555_1" "Regulus_regulus" 40 0.0802317626293333 0.00288800861763333 0.0802317626293333 0.00288800861763333 "no_fam" "1_no_fam" 1 22 3 5.5 1.70474809223843 50.52528 50.52528
"1652" "3556_1" "Muscicapa_striata" 40 0.0303219085399567 -0.0133606459851933 0.0303219085399567 0.0133606459851933 "no_fam" "1_no_fam" 1 30.2 3 15.9 2.76631910922619 50.52528 50.52528
"1653" "3557_1" "Ficedula_albicollis" 38 0.0263448281589267 -0.0148595787074267 0.0263448281589267 0.0148595787074267 "no_fam" "1_no_fam" 1 31.9 3 12.7 2.54160199346455 50.52528 50.52528
"1654" "3558_1" "Ficedula_hypoleuca" 40 -0.0246617941652633 0.02311417223262 0.0246617941652633 0.02311417223262 "no_fam" "1_no_fam" 1 30.9 3 13.8 2.62466859216316 50.52528 50.52528
"1655" "3559_1" "Aegithalos_caudatus" 40 0.0292326331346867 -0.00168213289644667 0.0292326331346867 0.00168213289644667 "coop_families" "3_coop_families" 3 22 1 8.6 2.15176220325946 50.52528 50.52528
"1656" "3560_1" "Poecile_palustris" 40 -0.01121500477636 -0.0131972237752333 0.01121500477636 0.0131972237752333 "no_fam" "1_no_fam" 1 17.9 1 11.1 2.40694510831829 50.52528 50.52528
"1657" "3561_1" "Poecile_montanus" 40 0.02803206163667 -0.0112368838048967 0.02803206163667 0.0112368838048967 "no_fam" "1_no_fam" 1 17.7 1 11.1 2.40694510831829 50.52528 50.52528
"1658" "3562_1" "Periparus_ater" 40 -0.0122509906807667 -0.0182381891545667 0.0122509906807667 0.0182381891545667 "no_fam" "1_no_fam" 1 21.9 1 9.2 2.21920348405499 50.52528 50.52528
"1659" "3563_1" "Cyanistes_caeruleus" 40 -0.0163970264904333 -0.00289305080484 0.0163970264904333 0.00289305080484 "no_fam" "1_no_fam" 1 21 1 11.1 2.40694510831829 50.52528 50.52528
"1660" "3564_1" "Parus_major" 40 -0.0266867233047967 -0.00434923047559933 0.0266867233047967 0.00434923047559933 "no_fam" "1_no_fam" 1 18.8 1 16.3 2.79116510781272 50.52528 50.52528
"1661" "3565_1" "Sitta_europaea" 40 -0.0163197394221233 0.01305994860588 0.0163197394221233 0.01305994860588 "no_fam" "1_no_fam" 1 23.6 1 20.4 3.01553490085017 50.52528 50.52528
"1662" "3566_1" "Certhia_familiaris" 40 -0.0358058171949 0.0144115914257 0.0358058171949 0.0144115914257 "no_fam" "1_no_fam" 1 19.2 1 9 2.19722457733622 50.52528 50.52528
"1663" "3567_1" "Certhia_brachydactyla" 38 0.00778129731405 -0.00741280566705667 0.00778129731405 0.00741280566705667 NA NA NA 17.7 1 8.2 2.10413415427021 50.52528 50.52528
"1664" "3568_1" "Oriolus_oriolus" 38 -0.0863837000406667 0.0155935359412867 0.0863837000406667 0.0155935359412867 NA NA NA 38.5 3 79 4.36944785246702 50.52528 50.52528
"1665" "3569_1" "Lanius_collurio" 40 -0.0490794377398667 -0.000783250803433333 0.0490794377398667 0.000783250803433333 "no_fam" "1_no_fam" 1 31 3 28.4 3.34638914516716 50.52528 50.52528
"1666" "3570_1" "Lanius_senator" 22 0.104672840376333 -0.0019956042274 0.104672840376333 0.0019956042274 "no_fam" "1_no_fam" 1 31.4 3 36 3.58351893845611 50.52528 50.52528
"1667" "3571_1" "Garrulus_glandarius" 40 -0.0222156434236333 -0.00746499075786333 0.0222156434236333 0.00746499075786333 "no_fam" "1_no_fam" 1 19.2 2 159.5 5.0720439222249 50.52528 50.52528
"1668" "3572_1" "Pica_pica" 40 0.00811301436247033 0.00106496625729667 0.00811301436247033 0.00106496625729667 "no_fam" "1_no_fam" 1 22.2 1 217.5 5.38219885052874 50.52528 50.52528
"1669" "3573_1" "Coloeus_monedula" 40 0.0981072126913333 -0.0352842169145 0.0981072126913333 0.0352842169145 NA NA NA 39.1 2 246 5.50533153593236 50.52528 50.52528
"1670" "3574_1" "Corvus_corone" 40 0.0212580632272333 -0.0130290551555733 0.0212580632272333 0.0130290551555733 "coop_families" "3_coop_families" 3 35.8 1 570 6.3456363608286 50.52528 50.52528
"1671" "3575_1" "Sturnus_vulgaris" 40 -0.0156370813890433 -0.00192228107829667 0.0156370813890433 0.00192228107829667 "no_fam" "1_no_fam" 1 38.4 2 77.1 4.34510328056928 50.52528 50.52528
"1672" "3576_1" "Passer_montanus" 40 -0.01527934243742 0.00392410756476667 0.01527934243742 0.00392410756476667 "no_fam" "1_no_fam" 1 24.6 1 21.4 3.06339092202781 50.52528 50.52528
"1673" "3577_1" "Fringilla_coelebs" 40 -0.0036735822162 -0.00914223484113333 0.0036735822162 0.00914223484113333 "no_fam" "1_no_fam" 1 27.6 2 23.8 3.16968558067743 50.52528 50.52528
"1674" "3578_1" "Fringilla_montifringilla" 40 0.00311740226963667 -0.00230234951416667 0.00311740226963667 0.00230234951416667 NA "1_no_fam" 1 32.5 3 23.2 3.14415227867226 65.66 65.66
"1675" "3579_1" "Chloris_chloris" 40 -0.0291048774627667 -0.0240757646705333 0.0291048774627667 0.0240757646705333 "no_fam" "1_no_fam" 1 32.5 1 26 3.25809653802148 50.52528 50.52528
"1676" "358_1" "Fringilla_montifringilla" 19 -0.0354254502643333 -0.128716600438667 0.0354254502643333 0.128716600438667 NA "1_no_fam" 1 32.5 3 23.2 3.14415227867226 65.96667 65.96667
"1677" "3580_1" "Carduelis_carduelis" 40 -0.0126698171412333 -0.01404050210672 0.0126698171412333 0.01404050210672 "no_fam" "1_no_fam" 1 33.4 1 16 2.77258872223978 50.52528 50.52528
"1678" "3581_1" "Spinus_spinus" 40 0.0310023873097033 0.01657905348518 0.0310023873097033 0.01657905348518 NA "1_no_fam" 1 36.5 1 13.2 2.58021682959233 50.52528 50.52528
"1679" "3582_1" "Linaria_cannabina" 40 -0.00905551302271333 -0.0258883175166667 0.00905551302271333 0.0258883175166667 "no_fam" "1_no_fam" 1 34.4 1 19.5 2.9704144655697 50.52528 50.52528
"1680" "3583_1" "Acanthis_flammea" 40 -0.0882072590435667 -0.0049853221472 0.0882072590435667 0.0049853221472 "no_fam" "1_no_fam" 1 31.1 2 13 2.56494935746154 50.52528 50.52528
"1681" "3584_1" "Pyrrhula_pyrrhula" 40 -0.00733938160340667 -0.0437056308938067 0.00733938160340667 0.0437056308938067 "no_fam" "1_no_fam" 1 24.9 1 24.3 3.1904763503465 50.52528 50.52528
"1682" "3585_1" "Coccothraustes_coccothraustes" 40 -0.0504715534714 -0.0226146417071333 0.0504715534714 0.0226146417071333 "family" "2_family" 2 32.9 2 56.6 4.03600898520914 50.52528 50.52528
"1683" "3586_1" "Emberiza_citrinella" 40 0.00502058172183333 0.0120308582384333 0.00502058172183333 0.0120308582384333 "no_fam" "1_no_fam" 1 25.7 2 29.7 3.39114704580865 50.52528 50.52528
"1684" "3587_1" "Emberiza_schoeniclus" 40 0.0136294570704767 -0.00820892506944667 0.0136294570704767 0.00820892506944667 NA "1_no_fam" 1 21.1 2 18.4 2.91235066461494 50.52528 50.52528
"1685" "3588_1" "Emberiza_calandra" 40 0.00745254927097333 0.0118647563466333 0.00745254927097333 0.0118647563466333 "no_fam" "1_no_fam" 1 26.5 2 48.5 3.88156379794344 50.52528 50.52528
"1686" "360_2" "Geronticus_eremita" 15 0.0345157147960667 0.0862817064773333 0.0345157147960667 0.0862817064773333 "family" "2_family" 2 42.8 3 1202 7.09174211509515 30.08333 30.08333
"1687" "361_1" "Geronticus_eremita" 11 0.0537981550288 0.152765125577 0.0537981550288 0.152765125577 "family" "2_family" 2 42.8 3 1202 7.09174211509515 37.02944 37.02944
"1688" "3619_2" "Chasiempis_sandwichensis" 13 0.112469701214 -0.0187656547644333 0.112469701214 0.0187656547644333 "family" "2_family" 2 17.5 1 13.7 2.61739583283408 19.5475 19.5475
"1689" "362_1" "Aquila_fasciata" 12 0.00125120160362 -0.001030409372303 0.00125120160362 0.001030409372303 "family" "2_family" 2 37.3 2 1936.5 7.56863749895481 43.83333 43.83333
"1690" "3620_2" "Myadestes_obscurus" 13 0.175461221333 0.0200891156440133 0.175461221333 0.0200891156440133 "family" "2_family" 2 26.9 1 50.4 3.91999117507732 19.5475 19.5475
"1691" "3621_2" "Chlorodrepanis_virens" 13 0.412182555348 -0.00904591177324 0.412182555348 0.00904591177324 "no_fam" "1_no_fam" 1 20.9 1 13.7 2.61739583283408 19.5475 19.5475
"1692" "3622_2" "Hemignathus_wilsoni" 13 -0.241258933551967 -0.0109450113002667 0.241258933551967 0.0109450113002667 "family" "2_family" 2 23 1 28 3.3322045101752 19.5475 19.5475
"1693" "3623_2" "Loxops_mana" 13 -0.261581294169333 -0.1070287498113 0.261581294169333 0.1070287498113 "family" "2_family" 2 19 1 14.6 2.68102152871429 19.5475 19.5475
"1694" "3625_2" "Drepanis_coccinea" 13 0.525814107827333 -0.0337110858977467 0.525814107827333 0.0337110858977467 NA "2_family" 2 25.5 1 18.2 2.90142159408275 19.5475 19.5475
"1695" "3626_2" "Himatione_sanguinea" 13 0.305085011978033 0.00227745537293333 0.305085011978033 0.00227745537293333 "family" "2_family" 2 30.5 1 15.2 2.72129542785223 19.5475 19.5475
"1696" "3627_2" "Leiothrix_lutea" 13 0.151009440191807 0.0929145054263667 0.151009440191807 0.0929145054263667 NA "1_no_fam" 1 12.8 1 21.4 3.06339092202781 19.5475 19.5475
"1697" "3628_2" "Zosterops_japonicus" 13 0.123274877796543 0.0492653037462 0.123274877796543 0.0492653037462 "no_fam" "1_no_fam" 1 19.9 1 11.3 2.42480272571829 19.5475 19.5475
"1698" "3629_2" "Cardinalis_cardinalis" 12 -0.470679129601667 0.0582918081106667 0.470679129601667 0.0582918081106667 "no_fam" "1_no_fam" 1 15.5 1 42.6 3.75185425327532 19.5475 19.5475
"1699" "364_1" "Aquila_fasciata" 10 0.0728273690697333 -0.00389256587981 0.0728273690697333 0.00389256587981 "family" "2_family" 2 37.3 2 1936.5 7.56863749895481 42.75 42.75
"1700" "365_1" "Aquila_fasciata" 14 -0.0289400012406 0.00477599236885667 0.0289400012406 0.00477599236885667 "family" "2_family" 2 37.3 2 1936.5 7.56863749895481 41.25 41.25
"1701" "366_1" "Aquila_fasciata" 14 0.0183230758043 -0.000865270876546667 0.0183230758043 0.000865270876546667 "family" "2_family" 2 37.3 2 1936.5 7.56863749895481 38 38
"1702" "367_1" "Aquila_fasciata" 12 0.0230082548166067 -0.0085896223961 0.0230082548166067 0.0085896223961 "family" "2_family" 2 37.3 2 1936.5 7.56863749895481 40.16667 40.16667
"1703" "371_1" "Lagopus_lagopus" 26 -0.0272350137743667 0.04605038333841 0.0272350137743667 0.04605038333841 "family" "2_family" 2 39 1 566.9 6.34018292133026 64 64
"1704" "374_1" "Luscinia_luscinia" 17 -0.0948964873060667 0.1192846508318 0.0948964873060667 0.1192846508318 NA NA NA 29.9 3 23.8 3.16968558067743 63 63
"1705" "376_1" "Lyrurus_tetrix" 23 0.0200744302373533 -0.0130871098866667 0.0200744302373533 0.0130871098866667 "family" "2_family" 2 36.8 1 1068.7 6.97419823553085 62 62
"1706" "378_1" "Lyrurus_tetrix" 11 -0.0395591840017333 -0.154079676566667 0.0395591840017333 0.154079676566667 "family" "2_family" 2 36.8 1 1068.7 6.97419823553085 64 64
"1707" "380_1" "Lyrurus_tetrix" 11 0.0706639037615 -0.0909960739894133 0.0706639037615 0.0909960739894133 "family" "2_family" 2 36.8 1 1068.7 6.97419823553085 65.82333 65.82333
"1708" "382_1" "Lyrurus_tetrix" 11 0.0275447270175333 0.0472975293276667 0.0275447270175333 0.0472975293276667 "family" "2_family" 2 36.8 1 1068.7 6.97419823553085 61.77028 61.77028
"1709" "384_1" "Milvus_milvus" 29 -0.0433474000429 0.0136894302694133 0.0433474000429 0.0136894302694133 "family" "2_family" 2 49.9 2 1071.8 6.97709475706075 52.5 52.5
"1710" "388_1" "Muscicapa_striata" 17 -0.0844319355976667 -0.111279746063667 0.0844319355976667 0.111279746063667 "no_fam" "1_no_fam" 1 30.2 3 15.9 2.76631910922619 63 63
"1711" "4_1" "Copsychus_sechellarum" 9 -0.113412737420333 -0.00322829336410667 0.113412737420333 0.00322829336410667 "coop_families" "3_coop_families" 3 16.3 1 70.7 4.25844557290253 -4.58333 4.58333
"1712" "407_3" "Otis_tarda" 12 0.000195534548166667 -0.00441099531980667 0.000195534548166667 0.00441099531980667 "family" "2_family" 2 42.7 2 6759.9 8.81876337602819 47 47
"1713" "412_1" "Poecile_montanus" 15 0.250162168461 -0.0680874882724667 0.250162168461 0.0680874882724667 "no_fam" "1_no_fam" 1 17.7 1 11.1 2.40694510831829 46.25 46.25
"1714" "413_1" "Poecile_montanus" 19 -0.135968172142 -0.0914497951853333 0.135968172142 0.0914497951853333 "no_fam" "1_no_fam" 1 17.7 1 11.1 2.40694510831829 65.96667 65.96667
"1715" "4213_1" "Aythya_marila" 34 0.02061061138865 0.0126895607532333 0.02061061138865 0.0126895607532333 "no_fam" "1_no_fam" 1 48.9 3 1005.4 6.91314075125848 60 60
"1716" "429_1" "Phylloscopus_trochiloides" 11 0.0998806894755667 -0.202575901704 0.0998806894755667 0.202575901704 NA NA NA 19.9 3 8.1 2.09186406167839 64 64
"1717" "433_1" "Phylloscopus_trochilus" 17 -0.0336914131804333 0.0623101992900667 0.0336914131804333 0.0623101992900667 "no_fam" "1_no_fam" 1 25.9 3 8.7 2.16332302566054 63 63
"1718" "441_1" "Scolopax_rusticola" 11 -0.0405718151304667 -0.141467698036667 0.0405718151304667 0.141467698036667 "no_fam" "1_no_fam" 1 39.4 3 308.3 5.7310733348921 64 64
"1719" "447_1" "Strix_aluco" 38 0.0032689756588 0.0034816107903 0.0032689756588 0.0034816107903 "no_fam" "1_no_fam" 1 29.3 1 472.5 6.1580377469338 54 54
"1720" "448_1" "Strix_uralensis" 13 -0.0980123360457333 0.0439180562131 0.0980123360457333 0.0439180562131 "no_fam" "1_no_fam" 1 28.4 1 780.6 6.66006285474651 62.75 62.75
"1721" "450_1" "Sylvia_atricapilla" 17 0.0621506849715667 -0.052888884926414 0.0621506849715667 0.052888884926414 "no_fam" "1_no_fam" 1 27 3 16.7 2.81540871942271 63 63
"1722" "452_1" "Curruca_communis" 17 -0.0315919573151167 -0.0925409905763333 0.0315919573151167 0.0925409905763333 NA NA NA 24.2 3 15.1 2.71469474382088 63 63
"1723" "457_1" "Lyrurus_tetrix" 31 0.0613832851395667 -0.0494091675370333 0.0613832851395667 0.0494091675370333 "family" "2_family" 2 36.8 1 1068.7 6.97419823553085 64 64
"1724" "459_1" "Tetrao_urogallus" 11 -0.00273594908133333 0.0598338759030333 0.00273594908133333 0.0598338759030333 "family" "2_family" 2 33.2 1 2716.6 7.90713637738839 62.5 62.5
"1725" "4598_3" "Branta_sandvicensis" 17 -0.151975748026 0.067775205833 0.151975748026 0.067775205833 "family" "2_family" 2 40.4 1 2044.1 7.62271287380593 19.56667 19.56667
"1726" "460_1" "Tetrao_urogallus" 11 0.0205136997980567 -0.0645018614833 0.0205136997980567 0.0645018614833 "family" "2_family" 2 33.2 1 2716.6 7.90713637738839 64 64
"1727" "461_1" "Tetrao_urogallus" 11 0.0778676119860667 -0.050026231994 0.0778676119860667 0.050026231994 "family" "2_family" 2 33.2 1 2716.6 7.90713637738839 64 64
"1728" "4613_1" "Diomedea_exulans" 12 0.0144830968149333 0.0158718871508333 0.0144830968149333 0.0158718871508333 "no_fam" "1_no_fam" 1 56.4 2 6961.3 8.84812151749615 -46.9125 46.9125
"1729" "4614_3" "Thalassarche_chrysostoma" 17 -0.160197686965033 0.119020541580367 0.160197686965033 0.119020541580367 "no_fam" "1_no_fam" 1 64.9 2 3499 8.16023249236769 -46.9125 46.9125
"1730" "462_1" "Tetrao_urogallus" 19 -0.0508424829698333 0.0243487808768333 0.0508424829698333 0.0243487808768333 "family" "2_family" 2 33.2 1 2716.6 7.90713637738839 46.55 46.55
"1731" "464_1" "Tetrao_urogallus" 11 -0.0351960913501 0.0184953303063633 0.0351960913501 0.0184953303063633 "family" "2_family" 2 33.2 1 2716.6 7.90713637738839 65.82333 65.82333
"1732" "465_1" "Tetrao_urogallus" 11 0.0392769233460667 -0.0379146970413733 0.0392769233460667 0.0379146970413733 "family" "2_family" 2 33.2 1 2716.6 7.90713637738839 61.77028 61.77028
"1733" "466_1" "Tringa_erythropus" 11 0.115006599629333 -0.0569212610595333 0.115006599629333 0.0569212610595333 NA NA NA 50.8 3 158 5.06259503302697 53.87083 53.87083
"1734" "4665_1" "Falco_punctatus" 9 -0.425528698079333 0.0435073365401533 0.425528698079333 0.0435073365401533 NA NA NA 35.4 1 167.4 5.12038615805537 -20.3 20.3
"1735" "467_1" "Tringa_nebularia" 11 0.101185482593467 0.01272219917302 0.101185482593467 0.01272219917302 NA NA NA 52.1 3 187 5.23110861685459 53.87083 53.87083
"1736" "468_1" "Troglodytes_troglodytes" 13 0.320191156426 -0.0226520745982 0.320191156426 0.0226520745982 "no_fam" "1_no_fam" 1 15.7 3 9.7 2.27212588550934 54 54
"1737" "469_1" "Troglodytes_troglodytes" 11 0.0564889883399173 -0.0046858238098 0.0564889883399173 0.0046858238098 "no_fam" "1_no_fam" 1 15.7 3 9.7 2.27212588550934 54 54
"1738" "470_1" "Troglodytes_troglodytes" 17 -0.000639495853666667 0.009001364684 0.000639495853666667 0.009001364684 "no_fam" "1_no_fam" 1 15.7 3 9.7 2.27212588550934 63 63
"1739" "4722_1" "Pelecanus_rufescens" 15 -0.7331495082389 0.0213725532748333 0.7331495082389 0.0213725532748333 "no_fam" "1_no_fam" 1 43.3 1 5419.6 8.59777729097228 2 2
"1740" "4723_3" "Pycnonotus_barbatus" 12 0.0904593934684933 -0.0913737920883333 0.0904593934684933 0.0913737920883333 "coop_families" "3_coop_families" 3 15 1 32.1 3.46885603013597 2 2
"1741" "4725_2" "Icthyophaga_vocifer" 9 0.0533412775255333 0.0143528142098533 0.0533412775255333 0.0143528142098533 NA NA NA 33.5 1 3400 8.13153071060425 2 2
"1742" "4727_1" "Ceryle_rudis" 15 0.085186966453 0.123990318005833 0.085186966453 0.123990318005833 "coop_families" "3_coop_families" 3 34.5 1 84.4 4.43556740160191 2 2
"1743" "473_1" "Turdus_iliacus" 17 -0.0914882268597167 0.0766562831539 0.0914882268597167 0.0766562831539 "no_fam" "1_no_fam" 1 32.3 3 61.2 4.11414718951828 63 63
"1744" "475_1" "Turdus_merula" 17 -0.0687888005375333 0.028713165277 0.0687888005375333 0.028713165277 "no_fam" "1_no_fam" 1 23.1 1 102.7 4.63181211693451 63 63
"1745" "4867_1" "Stercorarius_maccormicki" 28 -0.01803461760619 0.00200651907383667 0.01803461760619 0.00200651907383667 "no_fam" "1_no_fam" 1 50 3 1347.1 7.20570941270452 -66.66667 66.66667
"1746" "4868_1" "Macronectes_giganteus" 32 0.0762459582233 0.0394245486159333 0.0762459582233 0.0394245486159333 "no_fam" "1_no_fam" 1 44.8 2 3591.7 8.18638090700323 -66.66667 66.66667
"1747" "4897_1" "Tyto_alba" 11 -0.0994806008473333 -0.0189742747450667 0.0994806008473333 0.0189742747450667 "no_fam" "1_no_fam" 1 40.6 1 403.3 5.99968070187932 46.81667 46.81667
"1748" "4899_1" "Astur_gentilis" 24 -0.1000438716002 0.0456330587078333 0.1000438716002 0.0456330587078333 "no_fam" "1_no_fam" 1 36.3 2 866 6.76388490856244 52.16667 52.16667
"1749" "4962_1" "Ficedula_parva" 19 -0.0156445856877333 -0.0272764339399 0.0156445856877333 0.0272764339399 NA NA NA 25.3 3 10.8 2.37954613413017 52.66667 52.66667
"1750" "5_1" "Falco_punctatus" 24 0.148108180553333 0.0339345033105 0.148108180553333 0.0339345033105 NA NA NA 35.4 1 167.4 5.12038615805537 -20.3 20.3
"1751" "5136_1" "Ichthyaetus_melanocephalus" 28 0.0056897078779 0.0328607996887867 0.0056897078779 0.0328607996887867 NA NA NA 57.1 2 256 5.54517744447956 54 54
"1752" "5137_1" "Oriolus_oriolus" 31 0.195140473588 0.0027574794677 0.195140473588 0.0027574794677 NA NA NA 38.5 3 79 4.36944785246702 54 54
"1753" "5139_1" "Haliaeetus_albicilla" 30 -0.0338450706554333 -0.00765380672253333 0.0338450706554333 0.00765380672253333 "no_fam" "1_no_fam" 1 38 2 4729.3 8.46153247899081 57.95889 57.95889
"1754" "5141_1" "Milvus_milvus" 15 0.00293549819306667 0.00579553244977667 0.00293549819306667 0.00579553244977667 "family" "2_family" 2 49.9 2 1071.8 6.97709475706075 54 54
"1755" "5143_1" "Limosa_lapponica" 30 -0.00049636636766 -0.000441457339583333 0.00049636636766 0.000441457339583333 "no_fam" "1_no_fam" 1 56.6 3 291.7 5.67572587687368 54 54
"1756" "5144_1" "Limosa_limosa" 30 0.0219151247969333 -0.00129430364420667 0.0219151247969333 0.00129430364420667 "no_fam" "1_no_fam" 1 51.5 3 288.4 5.66434840541079 54 54
"1757" "5160_1" "Thalassarche_chrysostoma" 26 0.0369733135125 0.00832382058423333 0.0369733135125 0.00832382058423333 "no_fam" "1_no_fam" 1 64.9 2 3499 8.16023249236769 -54.00444 54.00444
"1758" "5164_1" "Thalassarche_melanophris" 26 0.197504393755567 0.161636334546933 0.197504393755567 0.161636334546933 "no_fam" "1_no_fam" 1 64.3 2 3202.9 8.07181192839122 -54.00444 54.00444
"1759" "5166_2" "Platalea_minor" 12 -0.00190786016143333 -0.00576261613483333 0.00190786016143333 0.00576261613483333 "no_fam" "1_no_fam" 1 40.1 2 1228 7.11314210870709 23.76667 23.76667
"1760" "5169_2" "Platalea_minor" 12 -0.250966675275933 0.0371148460463333 0.250966675275933 0.0371148460463333 "no_fam" "1_no_fam" 1 40.1 2 1228 7.11314210870709 23.27556 23.27556
"1761" "5171_2" "Platalea_minor" 12 0.192547732408 0.0367622878723667 0.192547732408 0.0367622878723667 "no_fam" "1_no_fam" 1 40.1 2 1228 7.11314210870709 36 36
"1762" "5172_2" "Platalea_minor" 10 0.291660665438 -0.00198019927536333 0.291660665438 0.00198019927536333 "no_fam" "1_no_fam" 1 40.1 2 1228 7.11314210870709 33.36667 33.36667
"1763" "5297_1" "Spatula_querquedula" 12 0.1068505126168 -0.166619665579333 0.1068505126168 0.166619665579333 "no_fam" "1_no_fam" 1 56.1 3 325.6 5.78566963412838 49.75 49.75
"1764" "5310_1" "Lanius_minor" 9 0.2494447506871 -0.0139291212398533 0.2494447506871 0.0139291212398533 "no_fam" "1_no_fam" 1 36 3 46.5 3.83945231259331 43.51222 43.51222
"1765" "5311_1" "Lanius_minor" 12 -0.0916324314009 0.0218524188314 0.0916324314009 0.0218524188314 "no_fam" "1_no_fam" 1 36 3 46.5 3.83945231259331 43.26472 43.26472
"1766" "5425_2" "Pygoscelis_adeliae" 44 0.0290713416561333 0.1083624221002 0.0290713416561333 0.1083624221002 "no_fam" "1_no_fam" 1 7.4 2 4847.7 8.48625964464631 -77.56667 77.56667
"1767" "5656_1" "Ardenna_grisea" 9 -0.653265980421667 -0.133005833365667 0.653265980421667 0.133005833365667 "no_fam" "1_no_fam" 1 61.8 3 787 6.6682282484174 38 38
"1768" "5658_1" "Uria_aalge" 9 -0.230603616868 0.0355414793104667 0.230603616868 0.0355414793104667 "no_fam" "1_no_fam" 1 57.5 3 991.9 6.89962229575195 38 38
"1769" "5660_1" "Ptychoramphus_aleuticus" 9 -0.213433764415333 0.0497320556080667 0.213433764415333 0.0497320556080667 "no_fam" "1_no_fam" 1 40.7 3 184 5.21493575760899 38 38
"1770" "5692_2" "Sterna_dougallii" 9 -0.194380385082 -0.0386290228839 0.194380385082 0.0386290228839 "family" "2_family" 2 69.1 3 112 4.71849887129509 -4.20583 4.20583
"1771" "5751_1" "Ciconia_ciconia" 16 -0.103985607928333 -0.0433005438426333 0.103985607928333 0.0433005438426333 NA NA NA 45.9 3 3445.8 8.14491137709831 56 56
"1772" "5949_1" "Accipiter_nisus" 9 -0.000389023705666667 0.0151110780483133 0.000389023705666667 0.0151110780483133 "no_fam" "1_no_fam" 1 35.5 2 220.8 5.39725731440294 55.16667 55.16667
"1773" "5951_4" "Aegithalos_caudatus" 10 1.08687154839267 -0.0901555209023367 1.08687154839267 0.0901555209023367 "coop_families" "3_coop_families" 3 22 1 8.6 2.15176220325946 51.29167 51.29167
"1774" "5952_1" "Aegolius_funereus" 12 0.240276651966 0.566227060703 0.240276651966 0.566227060703 "no_fam" "1_no_fam" 1 31.5 2 137.2 4.92143971529178 64.5 64.5
"1775" "5954_1" "Aegolius_funereus" 18 0.0440658616198333 0.219785385597333 0.0440658616198333 0.219785385597333 "no_fam" "1_no_fam" 1 31.5 2 137.2 4.92143971529178 63.1 63.1
"1776" "5956_1" "Alectoris_rufa" 13 0.004013185723 0.0300423214669467 0.004013185723 0.0300423214669467 "family" "2_family" 2 25.8 1 527.9 6.26890687182957 54 54
"1777" "5967_1" "Anthus_pratensis" 29 0.0337420097875533 0.0161760510436123 0.0337420097875533 0.0161760510436123 "no_fam" "1_no_fam" 1 24.3 2 18.4 2.91235066461494 51.698949 51.698949
"1778" "5968_1" "Anthus_pratensis" 17 0.00298662515693333 0.184461296453 0.00298662515693333 0.184461296453 "no_fam" "1_no_fam" 1 24.3 2 18.4 2.91235066461494 63 63
"1779" "5969_1" "Arenaria_interpres" 20 -0.0657370085288333 0.0277976896439433 0.0657370085288333 0.0277976896439433 "no_fam" "1_no_fam" 1 55.6 3 136 4.91265488573605 55 55
"1780" "5970_1" "Asio_otus" 9 -0.0436323889216667 -0.15470596274 0.0436323889216667 0.15470596274 "no_fam" "1_no_fam" 1 41.2 2 296.6 5.69238442970383 63.83333 63.83333
"1781" "5972_2" "Tetrastes_bonasia" 27 0.0789077804779333 -0.0384887016626333 0.0789077804779333 0.0384887016626333 "family" "2_family" 2 33 1 429 6.06145691892802 62.49816 62.49816
"1782" "5973_1" "Tetrastes_bonasia" 13 0.0069940936121 -0.00986030035121333 0.0069940936121 0.00986030035121333 "family" "2_family" 2 33 1 429 6.06145691892802 64 64
"1783" "5975_2" "Branta_bernicla" 13 -0.0831624174383 -0.127333690097 0.0831624174383 0.127333690097 "family" "2_family" 2 52.3 3 1277.9 7.15297338461466 53 53
"1784" "5977_2" "Branta_bernicla" 13 -0.315505754541033 0.015281938548 0.315505754541033 0.015281938548 "family" "2_family" 2 52.3 3 1277.9 7.15297338461466 57 57
"1785" "5978_1" "Calidris_alba" 20 -0.0251152542982333 0.003757676456 0.0251152542982333 0.003757676456 "no_fam" "1_no_fam" 1 52.3 3 51.7 3.94545778151438 55 55
"1786" "5979_1" "Calidris_alpina" 20 0.00754940072563333 -0.0132034418492767 0.00754940072563333 0.0132034418492767 "no_fam" "1_no_fam" 1 53.4 3 51.9 3.94931879017184 55 55
"1787" "5980_1" "Calidris_canutus" 20 -0.0730788736813 -0.00207153078246 0.0730788736813 0.00207153078246 "no_fam" "1_no_fam" 1 57.9 3 141.9 4.955122584166 55 55
"1788" "5981_1" "Linaria_cannabina" 17 0.264118985534667 -0.149848955708633 0.264118985534667 0.149848955708633 "no_fam" "1_no_fam" 1 34.4 1 19.5 2.9704144655697 63 63
"1789" "5982_1" "Carduelis_carduelis" 13 0.18559473467308 -0.0394356765526333 0.18559473467308 0.0394356765526333 "no_fam" "1_no_fam" 1 33.4 1 16 2.77258872223978 54 54
"1790" "5984_1" "Carpodacus_erythrinus" 17 0.0695366502539333 -0.164602731392987 0.0695366502539333 0.164602731392987 NA "1_no_fam" 1 30.8 3 24 3.17805383034795 63 63
"1791" "5985_3" "Certhia_familiaris" 17 -0.226103367378667 0.178497536535333 0.226103367378667 0.178497536535333 "no_fam" "1_no_fam" 1 19.2 1 9 2.19722457733622 51.29167 51.29167
"1792" "5986_1" "Charadrius_hiaticula" 20 0.120094354674333 -0.00126525815286333 0.120094354674333 0.00126525815286333 "no_fam" "1_no_fam" 1 53.5 2 64 4.15888308335967 55 55
"1793" "5989_1" "Colaptes_auratus" 14 0.178464212776667 0.0626823349755333 0.178464212776667 0.0626823349755333 NA "1_no_fam" 1 24.3 2 131.5 4.87900685161782 39.98333 39.98333
"1794" "5991_1" "Columba_oenas" 12 -0.312370495134 -0.029867321446 0.312370495134 0.029867321446 NA "1_no_fam" 1 42.5 1 290.8 5.67263574565936 51.698949 51.698949
"1795" "5992_2" "Columba_palumbus" 17 0.262165292363333 -0.108452200113967 0.262165292363333 0.108452200113967 "family" "2_family" 2 41.2 1 490 6.19440539110467 51.29167 51.29167
"1796" "5993_1" "Corvus_corone" 29 0.115512108798933 0.03824691964723 0.115512108798933 0.03824691964723 "coop_families" "3_coop_families" 3 35.8 1 570 6.3456363608286 51.698949 51.698949
"1797" "5994_2" "Corvus_corone" 17 0.055186937735 0.0128480073624333 0.055186937735 0.0128480073624333 "coop_families" "3_coop_families" 3 35.8 1 570 6.3456363608286 51.29167 51.29167
"1798" "5995_1" "Corvus_frugilegus" 12 -0.0724105814216667 -0.0112410814423333 0.0724105814216667 0.0112410814423333 "no_fam" "1_no_fam" 1 41 1 452.1 6.11390339430056 57.5 57.5
"1799" "5996_1" "Corvus_frugilegus" 12 -0.0335256937659667 0.0288029203775 0.0335256937659667 0.0288029203775 "no_fam" "1_no_fam" 1 41 1 452.1 6.11390339430056 57.33333 57.33333
"1800" "5997_1" "Coloeus_monedula" 14 -0.0661529823353333 -0.01006911375352 0.0661529823353333 0.01006911375352 NA NA NA 39.1 2 246 5.50533153593236 51.698949 51.698949
"1801" "5999_1" "Delichon_urbicum" 17 -0.00803598739783333 -0.0833925461297667 0.00803598739783333 0.0833925461297667 NA "1_no_fam" 1 54.3 3 14.5 2.67414864942653 63 63
"1802" "6001_1" "Emberiza_citrinella" 17 -0.235000828368 0.0728645514427333 0.235000828368 0.0728645514427333 "no_fam" "1_no_fam" 1 25.7 2 29.7 3.39114704580865 63 63
"1803" "6002_2" "Emberiza_schoeniclus" 12 0.379025429519798 0.0717431210041 0.379025429519798 0.0717431210041 NA "1_no_fam" 1 21.1 2 18.4 2.91235066461494 51.698949 51.698949
"1804" "6003_2" "Erithacus_rubecula" 17 0.0677982038596667 -0.0127174365778333 0.0677982038596667 0.0127174365778333 "no_fam" "1_no_fam" 1 19.9 3 17.7 2.87356463957978 51.29167 51.29167
"1805" "6004_1" "Erithacus_rubecula" 17 0.00730277538356667 -0.00398087426536046 0.00730277538356667 0.00398087426536046 "no_fam" "1_no_fam" 1 19.9 3 17.7 2.87356463957978 63 63
"1806" "6008_1" "Ficedula_albicollis" 12 -0.0446855719569667 -0.0898801366443333 0.0446855719569667 0.0898801366443333 "no_fam" "1_no_fam" 1 31.9 3 12.7 2.54160199346455 47.53333 47.53333
"1807" "6009_1" "Ficedula_hypoleuca" 17 -0.0515746362428333 0.0314932917676667 0.0515746362428333 0.0314932917676667 "no_fam" "1_no_fam" 1 30.9 3 13.8 2.62466859216316 63 63
"1808" "6010_2" "Fringilla_coelebs" 17 -0.103487010132333 -0.154501169349833 0.103487010132333 0.154501169349833 "no_fam" "1_no_fam" 1 27.6 2 23.8 3.16968558067743 51.29167 51.29167
"1809" "6011_1" "Fringilla_coelebs" 17 -0.1156118436953 -0.0601126725406333 0.1156118436953 0.0601126725406333 "no_fam" "1_no_fam" 1 27.6 2 23.8 3.16968558067743 63 63
"1810" "6012_1" "Fulmarus_glacialis" 23 -0.051659537244 -0.00176418940417 0.051659537244 0.00176418940417 "no_fam" "1_no_fam" 1 51.1 3 611.9 6.41656887046849 59.14472 59.14472
"1811" "6013_1" "Gallinula_chloropus" 13 0.2036463270186 -0.0227717519968667 0.2036463270186 0.0227717519968667 "coop_families" "3_coop_families" 3 32.2 1 339.6 5.82776845443719 54 54
"1812" "6014_2" "Garrulus_glandarius" 17 0.212702613691 -0.0477776649422 0.212702613691 0.0477776649422 "no_fam" "1_no_fam" 1 19.2 2 159.5 5.0720439222249 51.29167 51.29167
"1813" "6017_1" "Haematopus_ostralegus" 29 -0.000372470276862 -0.0121735907809 0.000372470276862 0.0121735907809 "no_fam" "1_no_fam" 1 51.2 1 526 6.26530121273771 51.698949 51.698949
"1814" "6018_1" "Hippolais_icterina" 17 -0.102042706813 -0.0230013203293333 0.102042706813 0.0230013203293333 "no_fam" "1_no_fam" 1 30.8 3 13.2 2.58021682959233 63 63
"1815" "6019_1" "Hirundo_rustica" 17 0.048751482732 0.0857173407051 0.048751482732 0.0857173407051 "no_fam" "1_no_fam" 1 52.6 3 17.9 2.88480071284671 63 63
"1816" "6020_1" "Lagopus_lagopus" 12 -0.283141979968667 0.54348386072 0.283141979968667 0.54348386072 "family" "2_family" 2 39 1 566.9 6.34018292133026 64.5 64.5
"1817" "6022_1" "Lagopus_lagopus" 14 -0.135129236264333 0.00613807937246667 0.135129236264333 0.00613807937246667 "family" "2_family" 2 39 1 566.9 6.34018292133026 54.38338 54.38338
"1818" "6023_1" "Lanius_collurio" 17 0.0267752057649233 -0.00861894903975667 0.0267752057649233 0.00861894903975667 "no_fam" "1_no_fam" 1 31 3 28.4 3.34638914516716 63 63
"1819" "6024_1" "Luscinia_svecica" 19 0.0531316022793333 -0.0246826351320333 0.0531316022793333 0.0246826351320333 "no_fam" "1_no_fam" 1 21.3 3 17.2 2.84490938381941 65.96667 65.96667
"1820" "6025_1" "Motacilla_alba" 13 0.0391078143495533 0.0111853269788 0.0391078143495533 0.0111853269788 "no_fam" "1_no_fam" 1 31.4 3 23.9 3.17387845893747 54 54
"1821" "6026_1" "Motacilla_alba" 17 0.0459194494767667 -0.0801337936936 0.0459194494767667 0.0801337936936 "no_fam" "1_no_fam" 1 31.4 3 23.9 3.17387845893747 63 63
"1822" "6027_1" "Motacilla_flava" 17 -0.169592378108 0.046985045763 0.169592378108 0.046985045763 "no_fam" "1_no_fam" 1 31.1 3 17.7 2.87356463957978 63 63
"1823" "6029_1" "Oenanthe_oenanthe" 29 -0.0265652653496 0.0621692561824333 0.0265652653496 0.0621692561824333 "no_fam" "1_no_fam" 1 32.1 3 25.4 3.23474917402449 51.698949 51.698949
"1824" "6030_2" "Periparus_ater" 17 0.253019895099667 -0.17645746615988 0.253019895099667 0.17645746615988 "no_fam" "1_no_fam" 1 21.9 1 9.2 2.21920348405499 51.29167 51.29167
"1825" "6031_3" "Periparus_ater" 11 0.457698565211 -0.327525940789333 0.457698565211 0.327525940789333 "no_fam" "1_no_fam" 1 21.9 1 9.2 2.21920348405499 46.25 46.25
"1826" "6032_2" "Cyanistes_caeruleus" 17 -0.0735169632933333 0.0683899180826667 0.0735169632933333 0.0683899180826667 "no_fam" "1_no_fam" 1 21 1 11.1 2.40694510831829 51.29167 51.29167
"1827" "6033_1" "Cyanistes_caeruleus" 18 0.1447986136962 0.0182898160586 0.1447986136962 0.0182898160586 "no_fam" "1_no_fam" 1 21 1 11.1 2.40694510831829 50.96667 50.96667
"1828" "6035_1" "Parus_major" 16 0.0543334261781667 -0.00192092452743333 0.0543334261781667 0.00192092452743333 "no_fam" "1_no_fam" 1 18.8 1 16.3 2.79116510781272 54 54
"1829" "6036_2" "Phalacrocorax_carbo" 18 0.00333010929034333 0.0460907375433633 0.00333010929034333 0.0460907375433633 "no_fam" "1_no_fam" 1 37.1 2 2529 7.83557924666997 49.5 49.5
"1830" "6037_3" "Phalacrocorax_carbo" 13 0.0370906764832667 -0.0225099055690367 0.0370906764832667 0.0225099055690367 "no_fam" "1_no_fam" 1 37.1 2 2529 7.83557924666997 48.88333 48.88333
"1831" "6038_1" "Phalacrocorax_carbo" 12 -0.059949507808 0.00141658489001333 0.059949507808 0.00141658489001333 "no_fam" "1_no_fam" 1 37.1 2 2529 7.83557924666997 66 66
"1832" "6040_1" "Phoenicurus_phoenicurus" 17 0.0342038337671667 0.0362090722714333 0.0342038337671667 0.0362090722714333 "no_fam" "1_no_fam" 1 25.8 3 14.6 2.68102152871429 63 63
"1833" "6041_2" "Phylloscopus_collybita" 17 0.0599712237113333 0.0516818629295867 0.0599712237113333 0.0516818629295867 "no_fam" "1_no_fam" 1 18.4 3 8.3 2.11625551480255 51.29167 51.29167
"1834" "6042_1" "Phylloscopus_collybita" 17 -0.101601283159783 0.101588967199633 0.101601283159783 0.101588967199633 "no_fam" "1_no_fam" 1 18.4 3 8.3 2.11625551480255 63 63
"1835" "6043_1" "Phylloscopus_sibilatrix" 17 0.0782863587976667 -0.0504652681375333 0.0782863587976667 0.0504652681375333 "no_fam" "1_no_fam" 1 30.9 3 9.2 2.21920348405499 63 63
"1836" "6044_2" "Phylloscopus_trochilus" 12 -0.1467434639028 0.324460987016667 0.1467434639028 0.324460987016667 "no_fam" "1_no_fam" 1 25.9 3 8.7 2.16332302566054 51.29167 51.29167
"1837" "6046_4" "Picus_viridis" 9 -0.244933890160667 -0.037684005195 0.244933890160667 0.037684005195 "family" "2_family" 2 24.7 1 176 5.17048399503815 51.29167 51.29167
"1838" "6047_1" "Pluvialis_squatarola" 20 0.0369157361254667 -0.0103953077657733 0.0369157361254667 0.0103953077657733 "no_fam" "1_no_fam" 1 60.1 3 250 5.52146091786225 55 55
"1839" "6050_1" "Prunella_modularis" 15 -0.00515329281633333 0.0387916558600667 0.00515329281633333 0.0387916558600667 "no_fam" "1_no_fam" 1 21.2 1 20.2 3.00568260440716 51.698949 51.698949
"1840" "6051_3" "Prunella_modularis" 11 -0.21228276102839 -0.187257438913 0.21228276102839 0.187257438913 "no_fam" "1_no_fam" 1 21.2 1 20.2 3.00568260440716 51.29167 51.29167
"1841" "6052_1" "Prunella_modularis" 17 -0.150427572534833 0.04109228736802 0.150427572534833 0.04109228736802 "no_fam" "1_no_fam" 1 21.2 1 20.2 3.00568260440716 63 63
"1842" "6053_1" "Pterocles_namaqua" 14 0.807063752973 -0.320421176471767 0.807063752973 0.320421176471767 NA "1_no_fam" 1 61.9 2 177 5.17614973257383 -28.75 28.75
"1843" "6054_1" "Pyrrhula_pyrrhula" 17 -0.1127025921358 -0.0967194780632667 0.1127025921358 0.0967194780632667 "no_fam" "1_no_fam" 1 24.9 1 24.3 3.1904763503465 63 63
"1844" "6055_1" "Rissa_tridactyla" 34 -0.0303135202798933 -0.00817064808406667 0.0303135202798933 0.00817064808406667 "no_fam" "1_no_fam" 1 59.4 2 416 6.03068526026126 54.81667 54.81667
"1845" "6058_1" "Sturnus_vulgaris" 29 -0.143455868024333 -0.00160163521985433 0.143455868024333 0.00160163521985433 "no_fam" "1_no_fam" 1 38.4 2 77.1 4.34510328056928 51.698949 51.698949
"1846" "6059_1" "Sturnus_vulgaris" 16 0.0592235447804 0.117483399307 0.0592235447804 0.117483399307 "no_fam" "1_no_fam" 1 38.4 2 77.1 4.34510328056928 51.29167 51.29167
"1847" "6060_2" "Sylvia_atricapilla" 17 -0.023430253364 -0.0828867411373333 0.023430253364 0.0828867411373333 "no_fam" "1_no_fam" 1 27 3 16.7 2.81540871942271 51.29167 51.29167
"1848" "6061_2" "Sylvia_borin" 12 -0.384976451346 -0.0269854729703333 0.384976451346 0.0269854729703333 "no_fam" "1_no_fam" 1 30 3 18.2 2.90142159408275 51.29167 51.29167
"1849" "6062_1" "Sylvia_borin" 17 -0.0742049236306667 -0.0485662696692667 0.0742049236306667 0.0485662696692667 "no_fam" "1_no_fam" 1 30 3 18.2 2.90142159408275 63 63
"1850" "6063_1" "Curruca_curruca" 17 -0.0413593155749333 -0.0270834361265667 0.0413593155749333 0.0270834361265667 "no_fam" "1_no_fam" 1 22 3 11.4 2.43361335540045 63 63
"1851" "6064_1" "Tetrao_urogallus" 12 0.0210184374378667 -0.0166963958725667 0.0210184374378667 0.0166963958725667 "family" "2_family" 2 33.2 1 2716.6 7.90713637738839 64 64
"1852" "6065_1" "Tringa_nebularia" 18 0.156177510629667 -0.0191885095263333 0.156177510629667 0.0191885095263333 NA NA NA 52.1 3 187 5.23110861685459 58.503919 58.503919
"1853" "6066_2" "Turdus_merula" 17 0.0599539190458333 0.062029273259 0.0599539190458333 0.062029273259 "no_fam" "1_no_fam" 1 23.1 1 102.7 4.63181211693451 51.29167 51.29167
"1854" "6067_1" "Turdus_philomelos" 17 -0.038123765202 0.125608233643333 0.038123765202 0.125608233643333 "no_fam" "1_no_fam" 1 30.7 3 67.7 4.21508617991823 63 63
"1855" "6068_2" "Turdus_viscivorus" 14 -0.104368195138033 -0.1278925854216 0.104368195138033 0.1278925854216 NA "1_no_fam" 1 35.1 1 117.4 4.765586907394 51.29167 51.29167
"1856" "6069_1" "Vanellus_vanellus" 28 0.282402025694133 0.0739373336928667 0.282402025694133 0.0739373336928667 "no_fam" "1_no_fam" 1 40.2 2 218.4 5.38632824387075 51.698949 51.698949
"1857" "6070_1" "Vanellus_vanellus" 13 0.0489443203064 0.0188773559055367 0.0489443203064 0.0188773559055367 "no_fam" "1_no_fam" 1 40.2 2 218.4 5.38632824387075 54 54
"1858" "6160_1" "Aquila_fasciata" 11 -0.0572286793137667 0.0399594682261333 0.0572286793137667 0.0399594682261333 "family" "2_family" 2 37.3 2 1936.5 7.56863749895481 38.35 38.35
"1859" "6168_1" "Anas_wyvilliana" 26 0.0657529024116667 0.02721421574442 0.0657529024116667 0.02721421574442 NA NA NA 46.1 1 843.4 6.73744134131246 22.07972 22.07972
"1860" "6372_3" "Puffinus_mauretanicus" 16 -0.116755895580667 -0.0973512920020667 0.116755895580667 0.0973512920020667 NA NA NA 58.1 2 497 6.20859002609663 53.47083 53.47083
"1861" "6373_1" "Falco_punctatus" 16 0.174675464473867 -0.0209950445760333 0.174675464473867 0.0209950445760333 NA NA NA 35.4 1 167.4 5.12038615805537 -20.33333 20.33333
"1862" "6375_2" "Puffinus_mauretanicus" 16 0.0167950208119333 -0.0015861791224 0.0167950208119333 0.0015861791224 NA NA NA 58.1 2 497 6.20859002609663 52.59917 52.59917
"1863" "6407_1" "Oxyura_leucocephala" 10 0.097655839754 -0.0595794957052067 0.097655839754 0.0595794957052067 NA NA NA 47 1 661.1 6.49390511433953 39 39
"1864" "6408_1" "Oxyura_leucocephala" 11 -0.595696958202667 0.0595652570963333 0.595696958202667 0.0595652570963333 NA NA NA 47 1 661.1 6.49390511433953 31.5 31.5
"1865" "6409_1" "Oxyura_leucocephala" 10 1.09177160786667 -0.246805762826667 1.09177160786667 0.246805762826667 NA NA NA 47 1 661.1 6.49390511433953 46 46
"1866" "6429_2" "Oxyura_leucocephala" 10 -0.503584237411067 -0.485520578314333 0.503584237411067 0.485520578314333 NA NA NA 47 1 661.1 6.49390511433953 34 34
"1867" "6443_1" "Phaethon_aethereus" 24 0.187866074536367 0.00232347912323333 0.187866074536367 0.00232347912323333 "no_fam" "1_no_fam" 1 68.4 3 750 6.62007320653036 23.11667 23.11667
"1868" "6447_1" "Lagopus_lagopus" 17 0.106922409569667 -0.0656123827833333 0.106922409569667 0.0656123827833333 "family" "2_family" 2 39 1 566.9 6.34018292133026 56.98333 56.98333
"1869" "6459_1" "Recurvirostra_novaehollandiae" 23 0.231166874904667 -0.432005607013333 0.231166874904667 0.432005607013333 "family" "2_family" 2 50.8 2 325 5.78382518232974 -29.65528 29.65528
"1870" "6460_1" "Vanellus_tricolor" 23 -0.748327438842667 0.515496050135333 0.748327438842667 0.515496050135333 NA "1_no_fam" 1 44.1 1 184 5.21493575760899 -28.65528 28.65528
"1871" "6462_1" "Vanellus_miles" 23 0.1621138011945 -0.0517795590246667 0.1621138011945 0.0517795590246667 "family" "2_family" 2 35.6 1 387 5.95842469302978 -28.65528 28.65528
"1872" "6463_1" "Lophura_nycthemera" 11 -0.731831813165333 -0.1234217150682 0.731831813165333 0.1234217150682 NA "2_family" 2 19.5 1 1230 7.11476944836646 14.33083 14.33083
"1873" "6466_1" "Himantopus_himantopus" 23 0.0550447574856667 0.130520216700667 0.0550447574856667 0.130520216700667 "family" "2_family" 2 52.2 2 176.8 5.17501915020354 -28.65528 28.65528
"1874" "6485_1" "Chroicocephalus_novaehollandiae" 20 -0.00500907373106333 -0.00735499468420667 0.00500907373106333 0.00735499468420667 "no_fam" "1_no_fam" 1 53 1 269 5.59471137960184 -42.43333 42.43333
"1875" "6496_1" "Ardea_ibis" 9 0.377907460244633 -0.314048275056 0.377907460244633 0.314048275056 "no_fam" "1_no_fam" 1 29.9 2 366 5.90263333340137 38.142178 38.142178
"1876" "6504_1" "Gallinago_gallinago" 9 0.293991589154 0.213929216557667 0.293991589154 0.213929216557667 NA NA NA 44.3 3 112.9 4.72650247115562 38.142178 38.142178
"1877" "6505_1" "Himantopus_himantopus" 9 0.178327034740467 0.0467439411661667 0.178327034740467 0.0467439411661667 "family" "2_family" 2 52.2 2 176.8 5.17501915020354 38.142178 38.142178
"1878" "6516_1" "Podiceps_nigricollis" 9 -0.247345082235333 -0.0459987317996667 0.247345082235333 0.0459987317996667 "no_fam" "1_no_fam" 1 44 3 412.4 6.02199375214281 38.142178 38.142178
"1879" "6519_1" "Rallus_aquaticus" 9 0.283451203628 -0.00169111101686667 0.283451203628 0.00169111101686667 "no_fam" "1_no_fam" 1 30.5 2 110.7 4.70682383971459 38.142178 38.142178
"1880" "6522_1" "Tachybaptus_ruficollis" 9 0.048683646044 -0.17491499525836 0.048683646044 0.17491499525836 "no_fam" "1_no_fam" 1 32.2 1 169.4 5.13226278221795 38.142178 38.142178
"1881" "6526_1" "Tringa_nebularia" 9 -0.736094776097133 0.51206237642 0.736094776097133 0.51206237642 NA NA NA 52.1 3 187 5.23110861685459 38.142178 38.142178
"1882" "6527_1" "Tringa_ochropus" 9 0.3107192323598 0.343908055363333 0.3107192323598 0.343908055363333 NA NA NA 45.8 3 71.4 4.26829786934554 38.142178 38.142178
"1883" "654_1" "Himantopus_novaezelandiae" 19 0.176020993463833 -0.0202463242058667 0.176020993463833 0.0202463242058667 "family" "2_family" 2 51.6 2 195 5.27299955856375 -44.14028 44.14028
"1884" "6574_1" "Luscinia_svecica" 10 0.2750244084267 0.0664303238908 0.2750244084267 0.0664303238908 "no_fam" "1_no_fam" 1 21.3 3 17.2 2.84490938381941 37 37
"1885" "6583_1" "Locustella_naevia" 12 0.190892088183333 -0.22382790030953 0.190892088183333 0.22382790030953 "no_fam" "1_no_fam" 1 25.4 3 13.3 2.58776403522771 37 37
"1886" "6597_1" "Phylloscopus_collybita" 12 -1.26817484888 -0.128171173231957 1.26817484888 0.128171173231957 "no_fam" "1_no_fam" 1 18.4 3 8.3 2.11625551480255 37 37
"1887" "6599_1" "Phylloscopus_trochilus" 12 -0.0973832756393333 -0.00689074425386667 0.0973832756393333 0.00689074425386667 "no_fam" "1_no_fam" 1 25.9 3 8.7 2.16332302566054 37 37
"1888" "6608_1" "Remiz_pendulinus" 10 -0.7532316609837 -0.119416730541533 0.7532316609837 0.119416730541533 "no_fam" "1_no_fam" 1 19.4 3 9.3 2.23001440015921 37 37
"1889" "6628_1" "Ichthyaetus_audouinii" 22 -0.16504771232 0.11386470129685 0.16504771232 0.11386470129685 NA NA NA 60 2 535 6.28226674689601 37 37
"1890" "6644_1" "Vanellus_vanellus" 9 0.0245440663963333 0.064877725539 0.0245440663963333 0.064877725539 "no_fam" "1_no_fam" 1 40.2 2 218.4 5.38632824387075 37 37
"1891" "6656_5" "Podiceps_nigricollis" 10 -0.369806996896667 0.0936343846856667 0.369806996896667 0.0936343846856667 "no_fam" "1_no_fam" 1 44 3 412.4 6.02199375214281 42.1 42.1
"1892" "6658_4" "Egretta_garzetta" 12 -0.0418409309926667 -0.0927856213573333 0.0418409309926667 0.0927856213573333 "no_fam" "1_no_fam" 1 33.1 2 312 5.74300318780948 42.1 42.1
"1893" "6663_3" "Aythya_fuligula" 19 0.257022327662333 -0.0256202260820333 0.257022327662333 0.0256202260820333 "no_fam" "1_no_fam" 1 50.1 2 701.2 6.55279315304708 42.6 42.6
"1894" "6666_1" "Rallus_aquaticus" 9 0.256508344104933 -0.07201992805078 0.256508344104933 0.07201992805078 "no_fam" "1_no_fam" 1 30.5 2 110.7 4.70682383971459 42.2125 42.2125
"1895" "6714_1" "Tadorna_tadorna" 13 0.183896138523133 0.124963293971133 0.183896138523133 0.124963293971133 "no_fam" "1_no_fam" 1 51.8 2 1146.8 7.04473073400921 34.85 34.85
"1896" "6715_1" "Mareca_penelope" 10 -0.091890252566 0.0709706191516 0.091890252566 0.0709706191516 "no_fam" "1_no_fam" 1 57.2 3 770 6.64639051484773 34.85 34.85
"1897" "6717_1" "Anas_crecca" 15 0.179829982660533 0.25692361188 0.179829982660533 0.25692361188 NA "1_no_fam" 1 53.1 2 341.9 5.83451829664526 34.85 34.85
"1898" "6718_3" "Anas_platyrhynchos" 9 0.1438409500167 0.3595891230663 0.1438409500167 0.3595891230663 "no_fam" "1_no_fam" 1 50.7 2 843.4 6.73744134131246 34.85 34.85
"1899" "6719_1" "Anas_acuta" 10 0.114916093577333 -0.507928705233333 0.114916093577333 0.507928705233333 "no_fam" "1_no_fam" 1 57.8 3 944.6 6.85076155746202 34.85 34.85
"1900" "6720_1" "Spatula_clypeata" 15 -0.0575688310643333 0.222663351323333 0.0575688310643333 0.222663351323333 "no_fam" "1_no_fam" 1 58 3 612.6 6.41771219439867 34.85 34.85
"1901" "6724_1" "Ardea_cinerea" 15 0.346799176945 -0.178663276726337 0.346799176945 0.178663276726337 NA "1_no_fam" 1 34.6 1 1443 7.27447955877387 34.85 34.85
"1902" "6725_1" "Egretta_garzetta" 15 1.006279490948 -0.144147503817933 1.006279490948 0.144147503817933 "no_fam" "1_no_fam" 1 33.1 2 312 5.74300318780948 34.85 34.85
"1903" "6726_1" "Ciconia_ciconia" 10 -0.356791368591333 -0.197559163214667 0.356791368591333 0.197559163214667 NA NA NA 45.9 3 3445.8 8.14491137709831 34.85 34.85
"1904" "6727_2" "Platalea_leucorodia" 11 -0.00337178754206667 0.04016090724735 0.00337178754206667 0.04016090724735 "no_fam" "1_no_fam" 1 40.4 2 1868 7.53262361878879 34.85 34.85
"1905" "6728_1" "Phoenicopterus_roseus" 15 -0.928396261777 0.0707623522853333 0.928396261777 0.0707623522853333 NA NA NA 41.6 2 3031.6 8.01684581193787 34.85 34.85
"1906" "6730_1" "Haematopus_ostralegus" 10 0.5032890299 0.0665821567624667 0.5032890299 0.0665821567624667 "no_fam" "1_no_fam" 1 51.2 1 526 6.26530121273771 34.85 34.85
"1907" "6731_1" "Himantopus_himantopus" 15 -0.647266396302333 0.1920613418856 0.647266396302333 0.1920613418856 "family" "2_family" 2 52.2 2 176.8 5.17501915020354 34.85 34.85
"1908" "6732_1" "Recurvirostra_avosetta" 15 0.53555034021 -0.292708015099333 0.53555034021 0.292708015099333 "family" "2_family" 2 49.7 2 304 5.71702770140622 34.85 34.85
"1909" "6733_1" "Vanellus_vanellus" 15 0.104532092855 -0.0472073405259133 0.104532092855 0.0472073405259133 "no_fam" "1_no_fam" 1 40.2 2 218.4 5.38632824387075 34.85 34.85
"1910" "6735_1" "Pluvialis_squatarola" 15 0.095696858308 0.0891438315193333 0.095696858308 0.0891438315193333 "no_fam" "1_no_fam" 1 60.1 3 250 5.52146091786225 34.85 34.85
"1911" "6736_1" "Charadrius_hiaticula" 15 0.184311116725667 -0.0815922605507 0.184311116725667 0.0815922605507 "no_fam" "1_no_fam" 1 53.5 2 64 4.15888308335967 34.85 34.85
"1912" "6737_1" "Anarhynchus_alexandrinus" 15 0.2791116572262 -0.122330133616467 0.2791116572262 0.122330133616467 "no_fam" "1_no_fam" 1 55 2 42.3 3.74478708605223 34.85 34.85
"1913" "6738_1" "Limosa_limosa" 15 -0.128067342134 -0.144736238203627 0.128067342134 0.144736238203627 "no_fam" "1_no_fam" 1 51.5 3 288.4 5.66434840541079 34.85 34.85
"1914" "6741_1" "Numenius_arquata" 15 0.189501191528 0.101920819854667 0.189501191528 0.101920819854667 "no_fam" "1_no_fam" 1 53.2 3 803 6.68835471394676 34.85 34.85
"1915" "6742_1" "Tringa_totanus" 15 -0.349887884951033 -0.0366810609418333 0.349887884951033 0.0366810609418333 NA NA NA 47.2 3 129 4.85981240436167 34.85 34.85
"1916" "6744_1" "Calidris_minuta" 13 0.801608883533333 -0.1818418022455 0.801608883533333 0.1818418022455 "no_fam" "1_no_fam" 1 50.6 3 21.1 3.04927304048202 34.85 34.85
"1917" "6745_1" "Calidris_alpina" 15 -0.108831767729133 -0.024565921379 0.108831767729133 0.024565921379 "no_fam" "1_no_fam" 1 53.4 3 51.9 3.94931879017184 34.85 34.85
"1918" "6750_2" "Larus_fuscus" 14 0.0704784949306667 0.177420037266967 0.0704784949306667 0.177420037266967 NA NA NA 57.4 2 762.4 6.63647135233999 34.85 34.85
"1919" "6751_2" "Chroicocephalus_ridibundus" 13 0.622177108613333 0.0106091573134667 0.622177108613333 0.0106091573134667 NA NA NA 58.6 2 284 5.64897423816121 34.85 34.85
"1920" "6752_2" "Thalasseus_sandvicensis" 10 0.301915462800333 0.137976985189 0.301915462800333 0.137976985189 "family" "2_family" 2 69.3 3 199.8 5.29731686621445 34.85 34.85
"1921" "6783_2" "Branta_ruficollis" 9 -0.134932473471333 -0.120695323201667 0.134932473471333 0.120695323201667 NA NA NA 53.2 3 1226.5 7.11191986369854 43.58333 43.58333
"1922" "6784_1" "Tachybaptus_ruficollis" 26 0.2406977638354 -0.130615525511667 0.2406977638354 0.130615525511667 "no_fam" "1_no_fam" 1 32.2 1 169.4 5.13226278221795 39.79194 39.79194
"1923" "6787_1" "Ardea_ibis" 10 -0.0310442525406333 -0.0148448595109633 0.0310442525406333 0.0148448595109633 "no_fam" "1_no_fam" 1 29.9 2 366 5.90263333340137 39.79194 39.79194
"1924" "6787_2" "Ardea_ibis" 12 -0.00611048677473333 -0.0750748004800333 0.00611048677473333 0.0750748004800333 "no_fam" "1_no_fam" 1 29.9 2 366 5.90263333340137 39.79194 39.79194
"1925" "6788_2" "Egretta_garzetta" 10 -0.0190217271885333 -0.0404994502892667 0.0190217271885333 0.0404994502892667 "no_fam" "1_no_fam" 1 33.1 2 312 5.74300318780948 39.79194 39.79194
"1926" "6788_3" "Egretta_garzetta" 12 0.363809030069333 -0.114723755855167 0.363809030069333 0.114723755855167 "no_fam" "1_no_fam" 1 33.1 2 312 5.74300318780948 39.79194 39.79194
"1927" "6789_2" "Ardea_alba" 12 0.124089473362333 0.360779687935667 0.124089473362333 0.360779687935667 "no_fam" "1_no_fam" 1 32.1 2 871.3 6.76998634923724 39.79194 39.79194
"1928" "6791_2" "Botaurus_minutus" 12 0.5084897024532 -0.261505592993667 0.5084897024532 0.261505592993667 NA NA NA 37.2 3 99.5 4.60015764416455 39.79194 39.79194
"1929" "6792_2" "Anser_anser" 17 0.809256511466667 0.124501697171333 0.809256511466667 0.124501697171333 "family" "2_family" 2 47.2 3 3302.4 8.10240475584719 39.79194 39.79194
"1930" "6797_2" "Anas_acuta" 23 -0.741783927373333 0.04864821804743 0.741783927373333 0.04864821804743 "no_fam" "1_no_fam" 1 57.8 3 944.6 6.85076155746202 39.79194 39.79194
"1931" "6801_2" "Aythya_fuligula" 23 0.234724209250233 0.0501768182829333 0.234724209250233 0.0501768182829333 "no_fam" "1_no_fam" 1 50.1 2 701.2 6.55279315304708 39.79194 39.79194
"1932" "6803_1" "Circus_cyaneus" 17 -0.288553305631367 0.0106159407136333 0.288553305631367 0.0106159407136333 "no_fam" "1_no_fam" 1 44.7 3 393 5.97380961186926 39.79194 39.79194
"1933" "6804_1" "Porphyrio_porphyrio" 18 -0.125644110181067 -0.0393795190594 0.125644110181067 0.0393795190594 "coop_families" "3_coop_families" 3 30.5 1 773.9 6.65144266627641 39.79194 39.79194
"1934" "6808_2" "Rallus_aquaticus" 20 -0.0690826223513333 0.0337327628278333 0.0690826223513333 0.0337327628278333 "no_fam" "1_no_fam" 1 30.5 2 110.7 4.70682383971459 39.79194 39.79194
"1935" "6809_1" "Gallinago_gallinago" 23 0.00201555736433333 0.0019029034648 0.00201555736433333 0.0019029034648 NA NA NA 44.3 3 112.9 4.72650247115562 39.79194 39.79194
"1936" "6810_2" "Himantopus_himantopus" 14 -0.449127590525333 -0.133285955274133 0.449127590525333 0.133285955274133 "family" "2_family" 2 52.2 2 176.8 5.17501915020354 39.79194 39.79194
"1937" "6811_1" "Vanellus_vanellus" 24 -0.13688939571 0.161782869933 0.13688939571 0.161782869933 "no_fam" "1_no_fam" 1 40.2 2 218.4 5.38632824387075 39.79194 39.79194
"1938" "6812_1" "Tringa_erythropus" 23 -0.095439245712 -0.089389844302 0.095439245712 0.089389844302 NA NA NA 50.8 3 158 5.06259503302697 39.79194 39.79194
"1939" "6813_1" "Tringa_nebularia" 18 -0.704711859305667 0.293532661034333 0.704711859305667 0.293532661034333 NA NA NA 52.1 3 187 5.23110861685459 39.79194 39.79194
"1940" "6814_2" "Anarhynchus_alexandrinus" 20 0.303949558583067 -0.201934170891 0.303949558583067 0.201934170891 "no_fam" "1_no_fam" 1 55 2 42.3 3.74478708605223 39.79194 39.79194
"1941" "6819_1" "Larus_michahellis" 24 0.00398068986876667 0.0207083361281333 0.00398068986876667 0.0207083361281333 NA NA NA 54.6 2 1111.9 7.0138255427092 44.615 44.615
"1942" "6820_1" "Chroicocephalus_ridibundus" 24 -0.170677252768233 0.0234550982357533 0.170677252768233 0.0234550982357533 NA NA NA 58.6 2 284 5.64897423816121 44.615 44.615
"1943" "6821_1" "Chroicocephalus_genei" 24 0.263598751865133 -0.1076557365092 0.263598751865133 0.1076557365092 NA NA NA 56.9 2 281 5.63835466933375 44.615 44.615
"1944" "6822_1" "Ichthyaetus_melanocephalus" 24 -0.109249632150667 0.104871736019067 0.109249632150667 0.104871736019067 NA NA NA 57.1 2 256 5.54517744447956 44.615 44.615
"1945" "6823_1" "Gelochelidon_nilotica" 25 0.121793430622033 -0.0780570899582 0.121793430622033 0.0780570899582 "no_fam" "1_no_fam" 1 65.8 3 218.3 5.3858702635559 44.615 44.615
"1946" "6824_1" "Thalasseus_sandvicensis" 23 0.0463413693665067 -0.0906374737786667 0.0463413693665067 0.0906374737786667 "family" "2_family" 2 69.3 3 199.8 5.29731686621445 44.615 44.615
"1947" "6825_1" "Sterna_hirundo" 24 -0.0956994055414333 -0.04401106572905 0.0956994055414333 0.04401106572905 "family" "2_family" 2 67.3 3 129.2 4.8613615913485 44.615 44.615
"1948" "6826_1" "Sternula_albifrons" 21 0.130806519086133 -0.200702620111333 0.130806519086133 0.200702620111333 NA NA NA 69.8 3 57 4.04305126783455 44.615 44.615
"1949" "6858_1" "Cygnus_olor" 15 -0.119842907629333 0.0689380084095667 0.119842907629333 0.0689380084095667 "family" "2_family" 2 42.1 3 10682 9.27631536089972 46.45667 46.45667
"1950" "6859_1" "Acrocephalus_arundinaceus" 18 -0.0292623846476 0.0363965007711 0.0292623846476 0.0363965007711 "no_fam" "1_no_fam" 1 28.6 3 30 3.40119738166216 46.33333 46.33333
"1951" "6860_1" "Himantopus_himantopus" 10 0.0255980236779333 -0.0552882214822 0.0255980236779333 0.0552882214822 "family" "2_family" 2 52.2 2 176.8 5.17501915020354 45.75 45.75
"1952" "6866_2" "Sternula_albifrons" 12 -0.123809074615667 0.091460770441 0.123809074615667 0.091460770441 NA NA NA 69.8 3 57 4.04305126783455 45.75 45.75
"1953" "6868_1" "Himantopus_himantopus" 9 -0.203503049957667 0.112197285413667 0.203503049957667 0.112197285413667 "family" "2_family" 2 52.2 2 176.8 5.17501915020354 44.253693 44.253693
"1954" "6893_2" "Limosa_limosa" 17 -0.0725295645406667 -0.0202661331289 0.0725295645406667 0.0202661331289 "no_fam" "1_no_fam" 1 51.5 3 288.4 5.66434840541079 45.03333 45.03333
"1955" "6901_4" "Milvus_milvus" 12 0.65512693572 -0.0222853019050333 0.65512693572 0.0222853019050333 "family" "2_family" 2 49.9 2 1071.8 6.97709475706075 43.6 43.6
"1956" "6902_1" "Thalasseus_sandvicensis" 10 0.00152066892393333 -0.00100563333723333 0.00152066892393333 0.00100563333723333 "family" "2_family" 2 69.3 3 199.8 5.29731686621445 39.333504 39.333504
"1957" "6946_5" "Ichthyaetus_audouinii" 10 0.0184933378503 -0.0170070183632 0.0184933378503 0.0170070183632 NA NA NA 60 2 535 6.28226674689601 40.71028 40.71028
"1958" "6974_1" "Crex_crex" 12 -0.247947621448267 0.0691448688367 0.247947621448267 0.0691448688367 NA NA NA 34.1 3 154.9 5.04277974742282 45.75 45.75
"1959" "6996_2" "Podiceps_nigricollis" 16 0.177263044363 0.00301445075426667 0.177263044363 0.00301445075426667 "no_fam" "1_no_fam" 1 44 3 412.4 6.02199375214281 43.46667 43.46667
"1960" "6998_3" "Lymnocryptes_minimus" 10 0.245076525818667 0.0325551023836333 0.245076525818667 0.0325551023836333 NA NA NA 43.8 3 50.1 3.91402100809082 41.66861 41.66861
"1961" "7005_1" "Phalacrocorax_carbo" 18 0.0739042859920367 -0.103006400708 0.0739042859920367 0.103006400708 "no_fam" "1_no_fam" 1 37.1 2 2529 7.83557924666997 45.405681 45.405681
"1962" "7007_1" "Nycticorax_nycticorax" 18 0.239746878243 0.08789318647462 0.239746878243 0.08789318647462 "no_fam" "1_no_fam" 1 33.1 3 810 6.69703424766648 45.405681 45.405681
"1963" "7008_1" "Ardeola_ralloides" 18 0.186121834475 0.0458931267680333 0.186121834475 0.0458931267680333 NA "1_no_fam" 1 32.4 3 287 5.65948221575962 45.405681 45.405681
"1964" "7009_2" "Ardea_alba" 9 -0.805619035435667 0.562208521735667 0.805619035435667 0.562208521735667 "no_fam" "1_no_fam" 1 32.1 2 871.3 6.76998634923724 45.405681 45.405681
"1965" "7010_1" "Egretta_garzetta" 18 0.00185648915403333 0.289219142616 0.00185648915403333 0.289219142616 "no_fam" "1_no_fam" 1 33.1 2 312 5.74300318780948 45.405681 45.405681
"1966" "7011_1" "Ardea_cinerea" 18 0.552224090311333 -0.240296020704033 0.552224090311333 0.240296020704033 NA "1_no_fam" 1 34.6 1 1443 7.27447955877387 45.405681 45.405681
"1967" "7014_5" "Cygnus_olor" 11 0.1338466860665 0.285541202771467 0.1338466860665 0.285541202771467 "family" "2_family" 2 42.1 3 10682 9.27631536089972 46.5 46.5
"1968" "7015_2" "Nycticorax_nycticorax" 22 0.0482368307103333 0.0309973928657767 0.0482368307103333 0.0309973928657767 "no_fam" "1_no_fam" 1 33.1 3 810 6.69703424766648 46.5 46.5
"1969" "7016_1" "Phoenicopterus_roseus" 25 -0.171393380214333 0.0326430245963333 0.171393380214333 0.0326430245963333 NA NA NA 41.6 2 3031.6 8.01684581193787 34.73333 34.73333
"1970" "7019_1" "Mareca_penelope" 9 -0.0172593737193333 0.3113362229391 0.0172593737193333 0.3113362229391 "no_fam" "1_no_fam" 1 57.2 3 770 6.64639051484773 30.21667 30.21667
"1971" "7021_1" "Anas_platyrhynchos" 13 0.492512379016 -0.244720019681667 0.492512379016 0.244720019681667 "no_fam" "1_no_fam" 1 50.7 2 843.4 6.73744134131246 30.21667 30.21667
"1972" "7022_1" "Anas_acuta" 13 -0.383657054581733 0.188729081262667 0.383657054581733 0.188729081262667 "no_fam" "1_no_fam" 1 57.8 3 944.6 6.85076155746202 30.21667 30.21667
"1973" "7023_1" "Spatula_clypeata" 13 0.0597419164456667 0.0893606101821 0.0597419164456667 0.0893606101821 "no_fam" "1_no_fam" 1 58 3 612.6 6.41771219439867 30.21667 30.21667
"1974" "7025_1" "Aythya_ferina" 13 0.223975726396 -0.00793890364856667 0.223975726396 0.00793890364856667 "no_fam" "1_no_fam" 1 50.1 1 823 6.71295620067707 30.21667 30.21667
"1975" "7026_1" "Aythya_fuligula" 13 0.313969111816 -0.0173436482861 0.313969111816 0.0173436482861 "no_fam" "1_no_fam" 1 50.1 2 701.2 6.55279315304708 30.21667 30.21667
"1976" "7027_1" "Tachybaptus_ruficollis" 17 0.001384511367 -0.169623685372667 0.001384511367 0.169623685372667 "no_fam" "1_no_fam" 1 32.2 1 169.4 5.13226278221795 30.21667 30.21667
"1977" "7028_1" "Ardea_cinerea" 17 -0.149735772697667 0.0662099158666667 0.149735772697667 0.0662099158666667 NA "1_no_fam" 1 34.6 1 1443 7.27447955877387 30.21667 30.21667
"1978" "7029_1" "Phalacrocorax_carbo" 17 -0.187502232176133 0.10559157537727 0.187502232176133 0.10559157537727 "no_fam" "1_no_fam" 1 37.1 2 2529 7.83557924666997 30.21667 30.21667
"1979" "7030_1" "Egretta_garzetta" 15 -0.210703867410767 0.1894120010039 0.210703867410767 0.1894120010039 "no_fam" "1_no_fam" 1 33.1 2 312 5.74300318780948 30.21667 30.21667
"1980" "7033_1" "Platalea_leucorodia" 17 0.217359099019467 -0.0583210347692667 0.217359099019467 0.0583210347692667 "no_fam" "1_no_fam" 1 40.4 2 1868 7.53262361878879 30.21667 30.21667
"1981" "7034_1" "Phoenicopterus_roseus" 13 0.1482022786887 -0.0182859188514333 0.1482022786887 0.0182859188514333 NA NA NA 41.6 2 3031.6 8.01684581193787 30.21667 30.21667
"1982" "7037_1" "Fulica_atra" 17 -0.0766222730797 -0.190567813845633 0.0766222730797 0.190567813845633 "coop_families" "3_coop_families" 3 39.6 1 717.1 6.57521530088853 30.21667 30.21667
"1983" "7038_1" "Haematopus_ostralegus" 17 -0.225670969733667 -0.07621320193 0.225670969733667 0.07621320193 "no_fam" "1_no_fam" 1 51.2 1 526 6.26530121273771 30.21667 30.21667
"1984" "7039_3" "Himantopus_himantopus" 9 0.518032359049 -0.0166476113253333 0.518032359049 0.0166476113253333 "family" "2_family" 2 52.2 2 176.8 5.17501915020354 30.21667 30.21667
"1985" "7040_1" "Pluvialis_squatarola" 15 -0.66953267021 -0.0679561693043333 0.66953267021 0.0679561693043333 "no_fam" "1_no_fam" 1 60.1 3 250 5.52146091786225 30.21667 30.21667
"1986" "7047_1" "Tringa_totanus" 17 -0.2035546979949 0.201973583730033 0.2035546979949 0.201973583730033 NA NA NA 47.2 3 129 4.85981240436167 30.21667 30.21667
"1987" "7055_2" "Larus_fuscus" 11 -0.706497366315667 0.149705660864333 0.706497366315667 0.149705660864333 NA NA NA 57.4 2 762.4 6.63647135233999 30.21667 30.21667
"1988" "7056_2" "Chroicocephalus_ridibundus" 11 -0.418526140311667 -0.0342604805374667 0.418526140311667 0.0342604805374667 NA NA NA 58.6 2 284 5.64897423816121 30.21667 30.21667
"1989" "7058_1" "Pandion_haliaetus" 13 0.323535345158667 -0.135727949300333 0.323535345158667 0.135727949300333 "no_fam" "1_no_fam" 1 44.9 3 1483.2 7.30195719481159 30.21667 30.21667
"1990" "7061_1" "Limosa_lapponica" 13 0.209494911793967 -0.297714266165333 0.209494911793967 0.297714266165333 "no_fam" "1_no_fam" 1 56.6 3 291.7 5.67572587687368 39.82278 39.82278
"1991" "7065_3" "Anser_fabalis" 11 0.1985693279802 0.1413025073263 0.1985693279802 0.1413025073263 "family" "2_family" 2 50.1 3 2754.7 7.92106382273579 41.83333 41.83333
"1992" "7067_4" "Anas_crecca" 10 0.4838452676449 -0.359990158395667 0.4838452676449 0.359990158395667 NA "1_no_fam" 1 53.1 2 341.9 5.83451829664526 41.83333 41.83333
"1993" "7069_5" "Spatula_clypeata" 10 -0.155768740304667 -0.288579784200667 0.155768740304667 0.288579784200667 "no_fam" "1_no_fam" 1 58 3 612.6 6.41771219439867 41.83333 41.83333
"1994" "7084_1" "Recurvirostra_avosetta" 13 -0.07504702961255 -0.115108490835333 0.07504702961255 0.115108490835333 "family" "2_family" 2 49.7 2 304 5.71702770140622 39.82278 39.82278
"1995" "7085_1" "Chroicocephalus_ridibundus" 13 0.0705469562839333 0.00957081656632667 0.0705469562839333 0.00957081656632667 NA NA NA 58.6 2 284 5.64897423816121 40.67389 40.67389
"1996" "7086_1" "Chroicocephalus_ridibundus" 12 0.0724263112616 -0.0968118843518 0.0724263112616 0.0968118843518 NA NA NA 58.6 2 284 5.64897423816121 39.82278 39.82278
"1997" "7087_1" "Limosa_limosa" 13 0.0609833902612667 0.1124465986918 0.0609833902612667 0.1124465986918 "no_fam" "1_no_fam" 1 51.5 3 288.4 5.66434840541079 40.67389 40.67389
"1998" "7088_1" "Limosa_limosa" 12 -0.165015830171233 0.0101901533865 0.165015830171233 0.0101901533865 "no_fam" "1_no_fam" 1 51.5 3 288.4 5.66434840541079 39.82278 39.82278
"1999" "7092_1" "Phalacrocorax_carbo" 13 0.050291091822 0.00589184104143333 0.050291091822 0.00589184104143333 "no_fam" "1_no_fam" 1 37.1 2 2529 7.83557924666997 39.82278 39.82278
"2000" "7093_1" "Numenius_arquata" 13 0.1988587361181 -0.130668483757933 0.1988587361181 0.130668483757933 "no_fam" "1_no_fam" 1 53.2 3 803 6.68835471394676 40.67389 40.67389
"2001" "7097_1" "Larus_marinus" 11 0.147183185255833 -0.217420463780667 0.147183185255833 0.217420463780667 NA NA NA 52.3 2 1649.7 7.40834873218188 39.82278 39.82278
"2002" "7098_1" "Podiceps_cristatus" 13 0.375888939911667 0.169550203553167 0.375888939911667 0.169550203553167 "family" "2_family" 2 42.9 1 731 6.59441345974978 40.67389 40.67389
"2003" "7100_1" "Pluvialis_apricaria" 12 -0.350193175105 -0.0670158024876667 0.350193175105 0.0670158024876667 NA "1_no_fam" 1 57.4 3 214 5.36597601502185 39.82278 39.82278
"2004" "710092_1" "Struthio_camelus" 17 0.178719221138667 -0.104539166195833 0.178719221138667 0.104539166195833 "family" "2_family" 2 0.1 1 111000 11.6172854802945 -19.845136 19.845136
"2005" "710093_1" "Struthio_camelus" 17 -0.524459817371333 0.271516604027 0.524459817371333 0.271516604027 "family" "2_family" 2 0.1 1 111000 11.6172854802945 -19.299201 19.299201
"2006" "710094_1" "Struthio_camelus" 17 -0.227253829304333 0.0902319418777333 0.227253829304333 0.0902319418777333 "family" "2_family" 2 0.1 1 111000 11.6172854802945 -20.66473 20.66473
"2007" "710095_1" "Struthio_camelus" 11 0.436934425360033 -0.245877318765667 0.436934425360033 0.245877318765667 "family" "2_family" 2 0.1 1 111000 11.6172854802945 -19.116489 19.116489
"2008" "710098_1" "Struthio_camelus" 17 0.206791463542067 0.06983654221 0.206791463542067 0.06983654221 "family" "2_family" 2 0.1 1 111000 11.6172854802945 -17.429808 17.429808
"2009" "7101_1" "Pluvialis_squatarola" 11 0.161520659658 0.267527807446667 0.161520659658 0.267527807446667 "no_fam" "1_no_fam" 1 60.1 3 250 5.52146091786225 40.67389 40.67389
"2010" "710100_1" "Struthio_camelus" 15 0.135534502825333 -0.1100028417278 0.135534502825333 0.1100028417278 "family" "2_family" 2 0.1 1 111000 11.6172854802945 -18.628175 18.628175
"2011" "710101_2" "Struthio_camelus" 15 0.183492392492333 -0.216041495656967 0.183492392492333 0.216041495656967 "family" "2_family" 2 0.1 1 111000 11.6172854802945 -18.25724 18.25724
"2012" "710102_1" "Struthio_camelus" 17 0.256688505612867 -0.1260036395704 0.256688505612867 0.1260036395704 "family" "2_family" 2 0.1 1 111000 11.6172854802945 -19.178678 19.178678
"2013" "710105_1" "Struthio_camelus" 17 0.1477846418921 0.0415129657920667 0.1477846418921 0.0415129657920667 "family" "2_family" 2 0.1 1 111000 11.6172854802945 -17.933221 17.933221
"2014" "710106_2" "Struthio_camelus" 14 0.258028359510267 -0.106623737044333 0.258028359510267 0.106623737044333 "family" "2_family" 2 0.1 1 111000 11.6172854802945 -18.791559 18.791559
"2015" "710107_1" "Struthio_camelus" 14 0.125481795225167 -0.00389936372583333 0.125481795225167 0.00389936372583333 "family" "2_family" 2 0.1 1 111000 11.6172854802945 -18.748549 18.748549
"2016" "710113_1" "Struthio_camelus" 17 0.1310570937506 -0.0112984059682333 0.1310570937506 0.0112984059682333 "family" "2_family" 2 0.1 1 111000 11.6172854802945 -19.8109 19.8109
"2017" "710114_1" "Struthio_camelus" 17 0.0562985400587333 -0.122866784919867 0.0562985400587333 0.122866784919867 "family" "2_family" 2 0.1 1 111000 11.6172854802945 -18.845209 18.845209
"2018" "710115_1" "Struthio_camelus" 17 0.738946545083333 -0.157052797376 0.738946545083333 0.157052797376 "family" "2_family" 2 0.1 1 111000 11.6172854802945 -18.19587 18.19587
"2019" "710116_1" "Struthio_camelus" 17 -0.359657464811333 0.183340799350667 0.359657464811333 0.183340799350667 "family" "2_family" 2 0.1 1 111000 11.6172854802945 -19.107503 19.107503
"2020" "710117_1" "Struthio_camelus" 17 -0.054709319153 -0.0220729025023333 0.054709319153 0.0220729025023333 "family" "2_family" 2 0.1 1 111000 11.6172854802945 -20.780045 20.780045
"2021" "710118_1" "Struthio_camelus" 17 0.63147595101 -0.255533945303333 0.63147595101 0.255533945303333 "family" "2_family" 2 0.1 1 111000 11.6172854802945 -20.359483 20.359483
"2022" "710119_1" "Struthio_camelus" 17 -0.440777565566333 0.217550636860833 0.440777565566333 0.217550636860833 "family" "2_family" 2 0.1 1 111000 11.6172854802945 -21.337136 21.337136
"2023" "7102_1" "Pluvialis_squatarola" 13 0.159852730074067 -0.145209576177 0.159852730074067 0.145209576177 "no_fam" "1_no_fam" 1 60.1 3 250 5.52146091786225 39.82278 39.82278
"2024" "7104_1" "Calidris_canutus" 13 0.581537173636333 -0.451737772925333 0.581537173636333 0.451737772925333 "no_fam" "1_no_fam" 1 57.9 3 141.9 4.955122584166 39.82278 39.82278
"2025" "7105_1" "Vanellus_vanellus" 13 0.361806783487777 0.390486715721667 0.361806783487777 0.390486715721667 "no_fam" "1_no_fam" 1 40.2 2 218.4 5.38632824387075 40.67389 40.67389
"2026" "7107_1" "Calidris_minuta" 13 -0.121607874319167 -0.0850781311970667 0.121607874319167 0.0850781311970667 "no_fam" "1_no_fam" 1 50.6 3 21.1 3.04927304048202 40.67389 40.67389
"2027" "7163_1" "Haematopus_ostralegus" 12 0.347457991704667 -0.267861004825 0.347457991704667 0.267861004825 "no_fam" "1_no_fam" 1 51.2 1 526 6.26530121273771 39.82278 39.82278
"2028" "7166_1" "Mergus_merganser" 23 0.1066713966274 0.0105303674438667 0.1066713966274 0.0105303674438667 "no_fam" "1_no_fam" 1 46 3 1451 7.28000825288419 39.82278 39.82278
"2029" "7169_4" "Tachybaptus_ruficollis" 23 -0.174424234309667 -0.317555412774333 0.174424234309667 0.317555412774333 "no_fam" "1_no_fam" 1 32.2 1 169.4 5.13226278221795 40.71028 40.71028
"2030" "7171_4" "Podiceps_nigricollis" 23 0.1663101209425 0.0549123032013 0.1663101209425 0.0549123032013 "no_fam" "1_no_fam" 1 44 3 412.4 6.02199375214281 40.71028 40.71028
"2031" "7175_3" "Ardea_ibis" 20 -0.119183146216867 0.00494597431224667 0.119183146216867 0.00494597431224667 "no_fam" "1_no_fam" 1 29.9 2 366 5.90263333340137 40.71028 40.71028
"2032" "7176_4" "Egretta_garzetta" 20 0.160600125696667 -0.0941936219366 0.160600125696667 0.0941936219366 "no_fam" "1_no_fam" 1 33.1 2 312 5.74300318780948 40.71028 40.71028
"2033" "7177_2" "Ardea_alba" 19 -0.00765523916183333 0.0412472578442 0.00765523916183333 0.0412472578442 "no_fam" "1_no_fam" 1 32.1 2 871.3 6.76998634923724 40.71028 40.71028
"2034" "7179_2" "Plegadis_falcinellus" 15 0.138650707812667 0.0579515571416667 0.138650707812667 0.0579515571416667 NA "1_no_fam" 1 38.9 2 626.6 6.44030837851809 40.71028 40.71028
"2035" "7180_3" "Platalea_leucorodia" 15 -0.159533056307333 -0.110491432831533 0.159533056307333 0.110491432831533 "no_fam" "1_no_fam" 1 40.4 2 1868 7.53262361878879 40.71028 40.71028
"2036" "7181_4" "Phoenicopterus_roseus" 23 0.196138672582367 0.0935716205436333 0.196138672582367 0.0935716205436333 NA NA NA 41.6 2 3031.6 8.01684581193787 40.71028 40.71028
"2037" "7182_4" "Anser_anser" 23 -0.0596871978707 -0.0647724838469 0.0596871978707 0.0647724838469 "family" "2_family" 2 47.2 3 3302.4 8.10240475584719 40.71028 40.71028
"2038" "7188_1" "Anas_acuta" 10 0.178370540917 -0.202038670668333 0.178370540917 0.202038670668333 "no_fam" "1_no_fam" 1 57.8 3 944.6 6.85076155746202 40.71028 40.71028
"2039" "7188_2" "Anas_acuta" 23 0.143559894888 -0.0493746191959 0.143559894888 0.0493746191959 "no_fam" "1_no_fam" 1 57.8 3 944.6 6.85076155746202 40.71028 40.71028
"2040" "7192_1" "Aythya_fuligula" 10 0.561539676161 -0.181070426448 0.561539676161 0.181070426448 "no_fam" "1_no_fam" 1 50.1 2 701.2 6.55279315304708 40.71028 40.71028
"2041" "7192_2" "Aythya_fuligula" 23 0.442843098531667 0.239388701727367 0.442843098531667 0.239388701727367 "no_fam" "1_no_fam" 1 50.1 2 701.2 6.55279315304708 40.71028 40.71028
"2042" "7198_1" "Circus_cyaneus" 17 -0.6575568774 -0.182216041501533 0.6575568774 0.182216041501533 "no_fam" "1_no_fam" 1 44.7 3 393 5.97380961186926 40.71028 40.71028
"2043" "7206_3" "Charadrius_hiaticula" 23 -0.0525989296569 0.105570004243133 0.0525989296569 0.105570004243133 "no_fam" "1_no_fam" 1 53.5 2 64 4.15888308335967 40.71028 40.71028
"2044" "7207_3" "Anarhynchus_alexandrinus" 23 -0.293673540346667 0.0226302148340233 0.293673540346667 0.0226302148340233 "no_fam" "1_no_fam" 1 55 2 42.3 3.74478708605223 40.71028 40.71028
"2045" "7210_3" "Vanellus_vanellus" 23 0.00407476212933333 -0.0466762549045667 0.00407476212933333 0.0466762549045667 "no_fam" "1_no_fam" 1 40.2 2 218.4 5.38632824387075 40.71028 40.71028
"2046" "7212_4" "Calidris_alba" 23 -0.363383690966667 0.130760168119833 0.363383690966667 0.130760168119833 "no_fam" "1_no_fam" 1 52.3 3 51.7 3.94545778151438 40.71028 40.71028
"2047" "7213_3" "Calidris_minuta" 23 -0.186896877390833 0.0653103272213333 0.186896877390833 0.0653103272213333 "no_fam" "1_no_fam" 1 50.6 3 21.1 3.04927304048202 40.71028 40.71028
"2048" "7215_3" "Calidris_alpina" 23 0.0320330539235667 0.0981382868462667 0.0320330539235667 0.0981382868462667 "no_fam" "1_no_fam" 1 53.4 3 51.9 3.94931879017184 40.71028 40.71028
"2049" "7216_2" "Calidris_pugnax" 23 -0.352219509020667 -0.00118184518643333 0.352219509020667 0.00118184518643333 "no_fam" "1_no_fam" 1 51 3 131.7 4.88052660874924 40.71028 40.71028
"2050" "7217_3" "Gallinago_gallinago" 23 -0.04008177396451 0.0424273476248667 0.04008177396451 0.0424273476248667 NA NA NA 44.3 3 112.9 4.72650247115562 40.71028 40.71028
"2051" "7220_4" "Arenaria_interpres" 23 0.038129313796 0.0245699344437 0.038129313796 0.0245699344437 "no_fam" "1_no_fam" 1 55.6 3 136 4.91265488573605 40.71028 40.71028
"2052" "7226_3" "Numenius_arquata" 23 0.583334398102567 0.0910943979651 0.583334398102567 0.0910943979651 "no_fam" "1_no_fam" 1 53.2 3 803 6.68835471394676 40.71028 40.71028
"2053" "7228_3" "Tringa_erythropus" 23 -0.117550859051 -0.0649347132537 0.117550859051 0.0649347132537 NA NA NA 50.8 3 158 5.06259503302697 40.71028 40.71028
"2054" "7229_3" "Tringa_glareola" 15 0.559554378878667 0.0348171057917 0.559554378878667 0.0348171057917 "no_fam" "1_no_fam" 1 48.4 3 62.1 4.12874598893943 40.71028 40.71028
"2055" "7230_3" "Tringa_nebularia" 23 0.269148863782667 -0.06411929716842 0.269148863782667 0.06411929716842 NA NA NA 52.1 3 187 5.23110861685459 40.71028 40.71028
"2056" "7231_4" "Tringa_ochropus" 21 0.004070166364 0.0339561785823333 0.004070166364 0.0339561785823333 NA NA NA 45.8 3 71.4 4.26829786934554 40.71028 40.71028
"2057" "7232_3" "Tringa_totanus" 23 -0.0175424271528333 -0.00337986064733333 0.0175424271528333 0.00337986064733333 NA NA NA 47.2 3 129 4.85981240436167 40.71028 40.71028
"2058" "7234_2" "Phalacrocorax_carbo" 29 0.0398628442444333 -0.0213072774642333 0.0398628442444333 0.0213072774642333 "no_fam" "1_no_fam" 1 37.1 2 2529 7.83557924666997 45.8 45.8
"2059" "7235_1" "Microcarbo_pygmaeus" 10 0.130564257424333 0.296167819235333 0.130564257424333 0.296167819235333 "no_fam" "1_no_fam" 1 31.8 2 676 6.51619307604296 45.8 45.8
"2060" "7235_2" "Microcarbo_pygmaeus" 13 0.682620153428 -0.399207201842767 0.682620153428 0.399207201842767 "no_fam" "1_no_fam" 1 31.8 2 676 6.51619307604296 45.8 45.8
"2061" "7237_1" "Ardea_cinerea" 16 -0.01338087846977 -0.0366118225192 0.01338087846977 0.0366118225192 NA "1_no_fam" 1 34.6 1 1443 7.27447955877387 45.8 45.8
"2062" "7239_2" "Egretta_garzetta" 21 -0.00181493879523333 -0.0308547884774 0.00181493879523333 0.0308547884774 "no_fam" "1_no_fam" 1 33.1 2 312 5.74300318780948 45.8 45.8
"2063" "7240_2" "Ardeola_ralloides" 9 -0.38262574828 0.403053040083667 0.38262574828 0.403053040083667 NA "1_no_fam" 1 32.4 3 287 5.65948221575962 45.8 45.8
"2064" "7290_1" "Phalacrocorax_carbo" 17 0.330476893899667 0.1736736000959 0.330476893899667 0.1736736000959 "no_fam" "1_no_fam" 1 37.1 2 2529 7.83557924666997 46.4 46.4
"2065" "7301_1" "Phalacrocorax_carbo" 16 -0.0654986280140333 -0.0426587140539667 0.0654986280140333 0.0426587140539667 "no_fam" "1_no_fam" 1 37.1 2 2529 7.83557924666997 46.25 46.25
"2066" "7318_1" "Phalacrocorax_carbo" 11 -0.0196320238978 -0.03736089266086 0.0196320238978 0.03736089266086 "no_fam" "1_no_fam" 1 37.1 2 2529 7.83557924666997 46.25 46.25
"2067" "7330_1" "Phalacrocorax_carbo" 32 -0.0291136311823 -0.07241984165885 0.0291136311823 0.07241984165885 "no_fam" "1_no_fam" 1 37.1 2 2529 7.83557924666997 45.9 45.9
"2068" "7331_2" "Ardeola_ralloides" 10 0.00821165029843333 -0.0129045399855667 0.00821165029843333 0.0129045399855667 NA "1_no_fam" 1 32.4 3 287 5.65948221575962 45.9 45.9
"2069" "7332_1" "Ardea_alba" 15 0.228564912332667 -0.116527434546333 0.228564912332667 0.116527434546333 "no_fam" "1_no_fam" 1 32.1 2 871.3 6.76998634923724 45.9 45.9
"2070" "7333_1" "Egretta_garzetta" 15 -0.0187187288285 -0.0860237026041533 0.0187187288285 0.0860237026041533 "no_fam" "1_no_fam" 1 33.1 2 312 5.74300318780948 45.9 45.9
"2071" "7334_1" "Ardea_cinerea" 15 0.0581560988078333 -0.0390897575815 0.0581560988078333 0.0390897575815 NA "1_no_fam" 1 34.6 1 1443 7.27447955877387 45.9 45.9
"2072" "7339_1" "Mareca_strepera" 15 -0.1068251572513 0.1475258470339 0.1068251572513 0.1475258470339 "no_fam" "1_no_fam" 1 54.8 2 915.6 6.81957958807841 45.9 45.9
"2073" "7340_1" "Netta_rufina" 15 -0.2331513125728 -0.0591106392566667 0.2331513125728 0.0591106392566667 "no_fam" "1_no_fam" 1 47.5 2 1118 7.01929665371504 45.9 45.9
"2074" "7343_1" "Gallinula_chloropus" 15 0.287546401735333 -0.0083873184517 0.287546401735333 0.0083873184517 "coop_families" "3_coop_families" 3 32.2 1 339.6 5.82776845443719 45.9 45.9
"2075" "7345_1" "Haematopus_ostralegus" 15 0.0747725502608333 -0.1134227548491 0.0747725502608333 0.1134227548491 "no_fam" "1_no_fam" 1 51.2 1 526 6.26530121273771 45.9 45.9
"2076" "7346_1" "Ichthyaetus_ichthyaetus" 15 0.318463927019267 -0.0166748787616667 0.318463927019267 0.0166748787616667 NA NA NA 54.7 3 1378.8 7.22896883464271 45.9 45.9
"2077" "7347_1" "Larus_cachinnans" 15 0.0363511085475333 -0.0102425195219333 0.0363511085475333 0.0102425195219333 NA NA NA 56.5 3 1111.9 7.0138255427092 45.9 45.9
"2078" "7348_1" "Hydroprogne_caspia" 15 0.0722919450470333 -0.0540715845958 0.0722919450470333 0.0540715845958 "family" "2_family" 2 65.1 3 655 6.48463523563525 45.9 45.9
"2079" "7371_1" "Ardea_purpurea" 26 -0.104701925155133 0.0475644293799273 0.104701925155133 0.0475644293799273 "no_fam" "1_no_fam" 1 33.9 3 1064.5 6.97026048433353 43.56667 43.56667
"2080" "7372_1" "Ardea_purpurea" 26 0.184346811018433 0.0603910762633533 0.184346811018433 0.0603910762633533 "no_fam" "1_no_fam" 1 33.9 3 1064.5 6.97026048433353 43.66667 43.66667
"2081" "7374_1" "Egretta_garzetta" 35 -0.0976216245584333 0.0430871631451367 0.0976216245584333 0.0430871631451367 "no_fam" "1_no_fam" 1 33.1 2 312 5.74300318780948 43.56667 43.56667
"2082" "7375_3" "Ardea_ibis" 36 0.053544667470325 0.0172025385916667 0.053544667470325 0.0172025385916667 "no_fam" "1_no_fam" 1 29.9 2 366 5.90263333340137 43.56667 43.56667
"2083" "7377_1" "Nycticorax_nycticorax" 35 0.1453656060972 0.0167653071025633 0.1453656060972 0.0167653071025633 "no_fam" "1_no_fam" 1 33.1 3 810 6.69703424766648 43.56667 43.56667
"2084" "7378_1" "Ardeola_ralloides" 35 0.286742069831333 -0.00104557615406333 0.286742069831333 0.00104557615406333 NA "1_no_fam" 1 32.4 3 287 5.65948221575962 43.56667 43.56667
"2085" "7387_1" "Anas_acuta" 33 -0.0361205518556667 0.0677915911424333 0.0361205518556667 0.0677915911424333 "no_fam" "1_no_fam" 1 57.8 3 944.6 6.85076155746202 43.56667 43.56667
"2086" "7392_1" "Aythya_fuligula" 33 -0.3506800914743 0.0507895935138333 0.3506800914743 0.0507895935138333 "no_fam" "1_no_fam" 1 50.1 2 701.2 6.55279315304708 43.56667 43.56667
"2087" "7397_1" "Glareola_pratincola" 16 0.102304941356483 -0.0188693501727633 0.102304941356483 0.0188693501727633 "no_fam" "1_no_fam" 1 60.7 3 84.9 4.4414740933173 43.56667 43.56667
"2088" "7399_11" "Chroicocephalus_genei" 9 0.341013477983333 0.0946502233096333 0.341013477983333 0.0946502233096333 NA NA NA 56.9 2 281 5.63835466933375 43.56667 43.56667
"2089" "7749_1" "Calidris_temminckii" 9 9.71627964333334e-05 0.0269500493973 9.71627964333334e-05 0.0269500493973 "no_fam" "1_no_fam" 1 50 3 23 3.13549421592915 63.86667 63.86667
"2090" "7815_1" "Phoebetria_fusca" 26 0.130799948428333 0.000649034764953333 0.130799948428333 0.000649034764953333 "no_fam" "1_no_fam" 1 68.3 2 2553.7 7.84529856688974 -46.41667 46.41667
"2091" "7816_1" "Phoebetria_palpebrata" 25 -0.00326650133999567 -0.0007049509889831 0.00326650133999567 0.0007049509889831 "no_fam" "1_no_fam" 1 69 2 3150 8.05515773181968 -46.41667 46.41667
"2092" "7817_1" "Macronectes_halli" 25 -0.0108406775748667 -0.000960357031723333 0.0108406775748667 0.000960357031723333 "no_fam" "1_no_fam" 1 43.7 2 4206.3 8.34433868039519 -46.41667 46.41667
"2093" "7818_1" "Macronectes_giganteus" 25 -0.00199881251012667 -0.000876176284789333 0.00199881251012667 0.000876176284789333 "no_fam" "1_no_fam" 1 44.8 2 3591.7 8.18638090700323 -46.41667 46.41667
"2094" "782_2" "Platalea_minor" 12 0.377193365474667 0.00909202742698667 0.377193365474667 0.00909202742698667 "no_fam" "1_no_fam" 1 40.1 2 1228 7.11314210870709 22.3525 22.3525
"2095" "7822_1" "Diomedea_exulans" 40 -0.0254886613101167 -0.00480671287652333 0.0254886613101167 0.00480671287652333 "no_fam" "1_no_fam" 1 56.4 2 6961.3 8.84812151749615 -46.41667 46.41667
"2096" "8011_1" "Rissa_tridactyla" 41 0.0172565685024667 -0.0318961727638577 0.0172565685024667 0.0318961727638577 "no_fam" "1_no_fam" 1 59.4 2 416 6.03068526026126 68.81361 68.81361
"2097" "8090_1" "Gavia_stellata" 9 0.012813420007 0.0458742599142 0.012813420007 0.0458742599142 "no_fam" "1_no_fam" 1 47.6 3 1486 7.3038432252777 72.5 72.5
"2098" "8096_1" "Charadrius_hiaticula" 19 -0.0209710897994 -0.0629004982202333 0.0209710897994 0.0629004982202333 "no_fam" "1_no_fam" 1 53.5 2 64 4.15888308335967 72.5 72.5
"2099" "8097_1" "Calidris_canutus" 19 0.0446541160116667 0.00772373453458 0.0446541160116667 0.00772373453458 "no_fam" "1_no_fam" 1 57.9 3 141.9 4.955122584166 72.5 72.5
"2100" "8098_1" "Calidris_alba" 19 -0.0682445765080333 -0.115980168716333 0.0682445765080333 0.115980168716333 "no_fam" "1_no_fam" 1 52.3 3 51.7 3.94545778151438 72.5 72.5
"2101" "8099_1" "Calidris_alpina" 19 0.212984057031 0.0374410088038333 0.212984057031 0.0374410088038333 "no_fam" "1_no_fam" 1 53.4 3 51.9 3.94931879017184 72.5 72.5
"2102" "8100_1" "Arenaria_interpres" 19 -0.03792275498 -0.0605936531926 0.03792275498 0.0605936531926 "no_fam" "1_no_fam" 1 55.6 3 136 4.91265488573605 72.5 72.5
"2103" "8129_3" "Fratercula_arctica" 9 -0.0380566073292667 0.033078128503 0.0380566073292667 0.033078128503 "no_fam" "1_no_fam" 1 51.6 3 593 6.38519439899773 69.17111 69.17111
"2104" "8157_1" "Eudyptula_minor" 30 -0.0429579978154333 -0.0132984769945333 0.0429579978154333 0.0132984769945333 "no_fam" "1_no_fam" 1 5.6 2 1107.8 7.010131345599 -38.45 38.45
"2105" "8166_2" "Cepphus_grylle" 17 0.0204798141143 -0.00389599384092867 0.0204798141143 0.00389599384092867 "no_fam" "1_no_fam" 1 43.1 3 378 5.93489419561959 65.37361 65.37361
"2106" "8167_1" "Cepphus_grylle" 27 0.004185092354669 0.0582661804188333 0.004185092354669 0.0582661804188333 "no_fam" "1_no_fam" 1 43.1 3 378 5.93489419561959 71.23778 71.23778
"2107" "8237_1" "Somateria_spectabilis" 11 -0.097188906699 0.0567076491573333 0.097188906699 0.0567076491573333 "no_fam" "1_no_fam" 1 48.9 3 1616.7 7.38814231360756 74.08333 74.08333
"2108" "8238_1" "Clangula_hyemalis" 12 0.06298088653335 0.0115432310631667 0.06298088653335 0.0115432310631667 "no_fam" "1_no_fam" 1 50.9 3 871 6.7696419768525 74.08333 74.08333
"2109" "8240_1" "Charadrius_hiaticula" 12 -0.161215382696767 -0.0071195637104 0.161215382696767 0.0071195637104 "no_fam" "1_no_fam" 1 53.5 2 64 4.15888308335967 74.08333 74.08333
"2110" "8241_1" "Calidris_canutus" 12 -0.0635763440465333 0.0256029509513 0.0635763440465333 0.0256029509513 "no_fam" "1_no_fam" 1 57.9 3 141.9 4.955122584166 74.08333 74.08333
"2111" "8242_1" "Calidris_alba" 12 -0.1432676561483 -0.0377241772876067 0.1432676561483 0.0377241772876067 "no_fam" "1_no_fam" 1 52.3 3 51.7 3.94545778151438 74.08333 74.08333
"2112" "8243_1" "Calidris_alpina" 12 -0.0256856593384333 0.00767026322868667 0.0256856593384333 0.00767026322868667 "no_fam" "1_no_fam" 1 53.4 3 51.9 3.94931879017184 74.08333 74.08333
"2113" "8244_1" "Phalaropus_lobatus" 12 0.157329643985883 0.216752890358 0.157329643985883 0.216752890358 "no_fam" "1_no_fam" 1 49.6 3 36.7 3.60277675506052 74.08333 74.08333
"2114" "8246_1" "Stercorarius_longicaudus" 12 0.0100395731401 -0.00815938803832 0.0100395731401 0.00815938803832 "no_fam" "1_no_fam" 1 60.2 3 287.9 5.66261319761813 74.08333 74.08333
"2115" "8247_1" "Arenaria_interpres" 12 -0.049496614744 -0.0440002292060667 0.049496614744 0.0440002292060667 "no_fam" "1_no_fam" 1 55.6 3 136 4.91265488573605 74.08333 74.08333
"2116" "8249_1" "Plectrophenax_nivalis" 12 0.18687873129 0.119831016933 0.18687873129 0.119831016933 "no_fam" "1_no_fam" 1 38.6 3 42.2 3.74242022104197 74.08333 74.08333
"2117" "8251_1" "Haliaeetus_albicilla" 57 0.0165346557262 -0.00115871483271667 0.0165346557262 0.00115871483271667 "no_fam" "1_no_fam" 1 38 2 4729.3 8.46153247899081 65 65
"2118" "8252_1" "Haliaeetus_albicilla" 13 -0.143327978076667 -0.0031053752707 0.143327978076667 0.0031053752707 "no_fam" "1_no_fam" 1 38 2 4729.3 8.46153247899081 56.16667 56.16667
"2119" "8275_1" "Haliaeetus_albicilla" 57 0.000514152148387333 0.00129612010031033 0.000514152148387333 0.00129612010031033 "no_fam" "1_no_fam" 1 38 2 4729.3 8.46153247899081 68 68
"2120" "8276_1" "Haliaeetus_albicilla" 37 0.00321451477814667 0.00282235965708333 0.00321451477814667 0.00282235965708333 "no_fam" "1_no_fam" 1 38 2 4729.3 8.46153247899081 68 68
"2121" "8412_1" "Uria_aalge" 9 0.233681135113333 0.00838840360937667 0.233681135113333 0.00838840360937667 "no_fam" "1_no_fam" 1 57.5 3 991.9 6.89962229575195 64.58333 64.58333
"2122" "8422_1" "Anser_caerulescens" 33 -0.00185960503187333 0.00401437229913333 0.00185960503187333 0.00401437229913333 "family" "2_family" 2 52.5 3 2636.2 7.87709376527837 71.23333 71.23333
"2123" "8424_1" "Haliaeetus_pelagicus" 25 0.191969452596333 0.0658110562592333 0.191969452596333 0.0658110562592333 NA NA NA 31.1 3 7757 8.95635094049087 51.45 51.45
"2124" "8428_2" "Fratercula_cirrhata" 12 -0.0702993105756 -0.0164723316174267 0.0702993105756 0.0164723316174267 "no_fam" "1_no_fam" 1 50.5 3 774.4 6.65208853596237 54.08333 54.08333
"2125" "8429_1" "Fratercula_cirrhata" 9 0.0606761300947667 0.0310560280752333 0.0606761300947667 0.0310560280752333 "no_fam" "1_no_fam" 1 50.5 3 774.4 6.65208853596237 57.15 57.15
"2126" "8430_1" "Fratercula_cirrhata" 10 0.0591596570516 0.0272099282911667 0.0591596570516 0.0272099282911667 "no_fam" "1_no_fam" 1 50.5 3 774.4 6.65208853596237 58.91667 58.91667
"2127" "8490_1" "Phoenicopterus_ruber" 9 -0.7908665594937 -0.0715689267106667 0.7908665594937 0.0715689267106667 "no_fam" "1_no_fam" 1 47.5 1 3031.6 8.01684581193787 -0.95222 0.95222
"2128" "8492_1" "Phoenicopterus_ruber" 18 -0.366214568185 -0.0621891163733333 0.366214568185 0.0621891163733333 "no_fam" "1_no_fam" 1 47.5 1 3031.6 8.01684581193787 -1.00389 1.00389
"2129" "8513_1" "Circus_pygargus" 19 -0.425916815049667 -0.251890636084667 0.425916815049667 0.251890636084667 "no_fam" "1_no_fam" 1 52 3 310.8 5.73914961849349 45.95 45.95
"2130" "8517_1" "Circus_pygargus" 10 -0.7870397061 0.0414337621340367 0.7870397061 0.0414337621340367 "no_fam" "1_no_fam" 1 52 3 310.8 5.73914961849349 46.18333 46.18333
"2131" "8542_1" "Uria_aalge" 19 0.0223205110564833 0.000122432771333333 0.0223205110564833 0.000122432771333333 "no_fam" "1_no_fam" 1 57.5 3 991.9 6.89962229575195 51.66667 51.66667
"2132" "8550_1" "Gliciphila_melanops" 17 0.263429239599133 -0.193561651504667 0.263429239599133 0.193561651504667 NA "1_no_fam" 1 23.9 1 18.2 2.90142159408275 -35.75 35.75
"2133" "8562_1" "Pezoporus_wallicus" 11 0.314727090298 0.084521569871 0.314727090298 0.084521569871 "family" "2_family" 2 42.5 1 71.2 4.26549281841793 -34.05056 34.05056
"2134" "8572_1" "Cacatua_leadbeateri" 12 0.0402817708986667 -0.0704135646964 0.0402817708986667 0.0704135646964 "family" "2_family" 2 36.1 1 396.8 5.98343237541072 -34.21278 34.21278
"2135" "8579_1" "Malurus_cyaneus" 17 0.144398668839467 -0.067784731254 0.144398668839467 0.067784731254 "coop_families" "3_coop_families" 3 14.6 1 10.3 2.33214389523559 -35.26667 35.26667
"2136" "8580_1" "Carduelis_carduelis" 26 -0.0791295940041333 -0.0565043624206667 0.0791295940041333 0.0565043624206667 "no_fam" "1_no_fam" 1 33.4 1 16 2.77258872223978 -34.91667 34.91667
"2137" "8581_1" "Chloris_chloris" 26 -0.189352493633667 -0.218537421683333 0.189352493633667 0.218537421683333 "no_fam" "1_no_fam" 1 32.5 1 26 3.25809653802148 -34.91667 34.91667
"2138" "8582_1" "Passer_domesticus" 25 -0.101397333570567 -0.0366099376371067 0.101397333570567 0.0366099376371067 "no_fam" "1_no_fam" 1 27.3 1 26.5 3.27714473299218 -34.91667 34.91667
"2139" "8583_1" "Petrochelidon_nigricans" 26 0.132700166924233 -0.0758933384697333 0.132700166924233 0.0758933384697333 NA "1_no_fam" 1 53.2 2 15.4 2.73436750941958 -34.91667 34.91667
"2140" "8585_1" "Anas_superciliosa" 17 -0.380441937608667 0.00346919521443 0.380441937608667 0.00346919521443 "no_fam" "1_no_fam" 1 47.1 2 882.8 6.78309867438258 -38.05 38.05
"2141" "8591_1" "Acrocephalus_australis" 17 0.161749920010067 0.00780372798346667 0.161749920010067 0.00780372798346667 NA "1_no_fam" 1 22.9 3 17.7 2.87356463957978 -38.03333 38.03333
"2142" "8592_1" "Anthochaera_chrysoptera" 18 0.186738741574233 0.0775710142699667 0.186738741574233 0.0775710142699667 NA "3_coop_families" 3 19.8 1 67.8 4.21656219494635 -38.03333 38.03333
"2143" "8593_2" "Phylidonyris_novaehollandiae" 14 -0.2247006907225 -0.0494871076712667 0.2247006907225 0.0494871076712667 "family" "2_family" 2 22.4 2 20.2 3.00568260440716 -38.05 38.05
"2144" "8594_1" "Manorina_melanocephala" 12 0.225168041521 0.0166539197520333 0.225168041521 0.0166539197520333 "coop_families" "3_coop_families" 3 24.8 1 60.2 4.09767235231478 -38.05 38.05
"2145" "8599_1" "Anthochaera_carunculata" 18 -0.428931536189067 0.0004343338453 0.428931536189067 0.0004343338453 NA "1_no_fam" 1 25.6 2 106.1 4.66438204561994 -38.05 38.05
"2146" "8600_1" "Malurus_cyaneus" 18 0.105896931059333 0.00420831174294 0.105896931059333 0.00420831174294 "coop_families" "3_coop_families" 3 14.6 1 10.3 2.33214389523559 -38.05 38.05
"2147" "8601_1" "Ptilotula_penicillata" 18 0.0684601019099667 -0.0327806436159667 0.0684601019099667 0.0327806436159667 "coop_families" "3_coop_families" 3 21.4 1 19.4 2.96527306606928 -38.05 38.05
"2148" "8605_1" "Acrocephalus_australis" 14 0.0196837166112333 0.0810527501036667 0.0196837166112333 0.0810527501036667 NA "1_no_fam" 1 22.9 3 17.7 2.87356463957978 -38.1 38.1
"2149" "8606_1" "Anthochaera_chrysoptera" 14 -0.0262918791016667 -0.0344598513953333 0.0262918791016667 0.0344598513953333 NA "3_coop_families" 3 19.8 1 67.8 4.21656219494635 -38.1 38.1
"2150" "8607_1" "Phylidonyris_novaehollandiae" 14 -0.166294433012667 0.00743357976371333 0.166294433012667 0.00743357976371333 "family" "2_family" 2 22.4 2 20.2 3.00568260440716 -38.1 38.1
"2151" "8608_1" "Manorina_melanocephala" 14 0.0224800659638907 0.102203296013967 0.0224800659638907 0.102203296013967 "coop_families" "3_coop_families" 3 24.8 1 60.2 4.09767235231478 -38.1 38.1
"2152" "8609_1" "Anthochaera_carunculata" 14 -0.0608323522061667 0.0197076652359667 0.0608323522061667 0.0197076652359667 NA "1_no_fam" 1 25.6 2 106.1 4.66438204561994 -38.1 38.1
"2153" "8612_1" "Turdus_merula" 17 0.208242300809333 -0.0471218758044667 0.208242300809333 0.0471218758044667 "no_fam" "1_no_fam" 1 23.1 1 102.7 4.63181211693451 -38.01667 38.01667
"2154" "8613_1" "Turdus_merula" 13 -0.182995050631 -0.00424668395909333 0.182995050631 0.00424668395909333 "no_fam" "1_no_fam" 1 23.1 1 102.7 4.63181211693451 -38.1 38.1
"2155" "8616_1" "Acridotheres_tristis" 17 0.312652944937333 -0.0211339083501467 0.312652944937333 0.0211339083501467 "no_fam" "1_no_fam" 1 23.6 2 116.4 4.75703253529734 -38.08333 38.08333
"2156" "8617_1" "Acridotheres_tristis" 13 0.0929428959008333 0.0369264862680667 0.0929428959008333 0.0369264862680667 "no_fam" "1_no_fam" 1 23.6 2 116.4 4.75703253529734 -38.1 38.1
"2157" "8629_1" "Carduelis_carduelis" 17 0.376268672477 -0.076511848895 0.376268672477 0.076511848895 "no_fam" "1_no_fam" 1 33.4 1 16 2.77258872223978 -38.05 38.05
"2158" "8630_1" "Carduelis_carduelis" 13 -0.175641499697933 0.0156154895004067 0.175641499697933 0.0156154895004067 "no_fam" "1_no_fam" 1 33.4 1 16 2.77258872223978 -38.1 38.1
"2159" "8631_1" "Passer_domesticus" 17 0.595555102722667 -0.0657818823493667 0.595555102722667 0.0657818823493667 "no_fam" "1_no_fam" 1 27.3 1 26.5 3.27714473299218 -38.05 38.05
"2160" "8636_4" "Phalacrocorax_capensis" 10 -0.221649405513333 -0.0469849375973333 0.221649405513333 0.0469849375973333 "no_fam" "1_no_fam" 1 39.5 1 1211.7 7.09977961123748 -25.71667 25.71667
"2161" "8644_3" "Phalacrocorax_capensis" 11 0.0642040577453333 0.570602827343333 0.0642040577453333 0.570602827343333 "no_fam" "1_no_fam" 1 39.5 1 1211.7 7.09977961123748 -32.08333 32.08333
"2162" "8645_5" "Phalacrocorax_capensis" 12 -0.452419092148957 0.300990145488743 0.452419092148957 0.300990145488743 "no_fam" "1_no_fam" 1 39.5 1 1211.7 7.09977961123748 -33.05 33.05
"2163" "8649_1" "Chloris_chloris" 17 -0.567672937891667 0.0215466094142167 0.567672937891667 0.0215466094142167 "no_fam" "1_no_fam" 1 32.5 1 26 3.25809653802148 -38.05 38.05
"2164" "8650_1" "Chloris_chloris" 13 -0.0460678281550333 0.0870796405453333 0.0460678281550333 0.0870796405453333 "no_fam" "1_no_fam" 1 32.5 1 26 3.25809653802148 -38.1 38.1
"2165" "8651_1" "Alauda_arvensis" 17 0.225923662382867 -0.0252023494070633 0.225923662382867 0.0252023494070633 "no_fam" "1_no_fam" 1 33.6 2 37.3 3.61899332664977 -38.05 38.05
"2166" "8652_1" "Alauda_arvensis" 13 -0.455685433929 0.0459320080344333 0.455685433929 0.0459320080344333 "no_fam" "1_no_fam" 1 33.6 2 37.3 3.61899332664977 -38.1 38.1
"2167" "8653_1" "Anas_superciliosa" 14 0.150778107204 0.0370612480028333 0.150778107204 0.0370612480028333 "no_fam" "1_no_fam" 1 47.1 2 882.8 6.78309867438258 -38.1 38.1
"2168" "8655_1" "Himantopus_himantopus" 14 -0.206392602463667 -0.0881857399792 0.206392602463667 0.0881857399792 "family" "2_family" 2 52.2 2 176.8 5.17501915020354 -38.1 38.1
"2169" "8657_1" "Anarhynchus_pecuarius" 9 -0.52135184763 -0.049971493971 0.52135184763 0.049971493971 NA NA NA 52.4 1 34 3.52636052461616 -0.36667 0.36667
"2170" "8659_1" "Himantopus_himantopus" 17 0.00734619473333333 -0.0707134160146333 0.00734619473333333 0.0707134160146333 "family" "2_family" 2 52.2 2 176.8 5.17501915020354 -38.05 38.05
"2171" "8662_1" "Anas_castanea" 17 0.204964221113333 -0.151719250278333 0.204964221113333 0.151719250278333 NA NA NA 45.5 2 624 6.43615036836943 -38.05 38.05
"2172" "8665_1" "Fulica_atra" 17 -0.141591086147 0.245999903763667 0.141591086147 0.245999903763667 "coop_families" "3_coop_families" 3 39.6 1 717.1 6.57521530088853 -39.05 39.05
"2173" "8666_1" "Fulica_atra" 14 -0.395263090903667 0.337562491313333 0.395263090903667 0.337562491313333 "coop_families" "3_coop_families" 3 39.6 1 717.1 6.57521530088853 -38.08333 38.08333
"2174" "8667_1" "Anas_castanea" 14 -0.0685647122496667 -0.0124129310051667 0.0685647122496667 0.0124129310051667 NA NA NA 45.5 2 624 6.43615036836943 -38.1 38.1
"2175" "8668_1" "Pachycephala_rufiventris" 11 -0.750872337816667 0.142938135381533 0.750872337816667 0.142938135381533 "family" "2_family" 2 24.1 1 22.5 3.11351530921037 -36.63444 36.63444
"2176" "8669_1" "Malurus_cyaneus" 10 0.145742960446733 -0.247197670458033 0.145742960446733 0.247197670458033 "coop_families" "3_coop_families" 3 14.6 1 10.3 2.33214389523559 -36.63444 36.63444
"2177" "8671_3" "Phalacrocorax_capensis" 15 0.106147769554667 -0.0803695342727667 0.106147769554667 0.0803695342727667 "no_fam" "1_no_fam" 1 39.5 1 1211.7 7.09977961123748 -33.0825 33.0825
"2178" "8676_4" "Phalacrocorax_capensis" 17 -0.213422004972333 0.1903223233802 0.213422004972333 0.1903223233802 "no_fam" "1_no_fam" 1 39.5 1 1211.7 7.09977961123748 -33.15278 33.15278
"2179" "8678_3" "Phalacrocorax_capensis" 18 0.282721714927333 0.44098348723 0.282721714927333 0.44098348723 "no_fam" "1_no_fam" 1 39.5 1 1211.7 7.09977961123748 -33.42417 33.42417
"2180" "8679_3" "Phalacrocorax_capensis" 17 0.226831725371667 -0.00773478518833333 0.226831725371667 0.00773478518833333 "no_fam" "1_no_fam" 1 39.5 1 1211.7 7.09977961123748 -34.68222 34.68222
"2181" "8683_1" "Aquila_audax" 29 -0.0786682207288 -0.00607643709299127 0.0786682207288 0.00607643709299127 "family" "2_family" 2 39.6 2 3449.9 8.14610052409807 -32.84972 32.84972
"2182" "8685_1" "Climacteris_picumnus" 29 0.0328303180549667 -0.00144373738857 0.0328303180549667 0.00144373738857 "coop_families" "3_coop_families" 3 25.9 1 28.9 3.36384159511839 -32.84972 32.84972
"2183" "8687_1" "Petroica_phoenicea" 29 0.0544908312751667 -0.00111953235533667 0.0544908312751667 0.00111953235533667 "no_fam" "1_no_fam" 1 27.7 3 13 2.56494935746154 -32.85 32.85
"2184" "8689_1" "Pomatostomus_temporalis" 29 0.056188257291 0.00685896207795 0.056188257291 0.00685896207795 "coop_families" "3_coop_families" 3 11 1 75 4.31748811353631 -32.84972 32.84972
"2185" "8691_1" "Aviceda_subcristata" 29 0.035327364664347 -0.0211374206627333 0.035327364664347 0.0211374206627333 "family" "2_family" 2 40.2 1 322.7 5.77672309905792 -32.84972 32.84972
"2186" "8692_1" "Melithreptus_lunatus" 29 -0.0346611100997 -0.0133185742187867 0.0346611100997 0.0133185742187867 "coop_families" "3_coop_families" 3 27.6 1 14 2.63905732961526 -32.84972 32.84972
"2187" "8700_1" "Climacteris_picumnus" 28 0.05355631331674 -0.0103803659011667 0.05355631331674 0.0103803659011667 "coop_families" "3_coop_families" 3 25.9 1 28.9 3.36384159511839 -34.35 34.35
"2188" "8723_1" "Acanthiza_uropygialis" 28 0.212500245546667 -0.0038083701836 0.212500245546667 0.0038083701836 "coop_families" "3_coop_families" 3 15 1 6.4 1.85629799036563 -34.35 34.35
"2189" "8724_1" "Oreoica_gutturalis" 28 0.313300288169333 -0.006023347039 0.313300288169333 0.006023347039 NA NA NA 24.2 1 62.8 4.13995507347415 -34.35 34.35
"2190" "8725_1" "Melanodryas_cucullata" 28 0.228049471650333 -0.120481947707 0.228049471650333 0.120481947707 "coop_families" "3_coop_families" 3 25.9 1 21.1 3.04927304048202 -34.35 34.35
"2191" "8726_1" "Manorina_melanocephala" 28 0.0529808565163333 -0.0148806545133667 0.0529808565163333 0.0148806545133667 "coop_families" "3_coop_families" 3 24.8 1 60.2 4.09767235231478 -34.35 34.35
"2192" "8727_1" "Strepera_graculina" 28 0.44766466073 -0.0732884844853333 0.44766466073 0.0732884844853333 "no_fam" "1_no_fam" 1 29.6 1 298.9 5.70010906928989 -34.35 34.35
"2193" "8728_1" "Anthochaera_carunculata" 14 0.197754454399333 0.061080243168 0.197754454399333 0.061080243168 NA "1_no_fam" 1 25.6 2 106.1 4.66438204561994 -34.35 34.35
"2194" "8728_2" "Anthochaera_carunculata" 12 -0.2849285547731 0.0753160934739633 0.2849285547731 0.0753160934739633 NA "1_no_fam" 1 25.6 2 106.1 4.66438204561994 -34.35 34.35
"2195" "8742_1" "Cacatua_galerita" 28 -0.00189010907177667 0.02903126847181 0.00189010907177667 0.02903126847181 "family" "2_family" 2 25.9 1 720.4 6.5798066133018 -34.35 34.35
"2196" "8743_1" "Aquila_audax" 28 -0.0969061344084667 0.0719852173365667 0.0969061344084667 0.0719852173365667 "family" "2_family" 2 39.6 2 3449.9 8.14610052409807 -34.35 34.35
"2197" "8745_6" "Acrocephalus_sechellensis" 10 0.019901906712 0.004178324472137 0.019901906712 0.004178324472137 "coop_families" "3_coop_families" 3 11.8 1 15.9 2.76631910922619 -4.31667 4.31667
"2198" "8761_1" "Petroica_phoenicea" 28 0.669806689165667 -0.0171034196165433 0.669806689165667 0.0171034196165433 "no_fam" "1_no_fam" 1 27.7 3 13 2.56494935746154 -34.35 34.35
"2199" "8764_1" "Pachycephala_rufiventris" 28 0.0760815817769667 1.02593899733333e-05 0.0760815817769667 1.02593899733333e-05 "family" "2_family" 2 24.1 1 22.5 3.11351530921037 -34.35 34.35
"2200" "8765_1" "Gerygone_fusca" 28 -0.0594755142297867 0.0928513437226563 0.0594755142297867 0.0928513437226563 NA NA NA 20.6 1 5.4 1.68639895357023 -34.35 34.35
"2201" "8767_1" "Rhipidura_fuliginosa" 11 -0.62944801231 -0.0513142153896333 0.62944801231 0.0513142153896333 "no_fam" "1_no_fam" 1 20 1 7.5 2.01490302054226 -32.88333 32.88333
"2202" "8772_1" "Neochmia_temporalis" 11 1.08755376666567 -0.0274147834090333 1.08755376666567 0.0274147834090333 "no_fam" "1_no_fam" 1 21.1 1 11.4 2.43361335540045 -32.88333 32.88333
"2203" "8773_1" "Malurus_cyaneus" 11 0.311988515772 0.0269528292373 0.311988515772 0.0269528292373 "coop_families" "3_coop_families" 3 14.6 1 10.3 2.33214389523559 -32.88333 32.88333
"2204" "8775_1" "Malurus_lamberti" 11 -0.014412354524 -0.0517240982430667 0.014412354524 0.0517240982430667 "coop_families" "3_coop_families" 3 11.8 1 8 2.07944154167984 -32.88333 32.88333
"2205" "8779_1" "Malurus_splendens" 28 -0.04425720110719 -0.0130640679366333 0.04425720110719 0.0130640679366333 "coop_families" "3_coop_families" 3 12.3 1 9.4 2.24070968927596 -31.95 31.95
"2206" "8784_1" "Stizoptera_bichenovii" 10 0.10258915329321 -0.187184426018667 0.10258915329321 0.187184426018667 NA "1_no_fam" 1 17.8 1 9.6 2.26176309847379 -32.65 32.65
"2207" "8785_1" "Rhipidura_fuliginosa" 12 -0.451088908824 -0.152482477708333 0.451088908824 0.152482477708333 "no_fam" "1_no_fam" 1 20 1 7.5 2.01490302054226 -32.65 32.65
"2208" "8786_1" "Malurus_cyaneus" 12 0.04833994878235 -0.0947786811816667 0.04833994878235 0.0947786811816667 "coop_families" "3_coop_families" 3 14.6 1 10.3 2.33214389523559 -32.65 32.65
"2209" "8787_1" "Neochmia_temporalis" 12 -0.727839829633667 -0.358114936309633 0.727839829633667 0.358114936309633 "no_fam" "1_no_fam" 1 21.1 1 11.4 2.43361335540045 -32.65 32.65
"2210" "8788_1" "Myzomela_sanguinolenta" 10 -0.342088786624333 -0.222916793076967 0.342088786624333 0.222916793076967 NA "1_no_fam" 1 22.2 2 8.3 2.11625551480255 -32.65 32.65
"2211" "8817_1" "Pelecanus_conspicillatus" 33 0.411598677708667 -0.096792807443 0.411598677708667 0.096792807443 NA "2_family" 2 47 1 5505 8.61341204915678 -38.36667 38.36667
"2212" "8819_1" "Tringa_brevipes" 34 0.305469281009 0.0355337902895 0.305469281009 0.0355337902895 NA NA NA 54.8 3 127 4.84418708645859 -38.36667 38.36667
"2213" "8825_1" "Microcarbo_melanoleucos" 34 -0.534540018813333 0.0467373748212 0.534540018813333 0.0467373748212 "no_fam" "1_no_fam" 1 36.8 1 727.4 6.58947653255289 -38.36667 38.36667
"2214" "8838_1" "Chroicocephalus_novaehollandiae" 34 -0.1516341432004 -0.0424038387805333 0.1516341432004 0.0424038387805333 "no_fam" "1_no_fam" 1 53 1 269 5.59471137960184 -38.36667 38.36667
"2215" "8848_1" "Amazonetta_brasiliensis" 9 -0.124528734525333 -0.1500493703245 0.124528734525333 0.1500493703245 NA NA NA 32.9 1 500 6.21460809842219 -26.91472 26.91472
"2216" "8849_1" "Nannopterum_brasilianum" 9 -0.048167435918 0.0516691561636 0.048167435918 0.0516691561636 NA "1_no_fam" 1 32.4 1 1239.3 7.12230198307083 -26.91472 26.91472
"2217" "8850_1" "Fregata_magnificens" 9 -0.3576111147074 0.251070600910333 0.3576111147074 0.251070600910333 "family" "2_family" 2 64 3 1490.5 7.30686691311813 -26.91472 26.91472
"2218" "8851_1" "Nycticorax_nycticorax" 9 -0.248044482178333 -0.0326034992422 0.248044482178333 0.0326034992422 "no_fam" "1_no_fam" 1 33.1 3 810 6.69703424766648 -26.91472 26.91472
"2219" "8852_1" "Nyctanassa_violacea" 9 -0.694976214788667 -0.00533729106446667 0.694976214788667 0.00533729106446667 NA "1_no_fam" 1 34.6 2 681.7 6.52458967836874 -26.91472 26.91472
"2220" "8853_1" "Butorides_striata" 9 -0.0614514159129333 0.0884204515157667 0.0614514159129333 0.0884204515157667 NA "2_family" 2 28.7 1 201.5 5.30578938138674 -26.91472 26.91472
"2221" "8854_1" "Ardea_ibis" 9 0.61461005881 0.118965349488433 0.61461005881 0.118965349488433 "no_fam" "1_no_fam" 1 29.9 2 366 5.90263333340137 -26.91472 26.91472
"2222" "8855_1" "Ardea_cocoi" 9 -0.362549362218333 -0.0027003467552 0.362549362218333 0.0027003467552 NA NA NA 31.8 1 1752.4 7.46874155593974 -26.91472 26.91472
"2223" "8856_1" "Ardea_alba" 9 0.122687465416633 0.0476590473502667 0.122687465416633 0.0476590473502667 "no_fam" "1_no_fam" 1 32.1 2 871.3 6.76998634923724 -26.91472 26.91472
"2224" "8858_1" "Egretta_thula" 9 -0.181257823245067 0.0346618603225667 0.181257823245067 0.0346618603225667 "no_fam" "1_no_fam" 1 31.9 2 371 5.91620206260743 -26.91472 26.91472
"2225" "8859_1" "Egretta_caerulea" 9 -0.025482832351 0.0269142697459333 0.025482832351 0.0269142697459333 "no_fam" "1_no_fam" 1 38 1 338.6 5.82481946969903 -26.91472 26.91472
"2226" "8860_1" "Platalea_ajaja" 9 -0.321908915546333 0.0858367507043333 0.321908915546333 0.0858367507043333 "no_fam" "1_no_fam" 1 33.6 2 1490 7.30653139893951 -26.91472 26.91472
"2227" "8862_1" "Pardirallus_nigricans" 9 -0.182614903660667 -0.0152029433702667 0.182614903660667 0.0152029433702667 NA NA NA 19.2 1 217 5.37989735354046 -26.91472 26.91472
"2228" "8864_1" "Gallinula_galeata" 9 0.1319898844075 -0.0729046427212 0.1319898844075 0.0729046427212 NA NA NA 32.4 1 339.6 5.82776845443719 -26.91472 26.91472
"2229" "8866_1" "Vanellus_chilensis" 9 -0.253748440389667 -0.0466362782917333 0.253748440389667 0.0466362782917333 "coop_families" "3_coop_families" 3 31 1 327 5.78996017089725 -26.91472 26.91472
"2230" "8868_1" "Charadrius_semipalmatus" 9 -0.207114738369167 0.0164596683757 0.207114738369167 0.0164596683757 "no_fam" "1_no_fam" 1 56 3 46.7 3.84374416467485 -26.91472 26.91472
"2231" "8873_1" "Actitis_macularius" 9 0.191874862765257 0.0123223735547333 0.191874862765257 0.0123223735547333 "no_fam" "1_no_fam" 1 47.5 3 40.4 3.6988297849671 -26.91472 26.91472
"2232" "8877_1" "Larus_dominicanus" 9 0.138234422033 0.069013356318 0.138234422033 0.069013356318 "family" "2_family" 2 55.6 1 952.4 6.85898511461271 -26.91472 26.91472
"2233" "8878_1" "Chroicocephalus_maculipennis" 9 -0.206294579606 -0.00409402577289 0.206294579606 0.00409402577289 NA NA NA 55.1 1 339 5.82600010738045 -26.91472 26.91472
"2234" "8882_1" "Thalasseus_sandvicensis" 9 -0.357056336510167 -0.127301291812167 0.357056336510167 0.127301291812167 "family" "2_family" 2 69.3 3 199.8 5.29731686621445 -26.91472 26.91472
"2235" "8883_1" "Thalasseus_maximus" 9 0.0586337639836667 -0.02374995105181 0.0586337639836667 0.02374995105181 "family" "2_family" 2 61.4 3 415.3 6.02900115063671 -26.91472 26.91472
"2236" "8884_1" "Rynchops_niger" 9 -0.232467884605667 -0.0933401437533333 0.232467884605667 0.0933401437533333 NA "1_no_fam" 1 67.4 2 297.7 5.69608626802173 -26.91472 26.91472
"2237" "8885_1" "Megaceryle_torquata" 9 -0.482817918424 -0.09227786388 0.482817918424 0.09227786388 NA NA NA 24.5 1 317 5.75890177387728 -26.91472 26.91472
"2238" "8910_1" "Botaurus_sinensis" 22 0.597121860910433 0.0382019907974333 0.597121860910433 0.0382019907974333 NA NA NA 31 3 94.3 4.54648118963941 13.54417 13.54417
"2239" "8911_1" "Streptopelia_bitorquata" 22 0.663671067202 0.0324609308956667 0.663671067202 0.0324609308956667 NA "1_no_fam" 1 31 1 153 5.03043792139244 13.54417 13.54417
"2240" "8912_1" "Corvus_kubaryi" 21 0.221030756911167 0.0138421102295 0.221030756911167 0.0138421102295 NA "2_family" 2 27 1 249.9 5.52106083784091 13.54417 13.54417
"2241" "8913_1" "Dicrurus_macrocercus" 22 0.297426369053167 0.0444952885579 0.297426369053167 0.0444952885579 "coop_families" "3_coop_families" 3 27.8 1 48.3 3.87743156065853 13.54417 13.54417
"2242" "8915_1" "Ptilinopus_roseicapilla" 9 0.1443931391 -0.0435349308537667 0.1443931391 0.0435349308537667 "no_fam" "1_no_fam" 1 27.6 1 90.4 4.50424426739813 13.54417 13.54417
"2243" "8916_1" "Pampusana_xanthonura" 10 0.661952279452 -0.0893438422625333 0.661952279452 0.0893438422625333 "no_fam" "1_no_fam" 1 28.4 1 110.6 4.70592008908823 13.54417 13.54417
"2244" "8918_1" "Todiramphus_cinnamominus" 12 -0.365550229804667 -0.015034532408189 0.365550229804667 0.015034532408189 "coop_families" "3_coop_families" 3 20.2 1 62.2 4.13035499974513 13.54417 13.54417
"2245" "8919_1" "Lonchura_atricapilla" 9 -0.290608655926 0.0635875016326333 0.290608655926 0.0635875016326333 NA NA NA 19 1 12.4 2.51769647261099 13.54417 13.54417
"2246" "8922_1" "Passer_montanus" 22 0.627480166898933 0.0979686256836667 0.627480166898933 0.0979686256836667 "no_fam" "1_no_fam" 1 24.6 1 21.4 3.06339092202781 13.54417 13.54417
"2247" "8923_1" "Aplonis_opaca" 10 -0.000547729185666667 -0.0489920820992333 0.000547729185666667 0.0489920820992333 "no_fam" "1_no_fam" 1 23.8 1 83.4 4.4236483093647 13.54417 13.54417
"2248" "8924_1" "Gygis_alba" 11 0.679977858581333 0.0061141524428 0.679977858581333 0.0061141524428 "no_fam" "1_no_fam" 1 65.5 2 117 4.76217393479776 13.54417 13.54417
"2249" "8928_3" "Tadorna_tadornoides" 30 -0.276857247844667 0.1087933123218 0.276857247844667 0.1087933123218 "no_fam" "1_no_fam" 1 50.1 2 1418.7 7.25749623831794 -38.36667 38.36667
"2250" "8930_1" "Larus_pacificus" 34 -0.0766393135333333 -0.0546209883129 0.0766393135333333 0.0546209883129 "no_fam" "1_no_fam" 1 54.4 2 1292 7.16394668434255 -38.36667 38.36667
"2251" "8934_1" "Copsychus_sechellarum" 13 0.06199626101 0.00829841284640667 0.06199626101 0.00829841284640667 "coop_families" "3_coop_families" 3 16.3 1 70.7 4.25844557290253 -4.58361 4.58361
"2252" "8935_1" "Copsychus_sechellarum" 10 -0.1040543892292 -0.0192678022793 0.1040543892292 0.0192678022793 "coop_families" "3_coop_families" 3 16.3 1 70.7 4.25844557290253 -4.31611 4.31611
"2253" "8936_1" "Copsychus_sechellarum" 9 0.208657972458 -0.00615260496341333 0.208657972458 0.00615260496341333 "coop_families" "3_coop_families" 3 16.3 1 70.7 4.25844557290253 -4.35056 4.35056
"2254" "8937_2" "Copsychus_sechellarum" 9 -0.210501318549133 0.0374590389447667 0.210501318549133 0.0374590389447667 "coop_families" "3_coop_families" 3 16.3 1 70.7 4.25844557290253 -4.21278 4.21278
"2255" "8943_1" "Anas_gracilis" 22 0.149102233594333 -0.0203142751740333 0.149102233594333 0.0203142751740333 "no_fam" "1_no_fam" 1 47.3 1 488.1 6.1905203028931 -35 35
"2256" "8948_1" "Cygnus_atratus" 21 0.0466779781216667 0.106494954427667 0.0466779781216667 0.106494954427667 "family" "2_family" 2 44.9 2 5623.2 8.6346561758617 -35 35
"2257" "8949_1" "Poliocephalus_poliocephalus" 21 0.0711293842233333 0.00902690557791667 0.0711293842233333 0.00902690557791667 "no_fam" "1_no_fam" 1 41.1 1 239.9 5.48022216984565 -35 35
"2258" "8960_3" "Ardea_plumifera" 12 0.403895335370667 -0.191325308963667 0.403895335370667 0.191325308963667 NA NA NA 30.3 2 458.8 6.12861438525522 -32.86556 32.86556
"2259" "8961_4" "Ardea_alba" 12 0.287757295902667 0.0336661709658 0.287757295902667 0.0336661709658 "no_fam" "1_no_fam" 1 32.1 2 871.3 6.76998634923724 -32.86556 32.86556
"2260" "8962_3" "Egretta_garzetta" 12 0.431785516815 -0.0233116993403333 0.431785516815 0.0233116993403333 "no_fam" "1_no_fam" 1 33.1 2 312 5.74300318780948 -32.86556 32.86556
"2261" "8963_4" "Ardea_ibis" 12 -0.467524458176333 0.158116134486 0.467524458176333 0.158116134486 "no_fam" "1_no_fam" 1 29.9 2 366 5.90263333340137 -32.86556 32.86556
"2262" "8964_2" "Threskiornis_molucca" 12 0.301800667473667 0.188316301405667 0.301800667473667 0.188316301405667 "no_fam" "1_no_fam" 1 31.4 1 1794.9 7.4927045890641 -32.86556 32.86556
"2263" "8967_1" "Ducula_spilorrhoa" 20 -0.0661885464224667 0.0309184501624 0.0661885464224667 0.0309184501624 "no_fam" "1_no_fam" 1 33 1 464 6.13988455222626 -18.13333 18.13333
"2264" "8969_2" "Thalassarche_bulleri" 12 -0.0694162126976667 -0.00750986024532 0.0694162126976667 0.00750986024532 "no_fam" "1_no_fam" 1 66.4 2 2781.5 7.93074562951535 -48.01667 48.01667
"2265" "8970_1" "Thalassarche_bulleri" 14 -0.0321778091942 -0.00272418178887 0.0321778091942 0.00272418178887 "no_fam" "1_no_fam" 1 66.4 2 2781.5 7.93074562951535 -48.01667 48.01667
"2266" "8970_2" "Thalassarche_bulleri" 12 0.0386258182509333 0.0123488885461 0.0386258182509333 0.0123488885461 "no_fam" "1_no_fam" 1 66.4 2 2781.5 7.93074562951535 -48.01667 48.01667
"2267" "8971_2" "Thalassarche_bulleri" 12 -0.0707568778544 0.0416325233217533 0.0707568778544 0.0416325233217533 "no_fam" "1_no_fam" 1 66.4 2 2781.5 7.93074562951535 -48.01667 48.01667
"2268" "8972_2" "Thalassarche_bulleri" 12 -0.200423056674333 -0.0201995790256 0.200423056674333 0.0201995790256 "no_fam" "1_no_fam" 1 66.4 2 2781.5 7.93074562951535 -48.01667 48.01667
"2269" "8990_1" "Larus_dominicanus" 10 -0.490829822723333 0.1160534385931 0.490829822723333 0.1160534385931 "family" "2_family" 2 55.6 1 952.4 6.85898511461271 -42.96667 42.96667
"2270" "8990_2" "Larus_dominicanus" 13 -0.345924110702333 0.1074692456087 0.345924110702333 0.1074692456087 "family" "2_family" 2 55.6 1 952.4 6.85898511461271 -42.96667 42.96667
"2271" "8991_1" "Larus_pacificus" 10 -0.148299788238667 -0.0168696050279667 0.148299788238667 0.0168696050279667 "no_fam" "1_no_fam" 1 54.4 2 1292 7.16394668434255 -42.96667 42.96667
"2272" "8991_2" "Larus_pacificus" 13 -0.625712249629 -0.0841053562872333 0.625712249629 0.0841053562872333 "no_fam" "1_no_fam" 1 54.4 2 1292 7.16394668434255 -42.96667 42.96667
"2273" "8992_2" "Chroicocephalus_novaehollandiae" 13 -0.3019022657918 0.0126281898968667 0.3019022657918 0.0126281898968667 "no_fam" "1_no_fam" 1 53 1 269 5.59471137960184 -42.96667 42.96667
"2274" "8993_1" "Sula_sula" 10 0.89389405926 -0.109529511810967 0.89389405926 0.109529511810967 "family" "2_family" 2 62 2 1031.1 6.9383814725239 -16.93333 16.93333
"2275" "8994_1" "Sula_sula" 10 1.05221234611667 -0.153679459083667 1.05221234611667 0.153679459083667 "family" "2_family" 2 62 2 1031.1 6.9383814725239 -16.93333 16.93333
"2276" "8995_1" "Phaethon_rubricauda" 15 -1.00605961045333 0.0649003418865667 1.00605961045333 0.0649003418865667 "no_fam" "1_no_fam" 1 68.8 3 671.9 6.5101095199261 -16.93333 16.93333
"2277" "8999_1" "Pterodroma_leucoptera" 18 0.0982462276383567 -0.028906099510137 0.0982462276383567 0.028906099510137 "no_fam" "1_no_fam" 1 66.5 2 147.1 4.99111262760739 -32.7 32.7
"2278" "900001_1" "Ammospiza_caudacuta" 27 -0.00360430228741 -0.00189372796234333 0.00360430228741 0.00189372796234333 "no_fam" "1_no_fam" 1 18.9 3 19.2 2.95491027903374 35.01 35.01
"2279" "900002_1" "Buteo_albonotatus" 27 -0.0501681120772 0.0308524111855 0.0501681120772 0.0308524111855 NA NA NA 40.3 1 745.9 6.61459154296112 32.45 32.45
"2280" "900003_1" "Contopus_pertinax" 27 0.00154427816094 0.000346598871460333 0.00154427816094 0.000346598871460333 "no_fam" "1_no_fam" 1 28.3 1 27.2 3.30321697330195 33.12 33.12
"2281" "900004_1" "Cynanthus_latirostris" 27 -0.000148264354651 -0.000421840416138333 0.000148264354651 0.000421840416138333 "no_fam" "1_no_fam" 1 65.7 1 3.1 1.1314021114911 32.1 32.1
"2282" "900005_1" "Leuconotopicus_arizonae" 27 0.000913501936 -0.000542578420597333 0.000913501936 0.000542578420597333 "no_fam" "1_no_fam" 1 28.3 1 40.9 3.71113006304876 32.1 32.1
"2283" "900006_1" "Icterus_gularis" 27 -0.0215402593412333 -0.0144135385344 0.0215402593412333 0.0144135385344 NA "2_family" 2 19.1 1 55.2 4.01096295328305 26.24 26.24
"2284" "900007_1" "Icterus_pectoralis" 27 -0.01015801971339 -0.00658206639918 0.01015801971339 0.00658206639918 "family" "2_family" 2 17.6 1 46.5 3.83945231259331 26.34 26.34
"2285" "900008_1" "Junco_phaeonotus" 27 0.00305812394371833 0.00453926633923333 0.00305812394371833 0.00453926633923333 "no_fam" "1_no_fam" 1 21.2 2 20.4 3.01553490085017 32.1 32.1
"2286" "900009_1" "Laterallus_jamaicensis" 27 -0.00127167765147 -0.000452743187215333 0.00127167765147 0.000452743187215333 NA NA NA 21.2 1 32.6 3.48431228837266 38.9702 38.9702
"2287" "900010_1" "Micrathene_whitneyi" 27 0.00114399736481933 0.000656552070589667 0.00114399736481933 0.000656552070589667 NA NA NA 30 3 41 3.71357206670431 32.74 32.74
"2288" "900011_1" "Myiodynastes_luteiventris" 27 -0.0010237032902156 -0.000425757535914 0.0010237032902156 0.000425757535914 "family" "2_family" 2 26 3 46.9 3.84801767545223 32.1 32.1
"2289" "900012_1" "Onychoprion_aleuticus" 27 -0.000299128154718933 0.002554304295802 0.000299128154718933 0.002554304295802 "family" "2_family" 2 69.3 3 120 4.78749174278205 38.9702 38.9702
"2290" "900013_1" "Peucaea_carpalis" 27 -0.02578939808464 -0.0135256508716833 0.02578939808464 0.0135256508716833 "family" "2_family" 2 13.5 1 15.3 2.72785282839839 32.1 32.1
"2291" "900014_1" "Polioptila_californica" 27 -0.000877718138280333 0.0003555005167022 0.000877718138280333 0.0003555005167022 "no_fam" "1_no_fam" 1 10.6 1 5.8 1.75785791755237 33.42 33.42
"2292" "900015_1" "Setophaga_chrysoparia" 27 -0.000494039598652333 6.0623716672e-05 0.000494039598652333 6.0623716672e-05 "no_fam" "1_no_fam" 1 21.4 3 9.9 2.29253475714054 30.5 30.5
"2293" "900016_1" "Spilopelia_chinensis" 27 0.00708832884213333 -0.000402477371908 0.00708832884213333 0.000402477371908 "no_fam" "1_no_fam" 1 31 1 159 5.06890420222023 33.42 33.42
"2294" "900017_1" "Tachybaptus_dominicus" 27 0.00104873504790267 -0.000416714722927933 0.00104873504790267 0.000416714722927933 NA "1_no_fam" 1 23.4 1 132.6 4.88733707775176 38.9702 38.9702
"2295" "900018_1" "Trogon_elegans" 27 -0.00050109585068 0.000737180015053333 0.00050109585068 0.000737180015053333 NA NA NA 39.5 1 70.9 4.26127043353808 31.56 31.56
"2296" "900019_1" "Tympanuchus_pallidicinctus" 27 0.00834599877907333 -0.00404328758343333 0.00834599877907333 0.00404328758343333 "family" "2_family" 2 39 1 745.8 6.61445746774472 35.06 35.06
"2297" "900020_1" "Tyrannus_crassirostris" 27 0.00183653887665267 0.000103734064930333 0.00183653887665267 0.000103734064930333 NA NA NA 29 1 55.9 4.02356438016105 31.56 31.56
"2298" "9013_1" "Calyptorhynchus_banksii" 10 -0.0353443389173333 -0.0156210583019267 0.0353443389173333 0.0156210583019267 "family" "2_family" 2 44.9 1 721.9 6.58188662514512 -34.76667 34.76667
"2299" "9014_1" "Polytelis_swainsonii" 15 -0.309373788314633 0.23118993235 0.309373788314633 0.23118993235 NA "1_no_fam" 1 51.6 2 153 5.03043792139244 -35.75 35.75
"2300" "9016_1" "Stipiturus_mallee" 16 0.376423010108617 -0.042944482164 0.376423010108617 0.042944482164 "family" "3_coop_families" 3 9 1 5.5 1.70474809223843 -35.71667 35.71667
"2301" "9025_2" "Fulica_alai" 20 -0.377914597733667 0.0248124124211667 0.377914597733667 0.0248124124211667 NA NA NA 40.6 1 459 6.12905021006055 22.08333 22.08333
"2302" "9027_1" "Fulica_alai" 14 0.354517760001667 0.0647175602324667 0.354517760001667 0.0647175602324667 NA NA NA 40.6 1 459 6.12905021006055 20.85 20.85
"2303" "9028_1" "Fulica_alai" 27 0.169559546823333 0.0211094953316667 0.169559546823333 0.0211094953316667 NA NA NA 40.6 1 459 6.12905021006055 20.78333 20.78333
"2304" "9029_1" "Fulica_alai" 27 0.334632560471333 0.0437736162589667 0.334632560471333 0.0437736162589667 NA NA NA 40.6 1 459 6.12905021006055 21.13333 21.13333
"2305" "9030_1" "Fulica_alai" 23 -0.524918062642333 0.0915628302394767 0.524918062642333 0.0915628302394767 NA NA NA 40.6 1 459 6.12905021006055 21.9 21.9
"2306" "9031_2" "Fulica_alai" 20 0.4653874743387 0.00303370215984333 0.4653874743387 0.00303370215984333 NA NA NA 40.6 1 459 6.12905021006055 21.43333 21.43333
"2307" "9032_1" "Gallinula_galeata" 25 0.270416305173333 0.008016915680663 0.270416305173333 0.008016915680663 NA NA NA 32.4 1 339.6 5.82776845443719 22.08333 22.08333
"2308" "9033_2" "Gallinula_galeata" 15 0.330393477957 -0.0351534573588333 0.330393477957 0.0351534573588333 NA NA NA 32.4 1 339.6 5.82776845443719 21.43333 21.43333
"2309" "9034_1" "Gallinago_media" 18 0.0697332747074 0.0343073533097633 0.0697332747074 0.0343073533097633 NA NA NA 45 3 170 5.13579843705026 62.28333 62.28333
"2310" "9059_2" "Larus_michahellis" 16 0.0435324808673333 0.0317882792505 0.0435324808673333 0.0317882792505 NA NA NA 54.6 2 1111.9 7.0138255427092 39.41667 39.41667
"2311" "9062_1" "Sterna_dougallii" 24 0.496243422966667 0.141580129863 0.496243422966667 0.141580129863 "family" "2_family" 2 69.1 3 112 4.71849887129509 52.6 52.6
"2312" "9063_1" "Sterna_hirundo" 11 -0.0685004152232667 0.0123349948396653 0.0685004152232667 0.0123349948396653 "family" "2_family" 2 67.3 3 129.2 4.8613615913485 52.6 52.6
"2313" "9064_1" "Sterna_paradisaea" 10 -0.0612689233336667 0.00357210226086667 0.0612689233336667 0.00357210226086667 NA NA NA 69.1 3 110 4.70048036579242 52.6 52.6
"2314" "9086_1" "Lathamus_discolor" 9 0.00356822642033333 0.00477485262618667 0.00356822642033333 0.00477485262618667 NA "1_no_fam" 1 53 3 64.7 4.16976120150686 -35.7 35.7
"2315" "9105_3" "Gulosus_aristotelis" 33 0.0350364312236667 -0.0049612385973 0.0350364312236667 0.0049612385973 "no_fam" "1_no_fam" 1 33.2 1 1764.3 7.47550929013402 56.18333 56.18333
"2316" "9106_1" "Ptychoramphus_aleuticus" 11 0.0662418726629833 -0.0697991811334667 0.0662418726629833 0.0697991811334667 "no_fam" "1_no_fam" 1 40.7 3 184 5.21493575760899 37.7 37.7
"2317" "9471_1" "Somateria_fischeri" 24 -0.0149880041234567 0.0649926720932667 0.0149880041234567 0.0649926720932667 "no_fam" "1_no_fam" 1 45 2 1557.2 7.3506446157363 61.27306 61.27306
"2318" "9475_1" "Xema_sabini" 24 0.00459920027615333 0.1536968635807 0.00459920027615333 0.1536968635807 "no_fam" "1_no_fam" 1 59.4 2 198 5.28826703069454 61.27306 61.27306
"2319" "9477_1" "Anser_canagicus" 15 0.01334863942779 0.165636255566933 0.01334863942779 0.165636255566933 "family" "2_family" 2 49.4 3 2136.5 7.66692425508408 61.27306 61.27306
"2320" "9725_1" "Acrocephalus_arundinaceus" 38 0.0476635323228 -0.02997538687251 0.0476635323228 0.02997538687251 "no_fam" "1_no_fam" 1 28.6 3 30 3.40119738166216 50.52528 50.52528
"2321" "9726_1" "Acrocephalus_palustris" 40 0.0463944171161333 0.0170208421619 0.0463944171161333 0.0170208421619 "no_fam" "1_no_fam" 1 27.9 3 11.5 2.4423470353692 50.52528 50.52528
"2322" "9727_1" "Acrocephalus_schoenobaenus" 40 0.0187765938045233 0.00691648695657333 0.0187765938045233 0.00691648695657333 "no_fam" "1_no_fam" 1 28.2 3 11.8 2.46809953147162 50.52528 50.52528
"2323" "9728_1" "Acrocephalus_scirpaceus" 40 0.01227013112897 -0.00704392539818667 0.01227013112897 0.00704392539818667 "no_fam" "1_no_fam" 1 25.8 3 12.3 2.50959926237837 50.52528 50.52528
"2324" "9729_1" "Actitis_hypoleucos" 40 0.0230130605129067 0.00702319044543333 0.0230130605129067 0.00702319044543333 "no_fam" "1_no_fam" 1 48 3 48 3.87120101090789 50.52528 50.52528
"2325" "9730_1" "Anas_platyrhynchos" 40 -0.03847065122209 -0.005428216255716 0.03847065122209 0.005428216255716 "no_fam" "1_no_fam" 1 50.7 2 843.4 6.73744134131246 50.52528 50.52528
"2326" "9731_1" "Anthus_campestris" 29 0.128749216928333 0.0195535365646 0.128749216928333 0.0195535365646 "no_fam" "1_no_fam" 1 28.5 3 23 3.13549421592915 50.52528 50.52528
"2327" "9732_1" "Anthus_pratensis" 40 0.02025731574952 0.0153789032907333 0.02025731574952 0.0153789032907333 "no_fam" "1_no_fam" 1 24.3 2 18.4 2.91235066461494 50.52528 50.52528
"2328" "9733_1" "Apus_apus" 40 -0.0403292554882467 0.0353173902458333 0.0403292554882467 0.0353173902458333 "no_fam" "1_no_fam" 1 71.6 3 37.6 3.62700405039585 50.52528 50.52528
"2329" "9734_1" "Ardea_cinerea" 40 0.0444057289428333 0.00869694661852333 0.0444057289428333 0.00869694661852333 NA "1_no_fam" 1 34.6 1 1443 7.27447955877387 50.52528 50.52528
"2330" "9735_1" "Calandrella_brachydactyla" 22 0.0730825758192333 -0.00708897739526667 0.0730825758192333 0.00708897739526667 "no_fam" "1_no_fam" 1 34.5 2 21.1 3.04927304048202 50.52528 50.52528
"2331" "9736_1" "Carpodacus_erythrinus" 40 -0.00965735479283333 -0.00591448439682 0.00965735479283333 0.00591448439682 NA "1_no_fam" 1 30.8 3 24 3.17805383034795 50.52528 50.52528
"2332" "9737_1" "Ciconia_ciconia" 40 0.0168857195710467 -0.0151927365204333 0.0168857195710467 0.0151927365204333 NA NA NA 45.9 3 3445.8 8.14491137709831 50.52528 50.52528
"2333" "9738_1" "Circus_aeruginosus" 40 -0.058960415009 -0.0284685199274 0.058960415009 0.0284685199274 "no_fam" "1_no_fam" 1 45.6 2 704.1 6.55692039152509 50.52528 50.52528
"2334" "9739_1" "Columba_oenas" 40 0.00244885045578767 -0.00161396370357667 0.00244885045578767 0.00161396370357667 NA "1_no_fam" 1 42.5 1 290.8 5.67263574565936 50.52528 50.52528
"2335" "9740_1" "Corvus_corax" 40 0.0336331157465333 0.0317508362284 0.0336331157465333 0.0317508362284 "family" "2_family" 2 39.8 2 928 6.8330317327862 50.52528 50.52528
"2336" "9741_1" "Corvus_frugilegus" 40 0.00277715395532 0.0114397210049667 0.00277715395532 0.0114397210049667 "no_fam" "1_no_fam" 1 41 1 452.1 6.11390339430056 50.52528 50.52528
"2337" "9742_1" "Cyanopica_cooki" 22 -0.0250322295081667 0.0158138833207667 0.0250322295081667 0.0158138833207667 "coop_families" "3_coop_families" 3 16.9 1 70.4 4.254193263164 50.52528 50.52528
"2338" "9743_1" "Delichon_urbicum" 40 0.0223819493612667 0.0210616431167333 0.0223819493612667 0.0210616431167333 NA "1_no_fam" 1 54.3 3 14.5 2.67414864942653 50.52528 50.52528
"2339" "9744_1" "Dendrocopos_syriacus" 21 0.0113571855733683 0.113000570005333 0.0113571855733683 0.113000570005333 NA NA NA 26.6 1 76.7 4.33990170837321 50.52528 50.52528
"2340" "9745_1" "Emberiza_cia" 22 -0.0637312135608 0.0226923697637 0.0637312135608 0.0226923697637 "no_fam" "1_no_fam" 1 19.6 2 23.4 3.15273602236366 50.52528 50.52528
"2341" "9746_1" "Emberiza_cirlus" 31 0.0399602269269933 0.0169714563655133 0.0399602269269933 0.0169714563655133 NA "1_no_fam" 1 20.2 2 25.6 3.24259235148552 50.52528 50.52528
"2342" "9747_1" "Emberiza_hortulana" 40 0.04899944254843 -0.0174859979718333 0.04899944254843 0.0174859979718333 "no_fam" "1_no_fam" 1 28.8 3 19.9 2.99071973173045 50.52528 50.52528
"2343" "9748_1" "Emberiza_melanocephala" 20 -0.0941923979866333 -0.0234792790765333 0.0941923979866333 0.0234792790765333 "no_fam" "1_no_fam" 1 29.6 3 28.3 3.34286180464919 50.52528 50.52528
"2344" "9749_1" "Emberiza_rustica" 40 -0.0808420140326667 -0.0349859891068867 0.0808420140326667 0.0349859891068867 "no_fam" "1_no_fam" 1 25.2 3 20.5 3.02042488614436 50.52528 50.52528
"2345" "9750_1" "Galerida_theklae" 22 0.0106875724626113 -0.0257862230095 0.0106875724626113 0.0257862230095 NA "1_no_fam" 1 23.3 1 38.2 3.64283551561253 50.52528 50.52528
"2346" "9751_1" "Gallinago_gallinago" 40 -0.00092955484847 -0.0432538873747433 0.00092955484847 0.0432538873747433 NA NA NA 44.3 3 112.9 4.72650247115562 50.52528 50.52528
"2347" "9752_1" "Hippolais_polyglotta" 31 0.0366630407538333 -0.0265298306456067 0.0366630407538333 0.0265298306456067 "no_fam" "1_no_fam" 1 21.2 3 11 2.39789527279837 50.52528 50.52528
"2348" "9753_1" "Ptyonoprogne_rupestris" 22 -0.1120051650114 0.0571565157592967 0.1120051650114 0.0571565157592967 NA "1_no_fam" 1 56 2 20.4 3.01553490085017 50.52528 50.52528
"2349" "9754_1" "Lanius_minor" 21 -0.2035707044459 0.05682894142284 0.2035707044459 0.05682894142284 "no_fam" "1_no_fam" 1 36 3 46.5 3.83945231259331 50.52528 50.52528
"2350" "9755_1" "Locustella_fluviatilis" 38 -0.0454247545731333 -0.0075023106514 0.0454247545731333 0.0075023106514 "no_fam" "1_no_fam" 1 29.2 3 16.1 2.77881927199042 50.52528 50.52528
"2351" "9756_1" "Locustella_naevia" 40 -0.0307487149505527 0.00620734965945257 0.0307487149505527 0.00620734965945257 "no_fam" "1_no_fam" 1 25.4 3 13.3 2.58776403522771 50.52528 50.52528
"2352" "9757_1" "Luscinia_luscinia" 40 0.068724258188 0.0169207252913167 0.068724258188 0.0169207252913167 NA NA NA 29.9 3 23.8 3.16968558067743 50.52528 50.52528
"2353" "9758_1" "Melanocorypha_calandra" 22 -0.0105474068815667 -0.0465289760738 0.0105474068815667 0.0465289760738 NA NA NA 37.2 2 61.6 4.12066187053947 50.52528 50.52528
"2354" "9759_1" "Merops_apiaster" 31 0.139820308177667 0.0357784980709667 0.139820308177667 0.0357784980709667 "coop_families" "3_coop_families" 3 45.5 3 56.6 4.03600898520914 50.52528 50.52528
"2355" "9760_1" "Motacilla_cinerea" 40 -0.00395617657775 0.049615170136 0.00395617657775 0.049615170136 "no_fam" "1_no_fam" 1 34.6 2 17.2 2.84490938381941 50.52528 50.52528
"2356" "9761_1" "Nucifraga_caryocatactes" 38 0.135975252683133 0.00855503044163333 0.135975252683133 0.00855503044163333 "no_fam" "1_no_fam" 1 24.4 2 182.5 5.20675017302255 50.52528 50.52528
"2357" "9762_1" "Oenanthe_hispanica" 22 0.0270759588703 -0.01085243692522 0.0270759588703 0.01085243692522 NA NA NA 25.7 3 15 2.70805020110221 50.52528 50.52528
"2358" "9763_1" "Oenanthe_oenanthe" 40 -0.0306300364662267 0.0081934157766 0.0306300364662267 0.0081934157766 "no_fam" "1_no_fam" 1 32.1 3 25.4 3.23474917402449 50.52528 50.52528
"2359" "9764_1" "Lophophanes_cristatus" 40 0.00245160353523333 -0.026208172746738 0.00245160353523333 0.026208172746738 "no_fam" "1_no_fam" 1 19.8 1 11 2.39789527279837 50.52528 50.52528
"2360" "9765_1" "Passer_domesticus" 40 -0.0281118140839833 0.00579086277783333 0.0281118140839833 0.00579086277783333 "no_fam" "1_no_fam" 1 27.3 1 26.5 3.27714473299218 50.52528 50.52528
"2361" "9766_1" "Perdix_perdix" 40 -0.0278921155185333 -0.00134175399768 0.0278921155185333 0.00134175399768 "family" "2_family" 2 33.8 1 405.3 6.00462753363426 50.52528 50.52528
"2362" "9767_1" "Petronia_petronia" 22 -0.03210819441649 0.00274888736542667 0.03210819441649 0.00274888736542667 NA "1_no_fam" 1 33.4 1 30.2 3.40784192438082 50.52528 50.52528
"2363" "9768_1" "Phoenicurus_ochruros" 38 0.0211356369780733 0.0126606070250633 0.0211356369780733 0.0126606070250633 "no_fam" "1_no_fam" 1 23.1 2 16.5 2.80336038090653 50.52528 50.52528
"2364" "9769_1" "Phylloscopus_bonelli" 31 0.0454743790995 -0.00498655825742 0.0454743790995 0.00498655825742 NA NA NA 23.1 3 8.7 2.16332302566054 50.52528 50.52528
"2365" "9770_1" "Pyrrhocorax_pyrrhocorax" 22 -0.0626303425462667 0.0402483589355067 0.0626303425462667 0.0402483589355067 "no_fam" "1_no_fam" 1 39 2 276.7 5.62293388679288 50.52528 50.52528
"2366" "9771_1" "Regulus_ignicapilla" 38 0.0361142501847333 0.0179643621111967 0.0361142501847333 0.0179643621111967 "no_fam" "1_no_fam" 1 22 3 5.6 1.7227665977411 50.52528 50.52528
"2367" "9772_1" "Saxicola_torquatus" 31 0.0301766348769667 0.0412091041426667 0.0301766348769667 0.0412091041426667 "no_fam" "1_no_fam" 1 18 2 14.1 2.64617479738412 50.52528 50.52528
"2368" "9773_1" "Serinus_serinus" 38 -0.02234837910282 0.00101269467711667 0.02234837910282 0.00101269467711667 NA "1_no_fam" 1 29.3 2 11.2 2.41591377830105 50.52528 50.52528
"2369" "9774_1" "Streptopelia_decaocto" 40 -0.0041692880947 0.00382626749330333 0.0041692880947 0.00382626749330333 "no_fam" "1_no_fam" 1 36.1 1 149 5.00394630594546 50.52528 50.52528
"2370" "9775_1" "Sturnus_unicolor" 22 -0.0127467827995333 0.0302881583594 0.0127467827995333 0.0302881583594 "no_fam" "1_no_fam" 1 35.9 1 83.7 4.42723897749543 50.52528 50.52528
"2371" "9776_1" "Curruca_cantillans" 30 0.0722838593001333 0.0615447447965 0.0722838593001333 0.0615447447965 "no_fam" "1_no_fam" 1 23 3 9.6 2.26176309847379 50.52528 50.52528
"2372" "9777_1" "Curruca_curruca" 40 -0.0674542032063333 -0.01277587198875 0.0674542032063333 0.01277587198875 "no_fam" "1_no_fam" 1 22 3 11.4 2.43361335540045 50.52528 50.52528
"2373" "9778_1" "Curruca_hortensis" 31 -0.0339684081681 0.00704819396287 0.0339684081681 0.00704819396287 NA NA NA 23.2 3 21.9 3.08648663682246 50.52528 50.52528
"2374" "9779_1" "Curruca_nisoria" 38 -0.0873565790348 0.0614266360375 0.0873565790348 0.0614266360375 "no_fam" "1_no_fam" 1 27.2 3 22.5 3.11351530921037 50.52528 50.52528
"2375" "9780_1" "Curruca_undata" 22 0.0231451962297333 0.0548578506932667 0.0231451962297333 0.0548578506932667 "no_fam" "1_no_fam" 1 14.1 1 10.8 2.37954613413017 50.52528 50.52528
"2376" "9781_1" "Tringa_totanus" 40 -0.0769742816666667 -0.0084862347989 0.0769742816666667 0.0084862347989 NA NA NA 47.2 3 129 4.85981240436167 50.52528 50.52528
"2377" "9782_1" "Turdus_iliacus" 40 0.0065149327156 -0.00238238558704667 0.0065149327156 0.00238238558704667 "no_fam" "1_no_fam" 1 32.3 3 61.2 4.11414718951828 50.52528 50.52528
"2378" "9783_1" "Turdus_pilaris" 40 0.00901927649805667 -0.00572810072665667 0.00901927649805667 0.00572810072665667 "no_fam" "1_no_fam" 1 33.3 3 106 4.66343909411207 50.52528 50.52528
"2379" "9801_1" "Somateria_mollissima" 29 -0.0320465795990333 -0.00244037640577333 0.0320465795990333 0.00244037640577333 "no_fam" "1_no_fam" 1 44.9 2 2060.9 7.63089805957746 64.0175 64.0175
"2380" "9889_2" "Struthio_camelus" 17 -0.319827091851667 0.00669157493541 0.319827091851667 0.00669157493541 "family" "2_family" 2 0.1 1 111000 11.6172854802945 0.22139 0.22139
"2381" "993_1" "Anas_acuta" 24 0.118177813484333 -0.00767533025531333 0.118177813484333 0.00767533025531333 "no_fam" "1_no_fam" 1 57.8 3 944.6 6.85076155746202 20 20
"2382" "997_1" "Mareca_americana" 24 0.331408912378 0.0162678963294667 0.331408912378 0.0162678963294667 "no_fam" "1_no_fam" 1 53.7 3 754.6 6.62618780753021 20 20
